barcode,tradeName,unitsPerPack,tier,why,batches,detail,lastStripCost,packetPrice
Aspirin 100mg,"Aspirin 100mg",1,أ — مؤكد,"أول دفعة 2026-04-02 = 1، و8 دفعة لاحقة كلها مضاعفات له",9,"2026-04-02:1@1207 | 2026-06-04:17@1207 | 2026-07-02:20@1207 | 2026-07-26:4@1207 | 2026-07-27:20@1207 | 2026-08-11:20@1207 | 2026-08-22:10@1205 | 2026-08-25:15@1207 | 2026-09-09:20@1207",1207,1207
8718692510135,"Omnic ocas 0.4mg tab",1,أ — مؤكد,"أول دفعة 2026-04-02 = 1، و5 دفعة لاحقة كلها مضاعفات له",6,"2026-04-02:1@6885 | 2026-07-16:3@6877 | 2026-07-31:3@6885 | 2026-08-02:3@6885 | 2026-08-15:6@6877 | 2026-09-02:6@6890",6890,6890
8902399003926,"Fluconazol 150mg cap",1,أ — مؤكد,"أول دفعة 2026-04-08 = 1، و5 دفعة لاحقة كلها مضاعفات له",6,"2026-04-08:1@768 | 2026-05-14:5@770 | 2026-07-12:10@768 | 2026-08-05:10@768 | 2026-08-09:10@768 | 2026-09-08:10@769",769,769
7640153082848,"Gasec_20",1,أ — مؤكد,"أول دفعة 2026-03-23 = 1، و4 دفعة لاحقة كلها مضاعفات له",5,"2026-03-23:1@6250 | 2026-06-25:2@6254 | 2026-08-09:2@6255 | 2026-09-02:1@6254 | 2026-09-09:2@6255",6255,6255
6211361023056,"laxamid 10mg sops supp",1,أ — مؤكد,"أول دفعة 2026-03-23 = 1، و4 دفعة لاحقة كلها مضاعفات له",5,"2026-03-23:1@1712 | 2026-05-29:4@1760 | 2026-06-25:1@1755 | 2026-07-02:6@1760 | 2026-08-23:20@1760",1760,1760
89023999875135,"Achee sinus tab",1,أ — مؤكد,"أول دفعة 2026-03-24 = 1، و4 دفعة لاحقة كلها مضاعفات له",5,"2026-03-24:1@923 | 2026-05-17:6@923 | 2026-07-21:28@659 | 2026-08-15:20@675 | 2026-08-24:12@950",950,950
8699527652223,"Ferlos oral vial",10,أ — مؤكد,"أول دفعة 2026-03-24 = 10، و4 دفعة لاحقة كلها مضاعفات له",5,"2026-03-24:10@625 | 2026-04-18:20@12500 | 2026-08-15:10@1250 | 2026-08-15:20@1250 | 2026-08-15:50@1250",1250,12500
5000158102316,"Strepsils cool ",1,أ — مؤكد,"أول دفعة 2026-03-25 = 1، و4 دفعة لاحقة كلها مضاعفات له",5,"2026-03-25:1@2414 | 2026-05-17:2@2414 | 2026-06-01:4@2414 | 2026-09-08:6@2414 | 2026-09-16:6@2414",2414,2414
5060565106215,"Revuele  vitamin C 15% serum",1,أ — مؤكد,"أول دفعة 2026-04-07 = 1، و4 دفعة لاحقة كلها مضاعفات له",5,"2026-04-07:1@8105 | 2026-05-19:1@9283 | 2026-08-15:1@8800 | 2026-08-22:1@9050 | 2026-08-22:1@8553",8553,8553
4048846022066,"Twynsta 80/5mg",2,أ — مؤكد,"أول دفعة 2026-04-14 = 2، و4 دفعة لاحقة كلها مضاعفات له",5,"2026-04-14:2@5635 | 2026-07-06:12@5635 | 2026-07-26:4@5635 | 2026-08-02:4@5635 | 2026-08-03:12@5631",5631,11263
5000456056151,"Crestor 10mg tab",1,أ — مؤكد,"أول دفعة 2026-04-23 = 1، و4 دفعة لاحقة كلها مضاعفات له",5,"2026-04-23:1@6136 | 2026-07-06:4@6136 | 2026-07-31:4@6136 | 2026-08-07:4@6136 | 2026-09-06:4@6136",6136,6136
6251875000655,"Piocine 10mg tab",1,أ — مؤكد,"أول دفعة 2026-03-23 = 1، و3 دفعة لاحقة كلها مضاعفات له",4,"2026-03-23:1@1240 | 2026-06-29:13@1148 | 2026-08-13:20@1389 | 2026-09-17:26@934",934,934
8901296111215,"Enhancin 1000mg tab",2,أ — مؤكد,"أول دفعة 2026-03-24 = 2، و3 دفعة لاحقة كلها مضاعفات له",4,"2026-03-24:2@3182 | 2026-07-16:28@2439 | 2026-07-25:10@0 | 2026-07-25:38@2150",2150,4300
6221051041086,"Congestal syr",1,أ — مؤكد,"أول دفعة 2026-03-26 = 1، و3 دفعة لاحقة كلها مضاعفات له",4,"2026-03-26:1@3072 | 2026-05-11:4@3072 | 2026-08-07:5@3072 | 2026-09-08:10@3072",3072,3072
Glucovance 500\2.5,"Glucovance 500\2.5",1,أ — مؤكد,"أول دفعة 2026-03-26 = 1، و3 دفعة لاحقة كلها مضاعفات له",4,"2026-03-26:1@4200 | 2026-06-16:4@3342 | 2026-07-19:4@4195 | 2026-08-23:8@3345",3345,3345
8699569010043,"Inaprol fort 500mg tab",1,أ — مؤكد,"أول دفعة 2026-03-27 = 1، و3 دفعة لاحقة كلها مضاعفات له",4,"2026-03-27:1@2650 | 2026-05-11:2@2650 | 2026-07-26:6@2633 | 2026-08-16:8@2633",2633,2633
8680199023060,"Medexol eye drop",1,أ — مؤكد,"أول دفعة 2026-03-28 = 1، و3 دفعة لاحقة كلها مضاعفات له",4,"2026-03-28:1@4319 | 2026-08-04:1@4370 | 2026-08-04:1@4750 | 2026-08-07:2@4750",4750,4750
6251151000317,"Gentadex eye drop",1,أ — مؤكد,"أول دفعة 2026-03-28 = 1، و3 دفعة لاحقة كلها مضاعفات له",4,"2026-03-28:1@3292 | 2026-07-07:2@3292 | 2026-08-02:4@3292 | 2026-09-09:3@3291",3291,3291
8699514093367,"Lifta 5mg tab",2,أ — مؤكد,"أول دفعة 2026-03-29 = 2، و3 دفعة لاحقة كلها مضاعفات له",4,"2026-03-29:2@12272 | 2026-08-09:2@13294 | 2026-08-09:2@13294 | 2026-09-09:2@13294",13294,26588
5055565789261,"Amlodipine 5mg tab",1,أ — مؤكد,"أول دفعة 2026-03-29 = 1، و3 دفعة لاحقة كلها مضاعفات له",4,"2026-03-29:1@2853 | 2026-03-29:5@2875 | 2026-08-10:6@2853 | 2026-09-02:10@2853",2853,2853
6251159032365,"Lowvasc 2.5mg",2,أ — مؤكد,"أول دفعة 2026-03-29 = 2، و3 دفعة لاحقة كلها مضاعفات له",4,"2026-03-29:2@2085 | 2026-04-03:2@2500 | 2026-08-02:4@2085 | 2026-08-30:8@2085",2085,4170
8697420513429,"Neuro Fuel ",5,أ — مؤكد,"أول دفعة 2026-03-30 = 5، و3 دفعة لاحقة كلها مضاعفات له",4,"2026-03-30:5@7980 | 2026-05-10:5@7342 | 2026-05-10:5@7500 | 2026-07-13:10@7980",7980,39900
5391519923993,"Zanidip 20mg tab",1,أ — مؤكد,"أول دفعة 2026-04-03 = 1، و3 دفعة لاحقة كلها مضاعفات له",4,"2026-04-03:1@11500 | 2026-04-30:1@11500 | 2026-08-05:2@10942 | 2026-09-13:2@10942",10942,10942
8901302098325,"Avas 10mg tab",3,أ — مؤكد,"أول دفعة 2026-04-03 = 3، و3 دفعة لاحقة كلها مضاعفات له",4,"2026-04-03:3@1097 | 2026-07-29:9@1097 | 2026-09-02:6@1097 | 2026-09-17:6@1097",1097,3292
8852961013245,"Play Boy condom ",1,أ — مؤكد,"أول دفعة 2026-04-06 = 1، و3 دفعة لاحقة كلها مضاعفات له",4,"2026-04-06:1@3725 | 2026-05-09:1@3599 | 2026-08-12:2@3850 | 2026-08-12:2@3778",3778,3778
5060464501302,"Fluconazole 150mg",2,أ — مؤكد,"أول دفعة 2026-04-09 = 2، و3 دفعة لاحقة كلها مضاعفات له",4,"2026-04-09:2@1750 | 2026-05-12:2@1728 | 2026-07-26:10@1760 | 2026-09-08:10@1750",1750,3500
Olopat drop,"Olopat drop",1,أ — مؤكد,"أول دفعة 2026-04-19 = 1، و3 دفعة لاحقة كلها مضاعفات له",4,"2026-04-19:1@4830 | 2026-05-10:1@4830 | 2026-07-25:1@4827 | 2026-09-05:2@4828",4828,4828
6251107425034,"Angiosar -Plus 160mg/10mg/12.5mg tab daraldawa",3,أ — مؤكد,"أول دفعة 2026-04-22 = 3، و3 دفعة لاحقة كلها مضاعفات له",4,"2026-04-22:3@5045 | 2026-07-25:6@4772 | 2026-08-12:6@5045 | 2026-09-02:6@4772",4772,14316
6221032118844,"Doxydox tab",1,أ — مؤكد,"أول دفعة 2026-04-25 = 1، و3 دفعة لاحقة كلها مضاعفات له",4,"2026-04-25:1@1485 | 2026-07-15:3@1435 | 2026-08-30:5@1931 | 2026-08-31:10@1931",1931,1931
6251875001799,"Prednicort 100ml syr",1,أ — مؤكد,"أول دفعة 2026-04-25 = 1، و3 دفعة لاحقة كلها مضاعفات له",4,"2026-04-25:1@1995 | 2026-05-16:3@2170 | 2026-07-05:5@2025 | 2026-07-05:5@2025",2025,2025
6291100082711,"medo 30g oint",1,أ — مؤكد,"أول دفعة 2026-04-27 = 1، و3 دفعة لاحقة كلها مضاعفات له",4,"2026-04-27:1@9210 | 2026-06-16:3@9119 | 2026-08-09:3@9216 | 2026-09-08:5@9210",9210,9210
4260747723198,"Atacand 16/12.5mg tab",1,أ — مؤكد,"أول دفعة 2026-04-30 = 1، و3 دفعة لاحقة كلها مضاعفات له",4,"2026-04-30:1@6650 | 2026-05-29:2@6650 | 2026-07-28:1@6647 | 2026-08-13:4@6647",6647,6647
Ozempic 1mg,"Ozempic 1mg",1,أ — مؤكد,"4 دفعات بنفس الكمية = 1، و4 دفعة لاحقة كلها مضاعفات له",4,"2026-05-03:1@147140 | 2026-05-11:1@147140 | 2026-08-12:1@147136 | 2026-09-09:1@147136",147136,147136
5055565788820,"Spironolactone 25mg accord",2,أ — مؤكد,"4 دفعات بنفس الكمية = 2، و4 دفعة لاحقة كلها مضاعفات له",4,"2026-05-18:2@2960 | 2026-05-23:2@2960 | 2026-07-16:2@2963 | 2026-08-31:2@2963",2963,5925
677683070363,"Pms-risdronate",1,أ — مؤكد,"4 دفعات بنفس الكمية = 1، و4 دفعة لاحقة كلها مضاعفات له",4,"2026-06-10:1@14150 | 2026-07-21:1@14111 | 2026-08-01:1@14111 | 2026-09-08:1@14111",14111,14111
4019338607757,"Uralyt-U 280g powder",1,أ — مؤكد,"4 دفعات بنفس الكمية = 1، و4 دفعة لاحقة كلها مضاعفات له",4,"2026-06-19:1@20450 | 2026-08-31:1@20452 | 2026-09-05:1@20453 | 2026-09-13:1@20452",20452,20452
8002660030078,"Betasec 8mg tab",1,أ — مؤكد,"أول دفعة 2026-03-22 = 1، و2 دفعة لاحقة كلها مضاعفات له",3,"2026-03-22:1@6135 | 2026-06-08:1@4602 | 2026-07-10:4@4602",4602,4602
5391189200493,"Coveram 5/5mg",1,أ — مؤكد,"أول دفعة 2026-03-22 = 1، و2 دفعة لاحقة كلها مضاعفات له",3,"2026-03-22:1@11453 | 2026-08-30:1@11450 | 2026-08-30:2@11450",11450,11450
4260095681454,"Dilatrend 25mg ",3,أ — مؤكد,"أول دفعة 2026-03-22 = 3، و2 دفعة لاحقة كلها مضاعفات له",3,"2026-03-22:3@6713 | 2026-08-13:3@6713 | 2026-08-13:3@6757",6757,20271
3582910079040,"Amaryl 1mg tab sanofi",1,أ — مؤكد,"أول دفعة 2026-03-22 = 1، و2 دفعة لاحقة كلها مضاعفات له",3,"2026-03-22:1@6144 | 2026-04-02:1@6144 | 2026-09-02:1@6144",6144,6144
5391189310031,"Triplixam 5mg/1.25/5mg tab",1,أ — مؤكد,"أول دفعة 2026-03-23 = 1، و2 دفعة لاحقة كلها مضاعفات له",3,"2026-03-23:1@16668 | 2026-07-26:2@16668 | 2026-08-06:2@16668",16668,16668
Methycobal 500mcg,"Methycobal 500mcg",1,أ — مؤكد,"أول دفعة 2026-03-23 = 1، و2 دفعة لاحقة كلها مضاعفات له",3,"2026-03-23:1@3533 | 2026-08-31:6@3533 | 2026-09-09:15@3533",3533,3533
9323610009029,"Piax75mg",2,أ — مؤكد,"أول دفعة 2026-03-23 = 2، و2 دفعة لاحقة كلها مضاعفات له",3,"2026-03-23:2@5645 | 2026-07-04:4@5645 | 2026-08-27:4@5645",5645,11290
7640153080653,"Olfen 50mg SR tab",1,أ — مؤكد,"أول دفعة 2026-03-23 = 1، و2 دفعة لاحقة كلها مضاعفات له",3,"2026-03-23:1@2195 | 2026-07-11:5@2195 | 2026-08-02:8@2200",2200,2200
8901138150891,"Pilex Oint",1,أ — مؤكد,"أول دفعة 2026-03-23 = 1، و2 دفعة لاحقة كلها مضاعفات له",3,"2026-03-23:1@4937 | 2026-05-18:2@4937 | 2026-08-01:3@4938",4938,4938
6217235010108,"kANAGESIC",1,أ — مؤكد,"أول دفعة 2026-03-23 = 1، و2 دفعة لاحقة كلها مضاعفات له",3,"2026-03-23:1@776 | 2026-06-18:5@803 | 2026-08-13:8@798",798,798
8682549146832,"Yenizinc tab",1,أ — مؤكد,"أول دفعة 2026-03-23 = 1، و2 دفعة لاحقة كلها مضاعفات له",3,"2026-03-23:1@6420 | 2026-08-23:5@6208 | 2026-09-10:10@7800",7800,7800
Samadol advance,"Samadol advance",2,أ — مؤكد,"أول دفعة 2026-03-23 = 2، و2 دفعة لاحقة كلها مضاعفات له",3,"2026-03-23:2@460 | 2026-08-04:6@545 | 2026-09-05:8@561",561,1122
6251875001300,"Piodol ORANGR TAB",2,أ — مؤكد,"أول دفعة 2026-03-23 = 2، و2 دفعة لاحقة كلها مضاعفات له",3,"2026-03-23:2@1063 | 2026-07-14:8@979 | 2026-09-16:10@979",979,1957
8901111085721,"Diazac 5\1000mg tab",1,أ — مؤكد,"أول دفعة 2026-03-23 = 1، و2 دفعة لاحقة كلها مضاعفات له",3,"2026-03-23:1@7154 | 2026-05-31:3@7510 | 2026-06-25:6@7611",7611,7611
8901111076866,"Sitapril M 50/1000mg tab",3,أ — مؤكد,"أول دفعة 2026-03-23 = 3، و2 دفعة لاحقة كلها مضاعفات له",3,"2026-03-23:3@3017 | 2026-07-12:12@2160 | 2026-07-26:12@2160",2160,6480
6221032112033,"Epilat Retard 20mg tab",2,أ — مؤكد,"أول دفعة 2026-03-24 = 2، و2 دفعة لاحقة كلها مضاعفات له",3,"2026-03-24:2@714 | 2026-06-14:4@720 | 2026-08-13:4@715",715,1430
8901302097557,"Supixime syr",1,أ — مؤكد,"أول دفعة 2026-03-24 = 1، و2 دفعة لاحقة كلها مضاعفات له",3,"2026-03-24:1@3511 | 2026-07-26:10@2700 | 2026-07-29:13@2700",2700,2700
3664798030648,"Zympass 10\10",1,أ — مؤكد,"أول دفعة 2026-03-24 = 1، و2 دفعة لاحقة كلها مضاعفات له",3,"2026-03-24:1@9944 | 2026-04-25:1@9950 | 2026-08-18:2@9950",9950,9950
8901111081228,"Sacuzac 100mg tab",3,أ — مؤكد,"أول دفعة 2026-03-24 = 3، و2 دفعة لاحقة كلها مضاعفات له",3,"2026-03-24:3@9162 | 2026-09-02:3@9162 | 2026-09-05:3@9163",9163,27488
4031571063008,"carvedi-denk 6.25 mg ",1,أ — مؤكد,"أول دفعة 2026-03-25 = 1، و2 دفعة لاحقة كلها مضاعفات له",3,"2026-03-25:1@2121 | 2026-07-23:3@2121 | 2026-07-24:3@2121",2121,2121
4031571075353,"Denk-Air 10mg",1,أ — مؤكد,"أول دفعة 2026-03-25 = 1، و2 دفعة لاحقة كلها مضاعفات له",3,"2026-03-25:1@7158 | 2026-08-09:2@7158 | 2026-09-05:4@7158",7158,7158
5017007601333,"Sudocrem 60g",1,أ — مؤكد,"أول دفعة 2026-03-26 = 1، و2 دفعة لاحقة كلها مضاعفات له",3,"2026-03-26:1@2200 | 2026-07-19:5@5010 | 2026-09-06:5@5080",5080,5080
6251161020183,"Ibuphil syr",1,أ — مؤكد,"أول دفعة 2026-03-26 = 1، و2 دفعة لاحقة كلها مضاعفات له",3,"2026-03-26:1@2195 | 2026-07-19:5@2200 | 2026-09-06:1@2195",2195,2195
Lyrica 75 mg,"Lyrica 75 mg",1,أ — مؤكد,"أول دفعة 2026-03-26 = 1، و2 دفعة لاحقة كلها مضاعفات له",3,"2026-03-26:1@14228 | 2026-08-23:2@14316 | 2026-09-13:1@14228",14228,14228
6251106160486,"Refit 120mg cap",1,أ — مؤكد,"أول دفعة 2026-03-27 = 1، و2 دفعة لاحقة كلها مضاعفات له",3,"2026-03-27:1@7056 | 2026-05-29:4@7055 | 2026-07-22:8@7056",7056,7056
Septrin tab,"Septrin tab",1,أ — مؤكد,"أول دفعة 2026-03-27 = 1، و2 دفعة لاحقة كلها مضاعفات له",3,"2026-03-27:1@3863 | 2026-07-29:2@3863 | 2026-08-19:2@3865",3865,3865
6291100081394,"adol 100mg drop julphar",1,أ — مؤكد,"أول دفعة 2026-03-27 = 1، و2 دفعة لاحقة كلها مضاعفات له",3,"2026-03-27:1@1646 | 2026-07-14:2@1689 | 2026-07-26:10@1646",1646,1646
8435080005669,"Acuaiss 15ml eye drop disop",1,أ — مؤكد,"أول دفعة 2026-03-28 = 1، و2 دفعة لاحقة كلها مضاعفات له",3,"2026-03-28:1@14837 | 2026-09-14:1@14837 | 2026-09-16:1@14840",14840,14840
Ronic eye drop,"Ronic eye drop",1,أ — مؤكد,"أول دفعة 2026-03-28 = 1، و2 دفعة لاحقة كلها مضاعفات له",3,"2026-03-28:1@5290 | 2026-07-25:1@5486 | 2026-08-19:1@5486",5486,5486
8964003535155,"Empiget 25mg tab",2,أ — مؤكد,"أول دفعة 2026-03-28 = 2، و2 دفعة لاحقة كلها مضاعفات له",3,"2026-03-28:2@7217 | 2026-04-27:4@7400 | 2026-08-22:8@7558",7558,15115
6223005180520,"Lidocaine solution",1,أ — مؤكد,"أول دفعة 2026-03-28 = 1، و2 دفعة لاحقة كلها مضاعفات له",3,"2026-03-28:1@2195 | 2026-07-08:4@3350 | 2026-08-07:3@2194",2194,2194
5055565789278,"Amlodipine 10mg tab",2,أ — مؤكد,"أول دفعة 2026-03-29 = 2، و2 دفعة لاحقة كلها مضاعفات له",3,"2026-03-29:2@2853 | 2026-03-29:2@2750 | 2026-03-29:4@2950",2950,5900
6251106804977,"revma 20mg",4,أ — مؤكد,"أول دفعة 2026-03-29 = 4، و2 دفعة لاحقة كلها مضاعفات له",3,"2026-03-29:4@9655 | 2026-08-13:4@9655 | 2026-09-05:4@9655",9655,38618
5206892100117,"Sinomarin  Adult",1,أ — مؤكد,"أول دفعة 2026-03-29 = 1، و2 دفعة لاحقة كلها مضاعفات له",3,"2026-03-29:1@10199 | 2026-07-08:2@10210 | 2026-07-29:2@9936",9936,9936
869098000305,"Centraid Energy+ ",2,أ — مؤكد,"أول دفعة 2026-03-29 = 2، و2 دفعة لاحقة كلها مضاعفات له",3,"2026-03-29:2@5400 | 2026-07-14:10@5486 | 2026-09-16:10@5490",5490,10980
6251106803437,"Sefarin 300mg cap",1,أ — مؤكد,"أول دفعة 2026-03-29 = 1، و2 دفعة لاحقة كلها مضاعفات له",3,"2026-03-29:1@10635 | 2026-08-26:1@10635 | 2026-08-26:1@10635",10635,10635
9319871000639,"White glo coffe &tea",1,أ — مؤكد,"أول دفعة 2026-03-29 = 1، و2 دفعة لاحقة كلها مضاعفات له",3,"2026-03-29:1@4500 | 2026-04-06:1@5210 | 2026-07-14:1@5216",5216,5216
6251158710103,"Osteo-Alfa 1.0mcg cap",3,أ — مؤكد,"أول دفعة 2026-03-30 = 3، و2 دفعة لاحقة كلها مضاعفات له",3,"2026-03-30:3@4091 | 2026-07-09:3@4091 | 2026-08-13:6@4093",4093,12280
141119900574,"Vitami C500 tab",1,أ — مؤكد,"أول دفعة 2026-03-30 = 1، و2 دفعة لاحقة كلها مضاعفات له",3,"2026-03-30:1@985 | 2026-05-16:2@990 | 2026-07-25:20@985",985,985
6192402827140,"tallis 250mg tab",2,أ — مؤكد,"أول دفعة 2026-03-30 = 2، و2 دفعة لاحقة كلها مضاعفات له",3,"2026-03-30:2@3409 | 2026-07-29:6@3409 | 2026-09-12:6@3409",3409,6817
8680923353081,"dr.Clinic sun creem 50+Max oil",1,أ — مؤكد,"أول دفعة 2026-03-31 = 1، و2 دفعة لاحقة كلها مضاعفات له",3,"2026-03-31:1@9060 | 2026-05-21:1@9100 | 2026-08-31:1@9600",9600,9600
8710908710773,"Simple micellar gel wash ",2,أ — مؤكد,"أول دفعة 2026-03-31 = 2، و2 دفعة لاحقة كلها مضاعفات له",3,"2026-03-31:2@4370 | 2026-06-20:2@4930 | 2026-09-02:2@4015",4015,8030
5054563093592,"Driclor 20ml",1,أ — مؤكد,"أول دفعة 2026-03-31 = 1، و2 دفعة لاحقة كلها مضاعفات له",3,"2026-03-31:1@15680 | 2026-06-13:1@16500 | 2026-09-03:1@16655",16655,16655
6263331112475,"Kapoot lubricant",1,أ — مؤكد,"أول دفعة 2026-04-01 = 1، و2 دفعة لاحقة كلها مضاعفات له",3,"2026-04-01:1@3210 | 2026-08-03:1@3256 | 2026-08-30:1@2970",2970,2970
Progeva 200mg,"Progeva 200mg",1,أ — مؤكد,"أول دفعة 2026-04-02 = 1، و2 دفعة لاحقة كلها مضاعفات له",3,"2026-04-02:1@16362 | 2026-08-06:1@16361 | 2026-08-07:2@16362",16362,16362
6221051011317,"congestal tab",1,أ — مؤكد,"أول دفعة 2026-04-05 = 1، و2 دفعة لاحقة كلها مضاعفات له",3,"2026-04-05:1@1500 | 2026-06-08:6@1500 | 2026-08-23:20@1700",1700,1700
8698712455496,"Acne off soap",1,أ — مؤكد,"أول دفعة 2026-04-06 = 1، و2 دفعة لاحقة كلها مضاعفات له",3,"2026-04-06:1@5770 | 2026-08-15:2@5395 | 2026-08-15:2@5300",5300,5300
9314839002618,"QV skin lotion 250ml",1,أ — مؤكد,"أول دفعة 2026-04-06 = 1، و2 دفعة لاحقة كلها مضاعفات له",3,"2026-04-06:1@15770 | 2026-07-15:1@16945 | 2026-08-04:1@17712",17712,17712
6285095004629,"Avogain 5% solution",1,أ — مؤكد,"أول دفعة 2026-04-07 = 1، و2 دفعة لاحقة كلها مضاعفات له",3,"2026-04-07:1@8625 | 2026-08-05:2@8423 | 2026-08-31:1@8400",8400,8400
3337872411991,"Laroche-posay 400ml",1,أ — مؤكد,"أول دفعة 2026-04-07 = 1، و2 دفعة لاحقة كلها مضاعفات له",3,"2026-04-07:1@14850 | 2026-08-31:1@15400 | 2026-09-03:1@22500",22500,22500
8433042020545,"Nucleo cmp amp",3,أ — مؤكد,"أول دفعة 2026-04-08 = 3، و2 دفعة لاحقة كلها مضاعفات له",3,"2026-04-08:3@5454 | 2026-08-05:3@5454 | 2026-08-11:3@5454",5454,16362
5060806461110,"Derma-Life",2,أ — مؤكد,"أول دفعة 2026-04-08 = 2، و2 دفعة لاحقة كلها مضاعفات له",3,"2026-04-08:2@13625 | 2026-08-06:4@13499 | 2026-08-25:2@13625",13625,27250
6221035009439,"Spasmorest 10mg tab",1,أ — مؤكد,"أول دفعة 2026-04-09 = 1، و2 دفعة لاحقة كلها مضاعفات له",3,"2026-04-09:1@710 | 2026-05-31:3@735 | 2026-08-23:10@660",660,660
604776737964,"Omega-3 AMS",1,أ — مؤكد,"أول دفعة 2026-04-12 = 1، و2 دفعة لاحقة كلها مضاعفات له",3,"2026-04-12:1@26320 | 2026-07-19:1@26320 | 2026-08-15:2@26325",26325,26325
7640153087416,"Bactiflox Neo 750mg ",1,أ — مؤكد,"أول دفعة 2026-04-12 = 1، و2 دفعة لاحقة كلها مضاعفات له",3,"2026-04-12:1@13294 | 2026-05-12:1@13294 | 2026-06-02:3@13294",13294,13294
Zyloric 100mg,"Zyloric 100mg",4,أ — مؤكد,"أول دفعة 2026-04-13 = 4، و2 دفعة لاحقة كلها مضاعفات له",3,"2026-04-13:4@2600 | 2026-07-12:8@2597 | 2026-09-08:12@2597",2597,10389
6223003975333,"colona tab",2,أ — مؤكد,"أول دفعة 2026-04-14 = 2، و2 دفعة لاحقة كلها مضاعفات له",3,"2026-04-14:2@1750 | 2026-06-24:6@1625 | 2026-08-26:10@1500",1500,3000
7702018334919,"ماكينه حلاقة Venus",1,أ — مؤكد,"أول دفعة 2026-04-18 = 1، و2 دفعة لاحقة كلها مضاعفات له",3,"2026-04-18:1@7560 | 2026-08-18:2@7160 | 2026-09-09:3@7160",7160,7160
5055565789094,"Propranolol 40mg",1,أ — مؤكد,"أول دفعة 2026-04-18 = 1، و2 دفعة لاحقة كلها مضاعفات له",3,"2026-04-18:1@1975 | 2026-06-18:1@1975 | 2026-07-14:4@1975",1975,1975
6251106400698,"cefodox 200mg 10tab pharma international",1,أ — مؤكد,"أول دفعة 2026-04-19 = 1، و2 دفعة لاحقة كلها مضاعفات له",3,"2026-04-19:1@9870 | 2026-08-17:1@9895 | 2026-08-17:2@9875",9875,9875
8906056851875,"Triumph amp",1,أ — مؤكد,"أول دفعة 2026-04-19 = 1، و2 دفعة لاحقة كلها مضاعفات له",3,"2026-04-19:1@5099 | 2026-08-07:1@5005 | 2026-09-06:4@4729",4729,4729
Vermox 100mg tab,"Vermox 100mg tab",1,أ — مؤكد,"أول دفعة 2026-04-23 = 1، و2 دفعة لاحقة كلها مضاعفات له",3,"2026-04-23:1@3135 | 2026-04-23:1@3135 | 2026-08-15:2@3182",3182,3182
9008732007909,"Doxycycline G.L 100mg",1,أ — مؤكد,"أول دفعة 2026-04-25 = 1، و2 دفعة لاحقة كلها مضاعفات له",3,"2026-04-25:1@5247 | 2026-07-12:3@5267 | 2026-09-02:5@5266",5266,5266
8699569280057,"klamoks 312.5mg syrp",1,أ — مؤكد,"أول دفعة 2026-04-25 = 1، و2 دفعة لاحقة كلها مضاعفات له",3,"2026-04-25:1@4938 | 2026-08-04:2@4937 | 2026-09-14:2@4940",4940,4940
4010439201400,"Lacalut sensitive",1,أ — مؤكد,"أول دفعة 2026-04-27 = 1، و2 دفعة لاحقة كلها مضاعفات له",3,"2026-04-27:1@6950 | 2026-06-04:1@6579 | 2026-08-01:2@6586",6586,6586
6253810390616,"Mero cream",1,أ — مؤكد,"أول دفعة 2026-04-27 = 1، و2 دفعة لاحقة كلها مضاعفات له",3,"2026-04-27:1@6150 | 2026-06-16:1@5923 | 2026-09-08:4@6305",6305,6305
100852300027,"hyporic 100 tab",3,أ — مؤكد,"أول دفعة 2026-04-30 = 3، و2 دفعة لاحقة كلها مضاعفات له",3,"2026-04-30:3@513 | 2026-04-30:3@513 | 2026-09-16:15@530",530,1590
8901117086197,"foracort inhaler",2,أ — مؤكد,"3 دفعات بنفس الكمية = 2، و3 دفعة لاحقة كلها مضاعفات له",3,"2026-06-07:2@14316 | 2026-08-02:2@14410 | 2026-09-14:2@14340",14340,28680
RENNIE,"RENNIE",40,أ — مؤكد,"3 دفعات بنفس الكمية = 40، و3 دفعة لاحقة كلها مضاعفات له",3,"2026-06-25:40@667 | 2026-08-12:40@666 | 2026-09-09:40@666",666,26650
3582910077077,"Xatral XL10mg",2,أ — مؤكد,"3 دفعات بنفس الكمية = 2، و3 دفعة لاحقة كلها مضاعفات له",3,"2026-07-12:2@18110 | 2026-08-03:2@18110 | 2026-09-17:2@15000",15000,30000
4031571077845,"Axaban-Denk 5mg",3,أ — مؤكد,"3 دفعات بنفس الكمية = 3، و3 دفعة لاحقة كلها مضاعفات له",3,"2026-07-21:3@17719 | 2026-08-09:3@17719 | 2026-09-05:3@17719",17719,53156
d742d6f11fdb14dd1201595666e9e6f3944f8642586869deb5a8188dd4be0ea2430981f9aa60a676,"nasonex spray ",1,أ — مؤكد,"3 دفعات بنفس الكمية = 1، و3 دفعة لاحقة كلها مضاعفات له",3,"2026-07-24:1@10975 | 2026-07-27:1@10973 | 2026-09-05:1@10980",10980,10980
063935016010,"Arthri Flex cream",2,أ — مؤكد,"3 دفعات بنفس الكمية = 2، و3 دفعة لاحقة كلها مضاعفات له",3,"2026-07-31:2@10649 | 2026-07-31:2@10426 | 2026-07-31:2@10430",10430,20860
300651437416,"Systane Hydration eye drop",6,أ — مؤكد,"3 دفعات بنفس الكمية = 6، و3 دفعة لاحقة كلها مضاعفات له",3,"2026-08-09:6@3277 | 2026-08-09:6@3248 | 2026-09-09:6@3160",3160,18960
Ketro amp,"Ketro amp",20,أ — مؤكد,"3 دفعات بنفس الكمية = 20، و3 دفعة لاحقة كلها مضاعفات له",3,"2026-08-22:20@1534 | 2026-08-22:20@1534 | 2026-09-10:20@1534",1534,30678
6291100080472,"Ginsavit 24cap. julphar",2,أ — مؤكد,"3 دفعات بنفس الكمية = 2، و3 دفعة لاحقة كلها مضاعفات له",3,"2026-08-31:2@4280 | 2026-09-03:2@4280 | 2026-09-13:2@4280",4280,8560
8710103868286,"رضاعه ايفينت 125ml",1,أ — مؤكد,"2 دفعات بنفس الكمية = 1، و2 دفعة لاحقة كلها مضاعفات له",2,"2026-05-10:1@8850 | 2026-07-25:1@8850",8850,8850
6224000588465,"VASOTRENT",4,أ — مؤكد,"2 دفعات بنفس الكمية = 4، و2 دفعة لاحقة كلها مضاعفات له",2,"2026-05-10:4@4885 | 2026-05-15:4@4875",4875,19500
6225000198463,"Jedcosinus",2,أ — مؤكد,"2 دفعات بنفس الكمية = 2، و2 دفعة لاحقة كلها مضاعفات له",2,"2026-05-11:2@4500 | 2026-09-14:2@5445",5445,10890
3800023402266,"AQUARELLE شامبو اطفال ",5,أ — مؤكد,"2 دفعات بنفس الكمية = 5، و2 دفعة لاحقة كلها مضاعفات له",2,"2026-05-14:5@2259 | 2026-08-25:5@2259",2259,11295
7640153080851,"Zamur 250mg tab",1,أ — مؤكد,"2 دفعات بنفس الكمية = 1، و2 دفعة لاحقة كلها مضاعفات له",2,"2026-05-17:1@6370 | 2026-06-16:1@6473",6473,6473
8901571011032,"eno eff ",1,أ — مؤكد,"2 دفعات بنفس الكمية = 1، و2 دفعة لاحقة كلها مضاعفات له",2,"2026-05-21:1@4200 | 2026-07-02:1@4160",4160,4160
8683229604901,"Sinus A",1,أ — مؤكد,"2 دفعات بنفس الكمية = 1، و2 دفعة لاحقة كلها مضاعفات له",2,"2026-05-23:1@6240 | 2026-06-27:1@6240",6240,6240
8901111051320,"Lastavin 160mg tab",3,أ — مؤكد,"2 دفعات بنفس الكمية = 3، و2 دفعة لاحقة كلها مضاعفات له",2,"2026-05-25:3@1829 | 2026-08-31:3@1828",1828,5485
3701129800850,"bioderma",1,أ — مؤكد,"2 دفعات بنفس الكمية = 1، و2 دفعة لاحقة كلها مضاعفات له",2,"2026-05-27:1@8396 | 2026-07-12:1@8396",8396,8396
8906176620467,"novavir cream",5,أ — مؤكد,"2 دفعات بنفس الكمية = 5، و2 دفعة لاحقة كلها مضاعفات له",2,"2026-05-29:5@1640 | 2026-05-30:5@1640",1640,8200
5000456027663,"Forxiga 10mg tab",2,أ — مؤكد,"2 دفعات بنفس الكمية = 2، و2 دفعة لاحقة كلها مضاعفات له",2,"2026-05-29:2@26580 | 2026-08-13:2@26578",26578,53156
3800501091012,"urisol 6sachet 4g lemon",1,أ — مؤكد,"2 دفعات بنفس الكمية = 1، و2 دفعة لاحقة كلها مضاعفات له",2,"2026-05-30:1@1757 | 2026-07-02:1@1757",1757,1757
6291100086894,"Mebo scar 30g oint",1,أ — مؤكد,"2 دفعات بنفس الكمية = 1، و2 دفعة لاحقة كلها مضاعفات له",2,"2026-05-30:1@18900 | 2026-07-09:1@18900",18900,18900
8901111085691,"Diazac 10mg tab",6,أ — مؤكد,"2 دفعات بنفس الكمية = 6، و2 دفعة لاحقة كلها مضاعفات له",2,"2026-06-01:6@8550 | 2026-08-03:6@8800",8800,52800
8789635145363,"playboy Extra safe",2,أ — مؤكد,"2 دفعات بنفس الكمية = 2، و2 دفعة لاحقة كلها مضاعفات له",2,"2026-06-04:2@3850 | 2026-08-12:2@3889",3889,7778
6251161010276,"Vocort cream",2,أ — مؤكد,"2 دفعات بنفس الكمية = 2، و2 دفعة لاحقة كلها مضاعفات له",2,"2026-06-04:2@4828 | 2026-07-22:2@4828",4828,9656
5000456065290,"Kombiglyze XR 5/1000mg",4,أ — مؤكد,"2 دفعات بنفس الكمية = 4، و2 دفعة لاحقة كلها مضاعفات له",2,"2026-06-04:4@9653 | 2026-06-10:4@9682",9682,38727
8906161742716,"Cochirux tap",3,أ — مؤكد,"2 دفعات بنفس الكمية = 3، و2 دفعة لاحقة كلها مضاعفات له",2,"2026-06-04:3@2764 | 2026-06-17:3@2850",2850,8550
Estrofem 2mg,"Estrofem 2mg",1,أ — مؤكد,"2 دفعات بنفس الكمية = 1، و2 دفعة لاحقة كلها مضاعفات له",2,"2026-06-04:1@10973 | 2026-07-06:1@10973",10973,10973
Aylide 4mg tab,"Aylide 4mg tab",2,أ — مؤكد,"2 دفعات بنفس الكمية = 2، و2 دفعة لاحقة كلها مضاعفات له",2,"2026-06-10:2@3750 | 2026-08-15:2@3735",3735,7470
8710103875680,"avent natural ",2,أ — مؤكد,"2 دفعات بنفس الكمية = 2، و2 دفعة لاحقة كلها مضاعفات له",2,"2026-06-16:2@11602 | 2026-08-04:2@12390",12390,24780
5000309002755,"veet  cream dry skin ",2,أ — مؤكد,"2 دفعات بنفس الكمية = 2، و2 دفعة لاحقة كلها مضاعفات له",2,"2026-06-16:2@2666 | 2026-07-15:2@2667",2667,5334
3337875797597,"Laroche-posay 50+INVISIBLE Flouid 50ml",1,أ — مؤكد,"2 دفعات بنفس الكمية = 1، و2 دفعة لاحقة كلها مضاعفات له",2,"2026-06-22:1@18000 | 2026-06-24:1@15422",15422,15422
6251107378279,"Proctoheal supp",4,أ — مؤكد,"2 دفعات بنفس الكمية = 4، و2 دفعة لاحقة كلها مضاعفات له",2,"2026-06-22:4@2194 | 2026-07-24:4@2195",2195,8778
Novrapid flexpen,"Novrapid flexpen",5,أ — مؤكد,"2 دفعات بنفس الكمية = 5، و2 دفعة لاحقة كلها مضاعفات له",2,"2026-06-24:5@12500 | 2026-08-02:5@12502",12502,62510
3664798024142,"Mucosolvan syr",2,أ — مؤكد,"2 دفعات بنفس الكمية = 2، و2 دفعة لاحقة كلها مضاعفات له",2,"2026-06-24:2@11500 | 2026-08-17:2@10625",10625,21250
5055565788868,"Lisinopril  20mg accord",4,أ — مؤكد,"2 دفعات بنفس الكمية = 4، و2 دفعة لاحقة كلها مضاعفات له",2,"2026-06-29:4@2938 | 2026-08-24:4@3259",3259,13036
8699514011682,"Tensart 8mg tab",4,أ — مؤكد,"2 دفعات بنفس الكمية = 4، و2 دفعة لاحقة كلها مضاعفات له",2,"2026-06-29:4@2853 | 2026-08-02:4@2853",2853,11410
6251875000105,"Piostan 500mg tab",4,أ — مؤكد,"2 دفعات بنفس الكمية = 4، و2 دفعة لاحقة كلها مضاعفات له",2,"2026-06-30:4@530 | 2026-07-29:4@508",508,2030
8436026215616,"Fluor Kin infantil",2,أ — مؤكد,"2 دفعات بنفس الكمية = 2، و2 دفعة لاحقة كلها مضاعفات له",2,"2026-07-02:2@5000 | 2026-07-07:2@3315",3315,6630
6251106803284,"Newstar plus 160/10/25mg tab",8,أ — مؤكد,"2 دفعات بنفس الكمية = 8، و2 دفعة لاحقة كلها مضاعفات له",2,"2026-07-04:8@3725 | 2026-08-04:8@3722",3722,29778
6285147001538,"Herox 5mg",3,أ — مؤكد,"2 دفعات بنفس الكمية = 3، و2 دفعة لاحقة كلها مضاعفات له",2,"2026-07-04:3@9544 | 2026-09-06:3@9544",9544,28632
6251106510151,"platil 75mg",6,أ — مؤكد,"2 دفعات بنفس الكمية = 6، و2 دفعة لاحقة كلها مضاعفات له",2,"2026-07-05:6@3218 | 2026-08-13:6@3220",3220,19320
5034593041008," Eros syray lidoc",2,أ — مؤكد,"2 دفعات بنفس الكمية = 2، و2 دفعة لاحقة كلها مضاعفات له",2,"2026-07-06:2@5450 | 2026-08-27:2@4975",4975,9950
5060464501470,"Folic Acid 5mg tab",6,أ — مؤكد,"2 دفعات بنفس الكمية = 6، و2 دفعة لاحقة كلها مضاعفات له",2,"2026-07-07:6@587 | 2026-08-02:6@577",577,3460
063935028310,"Vitamin E AG 30 softgel",1,أ — مؤكد,"2 دفعات بنفس الكمية = 1، و2 دفعة لاحقة كلها مضاعفات له",2,"2026-07-07:1@8339 | 2026-08-10:1@8347",8347,8347
0100840164512632212010205809981728070810Z016423,"Arcoxia 90mg tab",4,أ — مؤكد,"2 دفعات بنفس الكمية = 4، و2 دفعة لاحقة كلها مضاعفات له",2,"2026-07-08:4@6433 | 2026-08-01:4@6432",6432,25728
6251875000846,"Ferofix cap",6,أ — مؤكد,"2 دفعات بنفس الكمية = 6، و2 دفعة لاحقة كلها مضاعفات له",2,"2026-07-09:6@583 | 2026-07-11:6@559",559,3354
8005911158798,"Memoria syr",1,أ — مؤكد,"2 دفعات بنفس الكمية = 1، و2 دفعة لاحقة كلها مضاعفات له",2,"2026-07-11:1@18816 | 2026-09-16:1@18815",18815,18815
6285147005581,"winex 400mg tab",5,أ — مؤكد,"2 دفعات بنفس الكمية = 5، و2 دفعة لاحقة كلها مضاعفات له",2,"2026-07-12:5@3730 | 2026-07-25:5@2984",2984,14920
01062911091201241728083110FY2X2172852326892087,"Otrivin 0.05% nasal drops GSK",2,أ — مؤكد,"2 دفعات بنفس الكمية = 2، و2 دفعة لاحقة كلها مضاعفات له",2,"2026-07-13:2@4280 | 2026-09-14:2@4280",4280,8560
6251875002161,"Piotrim 400/80mg tab",4,أ — مؤكد,"2 دفعات بنفس الكمية = 4، و2 دفعة لاحقة كلها مضاعفات له",2,"2026-07-14:4@1072 | 2026-08-06:4@1085",1085,4340
303160228551,"panOxyl 10%",1,أ — مؤكد,"2 دفعات بنفس الكمية = 1، و2 دفعة لاحقة كلها مضاعفات له",2,"2026-07-14:1@16100 | 2026-07-15:1@18000",18000,18000
lotevan 160\10,"Lotevan 10\160",6,أ — مؤكد,"2 دفعات بنفس الكمية = 6، و2 دفعة لاحقة كلها مضاعفات له",2,"2026-07-15:6@6717 | 2026-08-13:6@6891",6891,41346
300651432299,"Systan Ultra UD",6,أ — مؤكد,"2 دفعات بنفس الكمية = 6، و2 دفعة لاحقة كلها مضاعفات له",2,"2026-07-16:6@3898 | 2026-08-09:6@3277",3277,19663
4031571080999,"Azithro- Denk 500mg tab",5,أ — مؤكد,"2 دفعات بنفس الكمية = 5، و2 دفعة لاحقة كلها مضاعفات له",2,"2026-07-16:5@5705 | 2026-08-23:5@5706",5706,28530
6291100081936,"Loratin 10mg tap ",10,أ — مؤكد,"2 دفعات بنفس الكمية = 10، و2 دفعة لاحقة كلها مضاعفات له",2,"2026-07-17:10@1317 | 2026-09-12:10@1317",1317,13165
6251870048218,"Quel 200mg",3,أ — مؤكد,"2 دفعات بنفس الكمية = 3، و2 دفعة لاحقة كلها مضاعفات له",2,"2026-07-19:3@5999 | 2026-08-22:3@6000",6000,18000
6927236610008,"Fresh up خيط اسنان",12,أ — مؤكد,"2 دفعات بنفس الكمية = 12، و2 دفعة لاحقة كلها مضاعفات له",2,"2026-07-19:12@7150 | 2026-09-16:12@542",542,6500
58181136,"TONGUE SCRAPER",1,أ — مؤكد,"2 دفعات بنفس الكمية = 1، و2 دفعة لاحقة كلها مضاعفات له",2,"2026-07-19:1@6853 | 2026-07-21:1@6250",6250,6250
8719244901319,"Exart plus 160\12.5",6,أ — مؤكد,"2 دفعات بنفس الكمية = 6، و2 دفعة لاحقة كلها مضاعفات له",2,"2026-07-22:6@4833 | 2026-09-03:6@4833",4833,29000
5056129104544,"Berberine Hcl 500mg",1,أ — مؤكد,"2 دفعات بنفس الكمية = 1، و2 دفعة لاحقة كلها مضاعفات له",2,"2026-07-25:1@66000 | 2026-08-09:1@66000",66000,66000
4031571061608,"Deslora-Denk 5mg",5,أ — مؤكد,"2 دفعات بنفس الكمية = 5، و2 دفعة لاحقة كلها مضاعفات له",2,"2026-07-25:5@2970 | 2026-08-05:5@2962",2962,14810
6221068000229,"Tussilar",3,أ — مؤكد,"2 دفعات بنفس الكمية = 3، و2 دفعة لاحقة كلها مضاعفات له",2,"2026-07-25:3@1650 | 2026-09-03:3@1646",1646,4938
6213019291879,"Diacolin Max XR\10\5\1000",3,أ — مؤكد,"2 دفعات بنفس الكمية = 3، و2 دفعة لاحقة كلها مضاعفات له",2,"2026-07-25:3@13517 | 2026-09-02:3@13516",13516,40548
4048846022424,"Jardiance 25mg",3,أ — مؤكد,"2 دفعات بنفس الكمية = 3، و2 دفعة لاحقة كلها مضاعفات له",2,"2026-07-25:3@17273 | 2026-08-05:3@17273",17273,51818
6251148020229,"Azitam syr",14,أ — مؤكد,"2 دفعات بنفس الكمية = 14، و2 دفعة لاحقة كلها مضاعفات له",2,"2026-07-25:14@2351 | 2026-08-24:14@2350",2350,32900
5310090005997,"Repoxol 500+500mg tab",1,أ — مؤكد,"2 دفعات بنفس الكمية = 1، و2 دفعة لاحقة كلها مضاعفات له",2,"2026-07-26:1@12880 | 2026-08-02:1@12880",12880,12880
3400930186749,"LacoNex nasal spray",1,أ — مؤكد,"2 دفعات بنفس الكمية = 1، و2 دفعة لاحقة كلها مضاعفات له",2,"2026-07-27:1@8778 | 2026-08-02:1@8778",8778,8778
6f998f38dc55607adabb12a2018e9b05375ad1f02c0ff0447c94acc3433a9bcab8e75d96d9fc965d,"Yenikid syr",2,أ — مؤكد,"2 دفعات بنفس الكمية = 2، و2 دفعة لاحقة كلها مضاعفات له",2,"2026-07-31:2@6600 | 2026-08-20:2@6600",6600,13200
5206892102425,"sinomarin adult",1,أ — مؤكد,"2 دفعات بنفس الكمية = 1، و2 دفعة لاحقة كلها مضاعفات له",2,"2026-07-31:1@10122 | 2026-09-08:1@9985",9985,9985
087614020679,"Selenium 200mcg ",1,أ — مؤكد,"2 دفعات بنفس الكمية = 1، و2 دفعة لاحقة كلها مضاعفات له",2,"2026-07-31:1@20262 | 2026-08-09:1@19890",19890,19890
e8d5860a9195cd3f66399170e9d72c9e03281b2f3dde638200c3405f1f111e7ab945700545952b47,"hyfresh gel ",4,أ — مؤكد,"2 دفعات بنفس الكمية = 4، و2 دفعة لاحقة كلها مضاعفات له",2,"2026-07-31:4@2659 | 2026-09-09:4@2658",2658,10630
4260108283071,"Olanzapine TAD 5mg",4,أ — مؤكد,"2 دفعات بنفس الكمية = 4، و2 دفعة لاحقة كلها مضاعفات له",2,"2026-08-01:4@2864 | 2026-08-02:4@2863",2863,11453
5294271161347,"Renon 25mg",3,أ — مؤكد,"2 دفعات بنفس الكمية = 3، و2 دفعة لاحقة كلها مضاعفات له",2,"2026-08-01:3@8181 | 2026-08-20:3@8181",8181,24542
9556564080732,"Carex classic extra lube",1,أ — مؤكد,"2 دفعات بنفس الكمية = 1، و2 دفعة لاحقة كلها مضاعفات له",2,"2026-08-01:1@2160 | 2026-08-02:1@2158",2158,2158
3574661177144,"Listerine fresh burst mouthwash",2,أ — مؤكد,"2 دفعات بنفس الكمية = 2، و2 دفعة لاحقة كلها مضاعفات له",2,"2026-08-01:2@2835 | 2026-08-31:2@2588",2588,5176
3574661177120,"Listerine cool mint mouthwash",2,أ — مؤكد,"2 دفعات بنفس الكمية = 2، و2 دفعة لاحقة كلها مضاعفات له",2,"2026-08-01:2@2835 | 2026-08-31:2@2588",2588,5176
6215731302017,"Falez",3,أ — مؤكد,"2 دفعات بنفس الكمية = 3، و2 دفعة لاحقة كلها مضاعفات له",2,"2026-08-01:3@1667 | 2026-08-02:3@1890",1890,5670
6251875004424,"Vimoxi eye drop",1,أ — مؤكد,"2 دفعات بنفس الكمية = 1، و2 دفعة لاحقة كلها مضاعفات له",2,"2026-08-02:1@4385 | 2026-08-02:1@4385",4385,4385
010628504967195291 Fulipidic tablets 200mg240 Future Pharma92 Calgary, Alberta, Canada93 www.futurepharm-ca.com,"Fulipidic 200mg tab",3,أ — مؤكد,"2 دفعات بنفس الكمية = 3، و2 دفعة لاحقة كلها مضاعفات له",2,"2026-08-02:3@4400 | 2026-08-27:3@3667",3667,11000
6251107427052,"Gizlan Duo 300/10",3,أ — مؤكد,"2 دفعات بنفس الكمية = 3، و2 دفعة لاحقة كلها مضاعفات له",2,"2026-08-02:3@3658 | 2026-08-20:3@3658",3658,10973
6260623333129,"Kapoot micro thin condoms",2,أ — مؤكد,"2 دفعات بنفس الكمية = 2، و2 دفعة لاحقة كلها مضاعفات له",2,"2026-08-03:2@2935 | 2026-08-24:2@2997",2997,5994
6260623331071,"Kapoot pomegra tight condoms",2,أ — مؤكد,"2 دفعات بنفس الكمية = 2، و2 دفعة لاحقة كلها مضاعفات له",2,"2026-08-03:2@2940 | 2026-08-24:2@2997",2997,5994
Ceftriaxone iv,"Ceftriaxone Iv LDP",20,أ — مؤكد,"2 دفعات بنفس الكمية = 20، و2 دفعة لاحقة كلها مضاعفات له",2,"2026-08-03:20@3840 | 2026-08-23:20@3840",3840,76800
8720689012010,"حلمة ممة  Avent  قطرة واحدة",2,أ — مؤكد,"2 دفعات بنفس الكمية = 2، و2 دفعة لاحقة كلها مضاعفات له",2,"2026-08-04:2@4100 | 2026-09-03:2@4200",4200,8400
6251653190219,"Atoxia 120mg",2,أ — مؤكد,"2 دفعات بنفس الكمية = 2، و2 دفعة لاحقة كلها مضاعفات له",2,"2026-08-05:2@5772 | 2026-08-31:2@5772",5772,11544
3582910029267,"Lasix 40mg tab",6,أ — مؤكد,"2 دفعات بنفس الكمية = 6، و2 دفعة لاحقة كلها مضاعفات له",2,"2026-08-05:6@966 | 2026-09-08:6@966",966,5796
9504000088439,"FluconazolAwa 150mg",10,أ — مؤكد,"2 دفعات بنفس الكمية = 10، و2 دفعة لاحقة كلها مضاعفات له",2,"2026-08-05:10@825 | 2026-09-08:10@1650",1650,16500
749921062536,"stevia sachet 50mg",1,أ — مؤكد,"2 دفعات بنفس الكمية = 1، و2 دفعة لاحقة كلها مضاعفات له",2,"2026-08-05:1@9094 | 2026-08-25:1@8295",8295,8295
6251106807428,"Leena 5mg tab",3,أ — مؤكد,"2 دفعات بنفس الكمية = 3، و2 دفعة لاحقة كلها مضاعفات له",2,"2026-08-07:3@7295 | 2026-09-10:3@7295",7295,21884
8901138110642,"liv.52",1,أ — مؤكد,"2 دفعات بنفس الكمية = 1، و2 دفعة لاحقة كلها مضاعفات له",2,"2026-08-07:1@6583 | 2026-08-09:1@6584",6584,6584
6291109121893,"بندول اكسترا",4,أ — مؤكد,"2 دفعات بنفس الكمية = 4، و2 دفعة لاحقة كلها مضاعفات له",2,"2026-08-07:4@2249 | 2026-09-13:4@2250",2250,8998
769915190977,"The Ordinary glycolic acid 7% toning solution 240ml",2,أ — مؤكد,"2 دفعات بنفس الكمية = 2، و2 دفعة لاحقة كلها مضاعفات له",2,"2026-08-09:2@19440 | 2026-08-31:2@18600",18600,37200
6251107428073,"Deplazen 10mg",3,أ — مؤكد,"2 دفعات بنفس الكمية = 3، و2 دفعة لاحقة كلها مضاعفات له",2,"2026-08-11:3@7910 | 2026-08-22:3@7908",7908,23725
6221000011764,"1`2`3",10,أ — مؤكد,"2 دفعات بنفس الكمية = 10، و2 دفعة لاحقة كلها مضاعفات له",2,"2026-08-13:10@2743 | 2026-08-24:10@2742",2742,27420
7791909321800,"Difen B12 6AMP CASASCO",25,أ — مؤكد,"2 دفعات بنفس الكمية = 25، و2 دفعة لاحقة كلها مضاعفات له",2,"2026-08-13:25@1200 | 2026-09-17:25@1000",1000,25000
8437019299682,"Exdart Duo 0.5/0.4mg ",1,أ — مؤكد,"2 دفعات بنفس الكمية = 1، و2 دفعة لاحقة كلها مضاعفات له",2,"2026-08-15:1@18410 | 2026-09-03:1@18407",18407,18407
8901111078013,"Lastavin AM plus 5/160/12.5mg tab",3,أ — مؤكد,"2 دفعات بنفس الكمية = 3، و2 دفعة لاحقة كلها مضاعفات له",2,"2026-08-15:3@3579 | 2026-09-08:3@3579",3579,10737
8681144600206,"GHR effervescent tab.",1,أ — مؤكد,"2 دفعات بنفس الكمية = 1، و2 دفعة لاحقة كلها مضاعفات له",2,"2026-08-16:1@48200 | 2026-08-30:1@48200",48200,48200
Arcoxia90mg,"Arcoxia90mg",6,أ — مؤكد,"2 دفعات بنفس الكمية = 6، و2 دفعة لاحقة كلها مضاعفات له",2,"2026-08-16:6@6432 | 2026-08-16:6@6432",6432,38592
676194991693,"Magnesium glycinate 200mg VITALYX",1,أ — مؤكد,"2 دفعات بنفس الكمية = 1، و2 دفعة لاحقة كلها مضاعفات له",2,"2026-08-22:1@7681 | 2026-08-27:1@7681",7681,7681
6945449322150,"fish ملاطة",1,أ — مؤكد,"2 دفعات بنفس الكمية = 1، و2 دفعة لاحقة كلها مضاعفات له",2,"2026-08-23:1@8722 | 2026-08-30:1@8722",8722,8722
6251161010474,"Mesone cream",2,أ — مؤكد,"2 دفعات بنفس الكمية = 2، و2 دفعة لاحقة كلها مضاعفات له",2,"2026-08-24:2@4718 | 2026-08-24:2@4718",4718,9436
087614112435,"Triple magnesium complex Swanson",1,أ — مؤكد,"2 دفعات بنفس الكمية = 1، و2 دفعة لاحقة كلها مضاعفات له",2,"2026-08-27:1@14840 | 2026-08-30:1@14840",14840,14840
8906166720221,"ketamol tab",20,أ — مؤكد,"2 دفعات بنفس الكمية = 20، و2 دفعة لاحقة كلها مضاعفات له",2,"2026-09-17:20@1000 | 2026-09-17:20@750",750,15000
5391189230483,"Coveram 10/10mg",1,ب — مرجح,"أول دفعة 2026-03-22 = 1، ودفعة لاحقة مضاعفة له",2,"2026-03-22:1@15584 | 2026-08-01:2@15584",15584,15584
3594451300057,"Procoralan 5mg tab",1,ب — مرجح,"أول دفعة 2026-03-22 = 1، ودفعة لاحقة مضاعفة له",2,"2026-03-22:1@7670 | 2026-08-15:4@7673",7673,7673
5000456010887,"Pulmicort 0.5mg/ml",2,ب — مرجح,"أول دفعة 2026-03-22 = 2، ودفعة لاحقة مضاعفة له",2,"2026-03-22:2@1641 | 2026-03-30:20@1190",1190,2380
3665051000040,"Esolina 20mg",1,ب — مرجح,"أول دفعة 2026-03-23 = 1، ودفعة لاحقة مضاعفة له",2,"2026-03-23:1@3068 | 2026-05-06:8@3100",3100,3100
8699514090533,"Stage_40mg",4,ب — مرجح,"أول دفعة 2026-03-23 = 4، ودفعة لاحقة مضاعفة له",2,"2026-03-23:4@5593 | 2026-08-02:8@3114",3114,12455
9780201380132,"Lansotech 30",1,ب — مرجح,"أول دفعة 2026-03-23 = 1، ودفعة لاحقة مضاعفة له",2,"2026-03-23:1@1011 | 2026-08-11:6@1400",1400,1400
8906161744109,"Zolirid tab",1,ب — مرجح,"أول دفعة 2026-03-23 = 1، ودفعة لاحقة مضاعفة له",2,"2026-03-23:1@4280 | 2026-09-14:5@4424",4424,4424
286002800102013,"Kindifed tab",2,ب — مرجح,"أول دفعة 2026-03-23 = 2، ودفعة لاحقة مضاعفة له",2,"2026-03-23:2@644 | 2026-07-26:4@650",650,1300
6251651000336,"Lidoheal oint",1,ب — مرجح,"أول دفعة 2026-03-23 = 1، ودفعة لاحقة مضاعفة له",2,"2026-03-23:1@2112 | 2026-07-19:2@2112",2112,2112
100553260040,"Samadol all in one orange",4,ب — مرجح,"أول دفعة 2026-03-23 = 4، ودفعة لاحقة مضاعفة له",2,"2026-03-23:4@667 | 2026-09-17:8@748",748,2992
3582910083122,"Bi-Tildiem sr 90mg tab",2,ب — مرجح,"أول دفعة 2026-03-23 = 2، ودفعة لاحقة مضاعفة له",2,"2026-03-23:2@4455 | 2026-09-10:2@4455",4455,8909
5000158061361,"Fybogel sachet",10,ب — مرجح,"أول دفعة 2026-03-23 = 10، ودفعة لاحقة مضاعفة له",2,"2026-03-23:10@658 | 2026-07-06:10@658",658,6584
Ketesse 25mg tab,"Ketesse 25mg tab",2,ب — مرجح,"أول دفعة 2026-03-23 = 2، ودفعة لاحقة مضاعفة له",2,"2026-03-23:2@3577 | 2026-08-24:4@3577",3577,7154
Viagra 50mg tab,"Viagra 50mg tab",4,ب — مرجح,"أول دفعة 2026-03-23 = 4، ودفعة لاحقة مضاعفة له",2,"2026-03-23:4@3835 | 2026-03-26:4@3835",3835,15339
6251875003618,"Cloxaban 10mg tab",2,ب — مرجح,"أول دفعة 2026-03-23 = 2، ودفعة لاحقة مضاعفة له",2,"2026-03-23:2@9302 | 2026-07-25:2@7655",7655,15310
6251875000778,"Exvent 100ml syr",1,ب — مرجح,"أول دفعة 2026-03-23 = 1، ودفعة لاحقة مضاعفة له",2,"2026-03-23:1@1175 | 2026-05-18:2@1180",1180,1180
6251875000457,"Montix 4mg tab",1,ب — مرجح,"أول دفعة 2026-03-23 = 1، ودفعة لاحقة مضاعفة له",2,"2026-03-23:1@3179 | 2026-06-07:2@2917",2917,2917
6251875000044,"Movineer 7.5mg tab",1,ب — مرجح,"أول دفعة 2026-03-23 = 1، ودفعة لاحقة مضاعفة له",2,"2026-03-23:1@842 | 2026-07-07:5@850",850,850
6251875001874,"Painoxia 120mg tab",1,ب — مرجح,"أول دفعة 2026-03-23 = 1، ودفعة لاحقة مضاعفة له",2,"2026-03-23:1@5015 | 2026-03-29:2@4862",4862,4862
6251875001447,"Piodol extra tab",6,ب — مرجح,"أول دفعة 2026-03-23 = 6، ودفعة لاحقة مضاعفة له",2,"2026-03-23:6@763 | 2026-08-06:6@585",585,3510
6251875003946,"Valesto 50 mg tab",2,ب — مرجح,"أول دفعة 2026-03-23 = 2، ودفعة لاحقة مضاعفة له",2,"2026-03-23:2@10675 | 2026-09-05:2@11625",11625,23250
8901111051375,"Lastavin AM 10/160mg tab",2,ب — مرجح,"أول دفعة 2026-03-23 = 2، ودفعة لاحقة مضاعفة له",2,"2026-03-23:2@3476 | 2026-07-07:6@3475",3475,6949
6285147002306,"Lotevan plus 5\160\12.5mg tab",2,ب — مرجح,"أول دفعة 2026-03-23 = 2، ودفعة لاحقة مضاعفة له",2,"2026-03-23:2@6883 | 2026-07-21:6@6997",6997,13993
8901111827123,"Loxim 7.5mg tab",2,ب — مرجح,"أول دفعة 2026-03-23 = 2، ودفعة لاحقة مضاعفة له",2,"2026-03-23:2@439 | 2026-08-08:4@439",439,877
8901111081211,"Sacuzac 200mg tab",3,ب — مرجح,"أول دفعة 2026-03-23 = 3، ودفعة لاحقة مضاعفة له",2,"2026-03-23:3@9162 | 2026-08-19:3@9163",9163,27488
6291100080175,"Risek 20mg tab",1,ب — مرجح,"أول دفعة 2026-03-23 = 1، ودفعة لاحقة مضاعفة له",2,"2026-03-23:1@6566 | 2026-08-31:2@4389",4389,4389
6251651001845,"Acne-off 0.05% cream",1,ب — مرجح,"أول دفعة 2026-03-23 = 1، ودفعة لاحقة مضاعفة له",2,"2026-03-23:1@3168 | 2026-03-30:2@3100",3100,3100
6251875000099,"Piostan\250",3,ب — مرجح,"أول دفعة 2026-03-23 = 3، ودفعة لاحقة مضاعفة له",2,"2026-03-23:3@428 | 2026-09-17:6@394",394,1181
6251875003007,"Pioxiga 5mg tab",2,ب — مرجح,"أول دفعة 2026-03-23 = 2، ودفعة لاحقة مضاعفة له",2,"2026-03-23:2@7650 | 2026-06-27:2@8863",8863,17725
6213004030100,"Orphilexa tab",1,ب — مرجح,"أول دفعة 2026-03-23 = 1، ودفعة لاحقة مضاعفة له",2,"2026-03-23:1@1076 | 2026-08-17:10@1088",1088,1088
100697100035,"Famosam 20mg tab",5,ب — مرجح,"أول دفعة 2026-03-24 = 5، ودفعة لاحقة مضاعفة له",2,"2026-03-24:5@602 | 2026-08-19:30@572",572,2860
8699525092472,"Amoklavin-BID 1000mg tab",2,ب — مرجح,"أول دفعة 2026-03-24 = 2، ودفعة لاحقة مضاعفة له",2,"2026-03-24:2@3029 | 2026-09-17:50@2423",2423,4845
Dompy 10mg tab,"Dompy 10mg tab",2,ب — مرجح,"أول دفعة 2026-03-24 = 2، ودفعة لاحقة مضاعفة له",2,"2026-03-24:2@1097 | 2026-08-02:12@1097",1097,2195
Elica oint,"Elica oint",1,ب — مرجح,"أول دفعة 2026-03-24 = 1، ودفعة لاحقة مضاعفة له",2,"2026-03-24:1@4869 | 2026-04-25:2@4789",4789,4789
Singulair 10mg tab,"Singulair 10mg tab",4,ب — مرجح,"أول دفعة 2026-03-24 = 4، ودفعة لاحقة مضاعفة له",2,"2026-03-24:4@5982 | 2026-09-10:4@5982",5982,23929
8699566356007,"Terbisil 1% cream",1,ب — مرجح,"أول دفعة 2026-03-24 = 1، ودفعة لاحقة مضاعفة له",2,"2026-03-24:1@6750 | 2026-08-04:2@6807",6807,6807
8901111059326,"Ralef 120mg tab",2,ب — مرجح,"أول دفعة 2026-03-24 = 2، ودفعة لاحقة مضاعفة له",2,"2026-03-24:2@3291 | 2026-08-08:2@3291",3291,6582
8901302100417,"Candelong-8mg tab",6,ب — مرجح,"أول دفعة 2026-03-24 = 6، ودفعة لاحقة مضاعفة له",2,"2026-03-24:6@1609 | 2026-08-04:6@1609",1609,9656
6251651002828,"Diotril 100mg tab",1,ب — مرجح,"أول دفعة 2026-03-24 = 1، ودفعة لاحقة مضاعفة له",2,"2026-03-24:1@12760 | 2026-09-12:6@12760",12760,12760
89023999936751,"Achee syr",1,ب — مرجح,"أول دفعة 2026-03-24 = 1، ودفعة لاحقة مضاعفة له",2,"2026-03-24:1@1781 | 2026-09-12:14@1321",1321,1321
8901302100400,"azilide-500mg ",1,ب — مرجح,"أول دفعة 2026-03-24 = 1، ودفعة لاحقة مضاعفة له",2,"2026-03-24:1@1865 | 2026-07-17:5@1865",1865,1865
3582910010555,"Co aprovel 150\12.5",2,ب — مرجح,"أول دفعة 2026-03-24 = 2، ودفعة لاحقة مضاعفة له",2,"2026-03-24:2@5604 | 2026-07-27:4@5604",5604,11208
6251875001638,"Acilox plus syr pioneer",1,ب — مرجح,"أول دفعة 2026-03-24 = 1، ودفعة لاحقة مضاعفة له",2,"2026-03-24:1@1960 | 2026-09-03:2@2048",2048,2048
6251151001222,"Mycoderm_V creem",1,ب — مرجح,"أول دفعة 2026-03-25 = 1، ودفعة لاحقة مضاعفة له",2,"2026-03-25:1@3292 | 2026-04-18:1@3291",3291,3291
500553350015,"Urokal powder",1,ب — مرجح,"أول دفعة 2026-03-25 = 1، ودفعة لاحقة مضاعفة له",2,"2026-03-25:1@1995 | 2026-08-13:10@1900",1900,1900
6251007104602," Harrar  cream",1,ب — مرجح,"أول دفعة 2026-03-25 = 1، ودفعة لاحقة مضاعفة له",2,"2026-03-25:1@4345 | 2026-09-09:2@4345",4345,4345
6251107135018,"Mycoheal 200mg sups",1,ب — مرجح,"أول دفعة 2026-03-25 = 1، ودفعة لاحقة مضاعفة له",2,"2026-03-25:1@1482 | 2026-07-27:3@2200",2200,2200
 Ovusitol D sachet," Ovusitol D sachet",14,ب — مرجح,"أول دفعة 2026-03-25 = 14، ودفعة لاحقة مضاعفة له",2,"2026-03-25:14@1753 | 2026-09-02:14@1753",1753,24543
3583313345190,"Stimol sachet",18,ب — مرجح,"أول دفعة 2026-03-25 = 18، ودفعة لاحقة مضاعفة له",2,"2026-03-25:18@1136 | 2026-08-12:18@1136",1136,20452
8901086260192,"Zecuf  Orange",1,ب — مرجح,"أول دفعة 2026-03-25 = 1، ودفعة لاحقة مضاعفة له",2,"2026-03-25:1@1544 | 2026-08-15:3@1097",1097,1097
8698712455434,"Vinegar gyno",1,ب — مرجح,"أول دفعة 2026-03-25 = 1، ودفعة لاحقة مضاعفة له",2,"2026-03-25:1@2275 | 2026-04-01:1@4000",4000,4000
8699569350040,"Travazol cream",1,ب — مرجح,"أول دفعة 2026-03-25 = 1، ودفعة لاحقة مضاعفة له",2,"2026-03-25:1@4810 | 2026-09-13:2@4828",4828,4828
6251151001673,"Burno 0.255 oint",1,ب — مرجح,"أول دفعة 2026-03-25 = 1، ودفعة لاحقة مضاعفة له",2,"2026-03-25:1@6584 | 2026-08-01:3@6584",6584,6584
4015400781882,"always large",2,ب — مرجح,"أول دفعة 2026-03-25 = 2، ودفعة لاحقة مضاعفة له",2,"2026-03-25:2@2295 | 2026-04-11:2@2340",2340,4680
5903137540324,"Mada-Probiotic",1,ب — مرجح,"أول دفعة 2026-03-26 = 1، ودفعة لاحقة مضاعفة له",2,"2026-03-26:1@7158 | 2026-05-27:4@7158",7158,7158
8901111073711,"Esmoloc 20 mg",1,ب — مرجح,"أول دفعة 2026-03-26 = 1، ودفعة لاحقة مضاعفة له",2,"2026-03-26:1@1170 | 2026-03-26:3@1500",1500,1500
8600097416542,"Presolo 100mg",3,ب — مرجح,"أول دفعة 2026-03-26 = 3، ودفعة لاحقة مضاعفة له",2,"2026-03-26:3@2052 | 2026-03-26:3@2500",2500,7500
8901111060414,"Lastavin AM plus 10/160/12.5mg tab",3,ب — مرجح,"أول دفعة 2026-03-26 = 3، ودفعة لاحقة مضاعفة له",2,"2026-03-26:3@3525 | 2026-09-08:3@3524",3524,10573
6291100080298,"Soolan 100ml syr",1,ب — مرجح,"أول دفعة 2026-03-26 = 1، ودفعة لاحقة مضاعفة له",2,"2026-03-26:1@2195 | 2026-07-26:1@2210",2210,2210
6211314021849,"Alctone 25mg tab medico",1,ب — مرجح,"أول دفعة 2026-03-26 = 1، ودفعة لاحقة مضاعفة له",2,"2026-03-26:1@2408 | 2026-08-02:8@2453",2453,2453
6211109012083,"Lopress 50 tap",1,ب — مرجح,"أول دفعة 2026-03-26 = 1، ودفعة لاحقة مضاعفة له",2,"2026-03-26:1@621 | 2026-09-16:8@1100",1100,1100
6211108040100,"Enapril 5mg tap ",2,ب — مرجح,"أول دفعة 2026-03-26 = 2، ودفعة لاحقة مضاعفة له",2,"2026-03-26:2@1526 | 2026-08-17:4@1925",1925,3850
6211108020102,"Enapril 10mg tab",2,ب — مرجح,"أول دفعة 2026-03-26 = 2، ودفعة لاحقة مضاعفة له",2,"2026-03-26:2@1526 | 2026-08-16:14@1875",1875,3750
6211314031817,"Alctone 100mg tab medico",1,ب — مرجح,"أول دفعة 2026-03-26 = 1، ودفعة لاحقة مضاعفة له",2,"2026-03-26:1@5136 | 2026-07-31:5@5280",5280,5280
204000611796,"CalciCare",2,ب — مرجح,"أول دفعة 2026-03-26 = 2، ودفعة لاحقة مضاعفة له",2,"2026-03-26:2@2750 | 2026-07-21:6@2780",2780,5559
4009932926156,"Calcium 500",3,ب — مرجح,"أول دفعة 2026-03-26 = 3، ودفعة لاحقة مضاعفة له",2,"2026-03-26:3@2100 | 2026-08-01:6@2100",2100,6300
8053259620651,"For ferro syr ",1,ب — مرجح,"أول دفعة 2026-03-27 = 1، ودفعة لاحقة مضاعفة له",2,"2026-03-27:1@8339 | 2026-08-07:1@8339",8339,8339
096419706206," Nystatin-J tap",1,ب — مرجح,"أول دفعة 2026-03-27 = 1، ودفعة لاحقة مضاعفة له",2,"2026-03-27:1@2244 | 2026-05-16:2@2240",2240,2240
Celebrex 200mg,"Celebrex 200mg tab",3,ب — مرجح,"أول دفعة 2026-03-27 = 3، ودفعة لاحقة مضاعفة له",2,"2026-03-27:3@5713 | 2026-08-01:6@5713",5713,17138
8433042020552,"Nucleo c.m.p. forte cap",1,ب — مرجح,"أول دفعة 2026-03-27 = 1، ودفعة لاحقة مضاعفة له",2,"2026-03-27:1@4828 | 2026-08-05:2@4830",4830,4830
8901138500771,"Uralka syrp",1,ب — مرجح,"أول دفعة 2026-03-27 = 1، ودفعة لاحقة مضاعفة له",2,"2026-03-27:1@4828 | 2026-08-31:2@4828",4828,4828
6251151001000,"Sinocort nasal spray",1,ب — مرجح,"أول دفعة 2026-03-28 = 1، ودفعة لاحقة مضاعفة له",2,"2026-03-28:1@6584 | 2026-03-28:1@6500",6500,6500
6251151000928,"vapicil nasal spray",1,ب — مرجح,"أول دفعة 2026-03-28 = 1، ودفعة لاحقة مضاعفة له",2,"2026-03-28:1@2524 | 2026-08-13:5@2523",2523,2523
6257494010020,"Otravyat children nasal drop",1,ب — مرجح,"أول دفعة 2026-03-28 = 1، ودفعة لاحقة مضاعفة له",2,"2026-03-28:1@1320 | 2026-03-28:1@1250",1250,1250
6251151000645,"Apiclof eye drop",2,ب — مرجح,"أول دفعة 2026-03-28 = 2، ودفعة لاحقة مضاعفة له",2,"2026-03-28:2@2195 | 2026-07-25:4@1097",1097,2194
6251151000935,"Apicrom 2% eye drop",1,ب — مرجح,"أول دفعة 2026-03-28 = 1، ودفعة لاحقة مضاعفة له",2,"2026-03-28:1@1317 | 2026-04-03:2@1990",1990,1990
5298001810239,"Eklipo 20mg/10mg tab",3,ب — مرجح,"أول دفعة 2026-03-28 = 3، ودفعة لاحقة مضاعفة له",2,"2026-03-28:3@6777 | 2026-06-27:3@6903",6903,20710
6251875001881,"Painoxia 90mg tab",2,ب — مرجح,"أول دفعة 2026-03-29 = 2، ودفعة لاحقة مضاعفة له",2,"2026-03-29:2@4286 | 2026-08-30:4@4286",4286,8571
6251107425058,"Angiosar -plus  160mg/5mg/12.5mg tab daraldawa",1,ب — مرجح,"أول دفعة 2026-03-29 = 1، ودفعة لاحقة مضاعفة له",2,"2026-03-29:1@4772 | 2026-08-05:3@5045",5045,5045
8901302203484,"Pantofage -20",2,ب — مرجح,"أول دفعة 2026-03-29 = 2، ودفعة لاحقة مضاعفة له",2,"2026-03-29:2@1265 | 2026-08-31:6@1493",1493,2987
6224001050305,"Nasostop 0.05% child",1,ب — مرجح,"أول دفعة 2026-03-29 = 1، ودفعة لاحقة مضاعفة له",2,"2026-03-29:1@1755 | 2026-04-02:5@1210",1210,1210
5298001810246,"Eklipo 40mg/10mg tab",3,ب — مرجح,"أول دفعة 2026-03-29 = 3، ودفعة لاحقة مضاعفة له",2,"2026-03-29:3@7909 | 2026-06-27:3@7993",7993,23980
8053259620705,"Arti Joint tab",2,ب — مرجح,"أول دفعة 2026-03-29 = 2، ودفعة لاحقة مضاعفة له",2,"2026-03-29:2@11864 | 2026-03-29:2@10750",10750,21500
8680881012891,"Telmodip 80/10mg tab",4,ب — مرجح,"أول دفعة 2026-03-29 = 4، ودفعة لاحقة مضاعفة له",2,"2026-03-29:4@4804 | 2026-07-22:4@5250",5250,21000
6251107378224,"Gizlan-plus 300/12.5mg tab",3,ب — مرجح,"أول دفعة 2026-03-29 = 3، ودفعة لاحقة مضاعفة له",2,"2026-03-29:3@3658 | 2026-09-02:3@3657",3657,10972
6251106161599,"Eveness 10mg tab",2,ب — مرجح,"أول دفعة 2026-03-29 = 2، ودفعة لاحقة مضاعفة له",2,"2026-03-29:2@2659 | 2026-03-30:4@2659",2659,5318
6251107425065,"Angiosar -Plus 160mg/5mg/25mg tab daraldawa",3,ب — مرجح,"أول دفعة 2026-03-29 = 3، ودفعة لاحقة مضاعفة له",2,"2026-03-29:3@5045 | 2026-08-31:6@5045",5045,15135
3760245851023,"Tamdus D 0.4/0.5mg cap",2,ب — مرجح,"أول دفعة 2026-03-29 = 2، ودفعة لاحقة مضاعفة له",2,"2026-03-29:2@23064 | 2026-03-30:2@19230",19230,38460
Glibesyn 5mg,"Glibesyn 5mg tab",2,ب — مرجح,"أول دفعة 2026-03-29 = 2، ودفعة لاحقة مضاعفة له",2,"2026-03-29:2@417 | 2026-05-06:20@450",450,900
6251106200137,"Tidilor 10mg tab ",1,ب — مرجح,"أول دفعة 2026-03-29 = 1، ودفعة لاحقة مضاعفة له",2,"2026-03-29:1@1250 | 2026-07-17:2@1250",1250,1250
6251106400766,"Cefutil 500mg",1,ب — مرجح,"أول دفعة 2026-03-29 = 1، ودفعة لاحقة مضاعفة له",2,"2026-03-29:1@8120 | 2026-07-22:1@8339",8339,8339
5206892100131,"Sinomarin ENT ",1,ب — مرجح,"أول دفعة 2026-03-29 = 1، ودفعة لاحقة مضاعفة له",2,"2026-03-29:1@10199 | 2026-09-08:1@9936",9936,9936
4016369541784,"Lacalut flora",1,ب — مرجح,"أول دفعة 2026-03-29 = 1، ودفعة لاحقة مضاعفة له",2,"2026-03-29:1@6950 | 2026-04-06:1@6750",6750,6750
8690088017018,"AcneEnd soap",1,ب — مرجح,"أول دفعة 2026-03-29 = 1، ودفعة لاحقة مضاعفة له",2,"2026-03-29:1@4704 | 2026-08-15:2@4785",4785,4785
9319871000615,"White GLo professional choice",1,ب — مرجح,"أول دفعة 2026-03-29 = 1، ودفعة لاحقة مضاعفة له",2,"2026-03-29:1@4500 | 2026-07-14:1@5216",5216,5216
6945449388781,"رضاعة-Fish- زجاج 120ml",1,ب — مرجح,"أول دفعة 2026-03-29 = 1، ودفعة لاحقة مضاعفة له",2,"2026-03-29:1@2091 | 2026-06-24:3@2474",2474,2474
8720689009676,"ديس ايفينت 1قطرة",1,ب — مرجح,"أول دفعة 2026-03-29 = 1، ودفعة لاحقة مضاعفة له",2,"2026-03-29:1@3190 | 2026-05-10:4@3190",3190,3190
5000456061476,"Arimidex 1mg tab",1,ب — مرجح,"أول دفعة 2026-03-29 = 1، ودفعة لاحقة مضاعفة له",2,"2026-03-29:1@32077 | 2026-06-13:2@32075",32075,32075
4048846023384,"Mobic 7.5mg",1,ب — مرجح,"أول دفعة 2026-03-29 = 1، ودفعة لاحقة مضاعفة له",2,"2026-03-29:1@2923 | 2026-07-11:6@2926",2926,2926
835776000035,"Mr.tumee multivitamin",1,ب — مرجح,"أول دفعة 2026-03-29 = 1، ودفعة لاحقة مضاعفة له",2,"2026-03-29:1@11249 | 2026-08-15:1@15130",15130,15130
8056992031258,"Quatreplus",1,ب — مرجح,"أول دفعة 2026-03-30 = 1، ودفعة لاحقة مضاعفة له",2,"2026-03-30:1@8948 | 2026-07-29:2@8948",8948,8948
Lifance 5mg,"Lifance 5mg",1,ب — مرجح,"أول دفعة 2026-03-30 = 1، ودفعة لاحقة مضاعفة له",2,"2026-03-30:1@3658 | 2026-04-09:3@3658",3658,3658
Olmetec 20mg,"Olmetec 20mg",1,ب — مرجح,"أول دفعة 2026-03-30 = 1، ودفعة لاحقة مضاعفة له",2,"2026-03-30:1@12360 | 2026-06-21:2@12340",12340,12340
6211312021841,"Cinnarine 25mg tab",8,ب — مرجح,"أول دفعة 2026-03-30 = 8، ودفعة لاحقة مضاعفة له",2,"2026-03-30:8@2725 | 2026-09-14:8@2750",2750,22000
6251106161605,"Orotix 90mg tab",2,ب — مرجح,"أول دفعة 2026-03-30 = 2، ودفعة لاحقة مضاعفة له",2,"2026-03-30:2@4170 | 2026-03-30:2@4170",4170,8339
8964003193904,"Erli 10mg",4,ب — مرجح,"أول دفعة 2026-03-30 = 4، ودفعة لاحقة مضاعفة له",2,"2026-03-30:4@5250 | 2026-09-16:4@5660",5660,22640
6251870043305,"Exopex 20mg",1,ب — مرجح,"أول دفعة 2026-03-30 = 1، ودفعة لاحقة مضاعفة له",2,"2026-03-30:1@4093 | 2026-07-12:6@4090",4090,4090
8901111080764,"Humiderm 100ml Lotion",1,ب — مرجح,"أول دفعة 2026-03-30 = 1، ودفعة لاحقة مضاعفة له",2,"2026-03-30:1@6378 | 2026-07-05:4@6600",6600,6600
6251651002613,"Lacomide 100mg",2,ب — مرجح,"أول دفعة 2026-03-30 = 2، ودفعة لاحقة مضاعفة له",2,"2026-03-30:2@6602 | 2026-08-11:6@6600",6600,13200
4001728378019,"Omega 3 syr hansal",1,ب — مرجح,"أول دفعة 2026-03-30 = 1، ودفعة لاحقة مضاعفة له",2,"2026-03-30:1@12850 | 2026-07-31:1@12750",12750,12750
8699580010329,"DroFlu Cold tab",1,ب — مرجح,"أول دفعة 2026-03-30 = 1، ودفعة لاحقة مضاعفة له",2,"2026-03-30:1@985 | 2026-07-29:6@988",988,988
8964003193065,"Erli 25mg tab",2,ب — مرجح,"أول دفعة 2026-03-30 = 2، ودفعة لاحقة مضاعفة له",2,"2026-03-30:2@7015 | 2026-08-05:4@7015",7015,14030
740985275047,"D3-10000IU Century tab",1,ب — مرجح,"أول دفعة 2026-03-30 = 1، ودفعة لاحقة مضاعفة له",2,"2026-03-30:1@7810 | 2026-08-07:1@7100",7100,7100
9120005559288,"EUCARBON tab",10,ب — مرجح,"أول دفعة 2026-03-30 = 10، ودفعة لاحقة مضاعفة له",2,"2026-03-30:10@1534 | 2026-08-13:20@1534",1534,15339
8684834770135,"Deep Sleep Kids gummies",1,ب — مرجح,"أول دفعة 2026-03-30 = 1، ودفعة لاحقة مضاعفة له",2,"2026-03-30:1@15960 | 2026-08-15:1@14900",14900,14900
9780201379556,"Hardy tab",2,ب — مرجح,"أول دفعة 2026-03-30 = 2، ودفعة لاحقة مضاعفة له",2,"2026-03-30:2@8400 | 2026-09-03:2@7875",7875,15750
Gliconorm,"Gliconorm 5mg+500mg tab",2,ب — مرجح,"أول دفعة 2026-03-30 = 2، ودفعة لاحقة مضاعفة له",2,"2026-03-30:2@2017 | 2026-08-04:6@2197",2197,4393
150305107402019,"Proctoyat Rectal oint",1,ب — مرجح,"أول دفعة 2026-03-30 = 1، ودفعة لاحقة مضاعفة له",2,"2026-03-30:1@1720 | 2026-03-30:1@1720",1720,1720
4260586492453,"MADDOVIT syr",1,ب — مرجح,"أول دفعة 2026-03-30 = 1، ودفعة لاحقة مضاعفة له",2,"2026-03-30:1@8250 | 2026-08-22:1@8350",8350,8350
8809875456484,"EQQUAL Berry  Bakuchiol Plumping 30ml",1,ب — مرجح,"أول دفعة 2026-03-30 = 1، ودفعة لاحقة مضاعفة له",2,"2026-03-30:1@23000 | 2026-05-23:1@17990",17990,17990
8682773091335,"the Purest solution  50spf UVA UVB 50ml",1,ب — مرجح,"أول دفعة 2026-03-31 = 1، ودفعة لاحقة مضاعفة له",2,"2026-03-31:1@16000 | 2026-04-05:1@16000",16000,16000
8680923353074,"dr.Clinic sun creem 50+ Very high",1,ب — مرجح,"أول دفعة 2026-03-31 = 1، ودفعة لاحقة مضاعفة له",2,"2026-03-31:1@9060 | 2026-08-31:1@9600",9600,9600
8853976008486," DR. James  Whitening soap ",2,ب — مرجح,"أول دفعة 2026-03-31 = 2، ودفعة لاحقة مضاعفة له",2,"2026-03-31:2@1250 | 2026-09-02:6@975",975,1950
769915191004,"the Ordinary AHA30%+BHA2%",1,ب — مرجح,"أول دفعة 2026-03-31 = 1، ودفعة لاحقة مضاعفة له",2,"2026-03-31:1@16800 | 2026-04-05:1@16800",16800,16800
Falez cream,"Falez cream",2,ب — مرجح,"أول دفعة 2026-04-01 = 2، ودفعة لاحقة مضاعفة له",2,"2026-04-01:2@1880 | 2026-09-06:10@1607",1607,3214
6971233889011,"Avent ملاطه",1,ب — مرجح,"أول دفعة 2026-04-01 = 1، ودفعة لاحقة مضاعفة له",2,"2026-04-01:1@20580 | 2026-08-22:1@20580",20580,20580
3337875597272,"CeraVe Eye Repair Cream 14ml",1,ب — مرجح,"أول دفعة 2026-04-01 = 1، ودفعة لاحقة مضاعفة له",2,"2026-04-01:1@23640 | 2026-07-02:1@22680",22680,22680
8809416470191,"Cosrx Aloe Soothing Sun 50ml cream",1,ب — مرجح,"أول دفعة 2026-04-01 = 1، ودفعة لاحقة مضاعفة له",2,"2026-04-01:1@13462 | 2026-04-11:2@11323",11323,11323
8681116613074,"Permethrine 5% 30ml Cream ",1,ب — مرجح,"أول دفعة 2026-04-01 = 1، ودفعة لاحقة مضاعفة له",2,"2026-04-01:1@1889 | 2026-05-14:5@2130",2130,2130
7261895100968,"Optimal Makeup Remover Pads",1,ب — مرجح,"أول دفعة 2026-04-01 = 1، ودفعة لاحقة مضاعفة له",2,"2026-04-01:1@2139 | 2026-07-31:3@2860",2860,2860
5281019037453,"Soft wave shampoo",1,ب — مرجح,"أول دفعة 2026-04-01 = 1، ودفعة لاحقة مضاعفة له",2,"2026-04-01:1@2970 | 2026-07-15:5@2800",2800,2800
6211363337106,"Ligo Kids Anti-Lice Spray",2,ب — مرجح,"أول دفعة 2026-04-01 = 2، ودفعة لاحقة مضاعفة له",2,"2026-04-01:2@1990 | 2026-09-08:2@1990",1990,3980
6281053211900,"Nunu baby shampoo 200ml",1,ب — مرجح,"أول دفعة 2026-04-01 = 1، ودفعة لاحقة مضاعفة له",2,"2026-04-01:1@1348 | 2026-07-19:12@1311",1311,1311
6928001833509,"natural fresh straeberry hand cream",3,ب — مرجح,"أول دفعة 2026-04-01 = 3، ودفعة لاحقة مضاعفة له",2,"2026-04-01:3@1830 | 2026-04-01:3@1830",1830,5490
5060565106413,"Revuele Anti-blemish 250ml ",1,ب — مرجح,"أول دفعة 2026-04-01 = 1، ودفعة لاحقة مضاعفة له",2,"2026-04-01:1@9399 | 2026-04-07:1@8106",8106,8106
8681116610103,"Propoleo & Propoleo cream",1,ب — مرجح,"أول دفعة 2026-04-01 = 1، ودفعة لاحقة مضاعفة له",2,"2026-04-01:1@4500 | 2026-09-05:5@4151",4151,4151
ACTIVE1000100,"active babys umbilical truss",1,ب — مرجح,"أول دفعة 2026-04-01 = 1، ودفعة لاحقة مضاعفة له",2,"2026-04-01:1@2300 | 2026-08-16:1@2800",2800,2800
8699153010237,"Elma Anti-lice nits shampoo ",1,ب — مرجح,"أول دفعة 2026-04-01 = 1، ودفعة لاحقة مضاعفة له",2,"2026-04-01:1@3740 | 2026-08-15:1@2934",2934,2934
6949629119936,"Brite لزكة اسنان",1,ب — مرجح,"أول دفعة 2026-04-01 = 1، ودفعة لاحقة مضاعفة له",2,"2026-04-01:1@3859 | 2026-04-01:1@3859",3859,3859
072140110161,"Eucerin Intnsive",1,ب — مرجح,"أول دفعة 2026-04-01 = 1، ودفعة لاحقة مضاعفة له",2,"2026-04-01:1@20250 | 2026-09-06:1@20250",20250,20250
2025050839828,"LIANGYAN ",1,ب — مرجح,"أول دفعة 2026-04-01 = 1، ودفعة لاحقة مضاعفة له",2,"2026-04-01:1@3500 | 2026-04-13:2@3500",3500,3500
8682005383009,"Rozacld ",1,ب — مرجح,"أول دفعة 2026-04-01 = 1، ودفعة لاحقة مضاعفة له",2,"2026-04-01:1@3349 | 2026-09-02:6@3349",3349,3349
vita-KidD3 oral drop,"vita-KidD3 oral drop",2,ب — مرجح,"أول دفعة 2026-04-02 = 2، ودفعة لاحقة مضاعفة له",2,"2026-04-02:2@3320 | 2026-09-16:2@3420",3420,6840
8002660035424,"Lipanthyl 145mg",2,ب — مرجح,"أول دفعة 2026-04-02 = 2، ودفعة لاحقة مضاعفة له",2,"2026-04-02:2@5317 | 2026-06-27:6@5317",5317,10634
8699514086086,"Onceair 5mg tab",1,ب — مرجح,"أول دفعة 2026-04-02 = 1، ودفعة لاحقة مضاعفة له",2,"2026-04-02:1@4609 | 2026-04-11:4@4609",4609,4609
8682005383306,"Povidone 4%",2,ب — مرجح,"أول دفعة 2026-04-03 = 2، ودفعة لاحقة مضاعفة له",2,"2026-04-03:2@1500 | 2026-08-20:12@1200",1200,2400
5012617000958,"Pamsvax XL 400",1,ب — مرجح,"أول دفعة 2026-04-03 = 1، ودفعة لاحقة مضاعفة له",2,"2026-04-03:1@4000 | 2026-05-21:3@3300",3300,3300
6251107378248,"Gizlan 150mg",2,ب — مرجح,"أول دفعة 2026-04-03 = 2، ودفعة لاحقة مضاعفة له",2,"2026-04-03:2@2833 | 2026-07-29:6@2927",2927,5853
685867962861,"Fungistat 1% solution",1,ب — مرجح,"أول دفعة 2026-04-03 = 1، ودفعة لاحقة مضاعفة له",2,"2026-04-03:1@1320 | 2026-09-07:5@1320",1320,1320
6224009052219,"Infectomycin 500mg tab",1,ب — مرجح,"أول دفعة 2026-04-03 = 1، ودفعة لاحقة مضاعفة له",2,"2026-04-03:1@1318 | 2026-07-16:26@1013",1013,1013
8901111008041,"Unibrom drop",1,ب — مرجح,"أول دفعة 2026-04-03 = 1، ودفعة لاحقة مضاعفة له",2,"2026-04-03:1@5815 | 2026-09-09:5@5815",5815,5815
6251151000720,"tobracin eye",1,ب — مرجح,"أول دفعة 2026-04-03 = 1، ودفعة لاحقة مضاعفة له",2,"2026-04-03:1@2523 | 2026-07-16:3@2524",2524,2524
6221032230157,"Picolax 15ml oral drop",1,ب — مرجح,"أول دفعة 2026-04-04 = 1، ودفعة لاحقة مضاعفة له",2,"2026-04-04:1@1645 | 2026-08-30:1@1661",1661,1661
6221032330338,"cpifenac eye drop",1,ب — مرجح,"أول دفعة 2026-04-04 = 1، ودفعة لاحقة مضاعفة له",2,"2026-04-04:1@1645 | 2026-04-04:3@1654",1654,1654
Humalog Mix 25 pin,"Humalog Mix 25 pin",1,ب — مرجح,"أول دفعة 2026-04-04 = 1، ودفعة لاحقة مضاعفة له",2,"2026-04-04:1@12981 | 2026-09-03:5@12980",12980,12980
9314839017476,"QV hand cream 50g",1,ب — مرجح,"أول دفعة 2026-04-04 = 1، ودفعة لاحقة مضاعفة له",2,"2026-04-04:1@7813 | 2026-04-07:1@5519",5519,5519
4262422540069,"Rozal 20mg",2,ب — مرجح,"أول دفعة 2026-04-06 = 2، ودفعة لاحقة مضاعفة له",2,"2026-04-06:2@3298 | 2026-08-02:8@3298",3298,6595
6251875000464,"Montix 5mg tab",1,ب — مرجح,"أول دفعة 2026-04-06 = 1، ودفعة لاحقة مضاعفة له",2,"2026-04-06:1@2868 | 2026-06-07:2@3094",3094,3094
6221077059034,"Isilin syr ",1,ب — مرجح,"أول دفعة 2026-04-06 = 1، ودفعة لاحقة مضاعفة له",2,"2026-04-06:1@2970 | 2026-07-12:7@2963",2963,2963
8698712456523,"Anti-Hair looss 2% spray",1,ب — مرجح,"أول دفعة 2026-04-07 = 1، ودفعة لاحقة مضاعفة له",2,"2026-04-07:1@9505 | 2026-08-31:2@9345",9345,9345
Trium UD drop,"Trium UD drop",1,ب — مرجح,"أول دفعة 2026-04-09 = 1، ودفعة لاحقة مضاعفة له",2,"2026-04-09:1@5045 | 2026-07-12:3@5345",5345,5345
Arcoxia 60mg,"Arcoxia 60mg tab",2,ب — مرجح,"أول دفعة 2026-04-09 = 2، ودفعة لاحقة مضاعفة له",2,"2026-04-09:2@4588 | 2026-04-12:2@4585",4585,9170
3800023406233,"aquarelle sensitive whitening",3,ب — مرجح,"أول دفعة 2026-04-09 = 3، ودفعة لاحقة مضاعفة له",2,"2026-04-09:3@4379 | 2026-08-25:3@4379",4379,13137
600552102643,"wotix  pineapple ",1,ب — مرجح,"أول دفعة 2026-04-09 = 1، ودفعة لاحقة مضاعفة له",2,"2026-04-09:1@3200 | 2026-08-25:1@3200",3200,3200
600552102209,"wotix cgocolate",1,ب — مرجح,"أول دفعة 2026-04-09 = 1، ودفعة لاحقة مضاعفة له",2,"2026-04-09:1@3200 | 2026-08-25:2@3200",3200,3200
600552102186,"Wotix مزلق بالخوخ الممنعش",1,ب — مرجح,"أول دفعة 2026-04-09 = 1، ودفعة لاحقة مضاعفة له",2,"2026-04-09:1@3200 | 2026-08-25:2@3200",3200,3200
5070002328711,"Stop vomi supp",1,ب — مرجح,"أول دفعة 2026-04-11 = 1، ودفعة لاحقة مضاعفة له",2,"2026-04-11:1@3000 | 2026-06-03:28@3000",3000,3000
7640153081377,"Mesporin 500IM",2,ب — مرجح,"أول دفعة 2026-04-11 = 2، ودفعة لاحقة مضاعفة له",2,"2026-04-11:2@4828 | 2026-05-14:10@4940",4940,9880
6251106400797,"Cefodox 100mg/5ml susp.pharma international",2,ب — مرجح,"أول دفعة 2026-04-11 = 2، ودفعة لاحقة مضاعفة له",2,"2026-04-11:2@8778 | 2026-05-04:2@8778",8778,17556
3664898120812,"Coversyl 5\1.25",1,ب — مرجح,"أول دفعة 2026-04-12 = 1، ودفعة لاحقة مضاعفة له",2,"2026-04-12:1@7240 | 2026-09-16:1@7241",7241,7241
6285147003426,"Prof syr",1,ب — مرجح,"أول دفعة 2026-04-12 = 1، ودفعة لاحقة مضاعفة له",2,"2026-04-12:1@2195 | 2026-08-04:5@2195",2195,2195
Urispas 200mg,"Urispas 200mg",4,ب — مرجح,"أول دفعة 2026-04-12 = 4، ودفعة لاحقة مضاعفة له",2,"2026-04-12:4@4060 | 2026-09-13:4@8119",8119,32476
HiQuin 4%,"HiQuin 4%",1,ب — مرجح,"أول دفعة 2026-04-13 = 1، ودفعة لاحقة مضاعفة له",2,"2026-04-13:1@5047 | 2026-08-18:2@5047",5047,5047
3664798012811,"clexan 8000",2,ب — مرجح,"أول دفعة 2026-04-16 = 2، ودفعة لاحقة مضاعفة له",2,"2026-04-16:2@10900 | 2026-07-19:8@10900",10900,21800
3582910067764,"aprovel 300mg sanofi",2,ب — مرجح,"أول دفعة 2026-04-18 = 2، ودفعة لاحقة مضاعفة له",2,"2026-04-18:2@5604 | 2026-07-26:4@5604",5604,11208
5055565788806,"Aciclovir 400",2,ب — مرجح,"أول دفعة 2026-04-19 = 2، ودفعة لاحقة مضاعفة له",2,"2026-04-19:2@4380 | 2026-08-05:4@4380",4380,8760
3701217200609,"UTROGESTAN 200MG",2,ب — مرجح,"أول دفعة 2026-04-19 = 2، ودفعة لاحقة مضاعفة له",2,"2026-04-19:2@9205 | 2026-08-09:2@9204",9204,18407
6251875003632,"Cloxaban 20 mg tab",2,ب — مرجح,"أول دفعة 2026-04-20 = 2، ودفعة لاحقة مضاعفة له",2,"2026-04-20:2@10250 | 2026-08-13:2@9570",9570,19140
9641996024215,"folic acid 400",5,ب — مرجح,"أول دفعة 2026-04-21 = 5، ودفعة لاحقة مضاعفة له",2,"2026-04-21:5@990 | 2026-08-13:15@990",990,4950
8699089067824,"Newfol 400mcg",1,ب — مرجح,"أول دفعة 2026-04-21 = 1، ودفعة لاحقة مضاعفة له",2,"2026-04-21:1@5444 | 2026-07-31:1@4463",4463,4463
3760269771062,"isis uveblock +50 fluid teinte",1,ب — مرجح,"أول دفعة 2026-04-21 = 1، ودفعة لاحقة مضاعفة له",2,"2026-04-21:1@16393 | 2026-06-20:1@16520",16520,16520
6221000011757,"Azelast Plus 125/50mg spr",1,ب — مرجح,"أول دفعة 2026-04-23 = 1، ودفعة لاحقة مضاعفة له",2,"2026-04-23:1@6150 | 2026-07-08:1@6150",6150,6150
8809416470016,"Cosrx Advanced Snail 92 All In One Cream 100g",2,ب — مرجح,"أول دفعة 2026-04-25 = 2، ودفعة لاحقة مضاعفة له",2,"2026-04-25:2@15600 | 2026-08-09:2@14000",14000,28000
spasmomen tab,"spasmomen 40mg tab",4,ب — مرجح,"أول دفعة 2026-04-25 = 4، ودفعة لاحقة مضاعفة له",2,"2026-04-25:4@3490 | 2026-07-15:4@3490",3490,13958
4009932926149,"Active Memory Omega-3 cap",2,ب — مرجح,"أول دفعة 2026-04-27 = 2، ودفعة لاحقة مضاعفة له",2,"2026-04-27:2@5120 | 2026-08-05:6@5113",5113,10226
4016369546666,"Lacalut Mouth wash",1,ب — مرجح,"أول دفعة 2026-04-29 = 1، ودفعة لاحقة مضاعفة له",2,"2026-04-29:1@8215 | 2026-05-30:3@8874",8874,8874
8053259620699,"Bonical ",2,ب — مرجح,"أول دفعة 2026-03-22 = 2، بلا دفعة لاحقة للتأكيد",1,"2026-03-22:2@4784",4784,9568
Canesten,"Canesten",1,ب — مرجح,"أول دفعة 2026-03-22 = 1، بلا دفعة لاحقة للتأكيد",1,"2026-03-22:1@5238",5238,5238
Glucophage 750mg,"Glucophage 750mg",1,ب — مرجح,"أول دفعة 2026-03-22 = 1، بلا دفعة لاحقة للتأكيد",1,"2026-03-22:1@4126",4126,4126
Lipitor 10mg,"Lipitor 10mg",1,ب — مرجح,"أول دفعة 2026-03-22 = 1، بلا دفعة لاحقة للتأكيد",1,"2026-03-22:1@6102",6102,6102
Becozyme forte ,"Becozyme forte ",1,ب — مرجح,"أول دفعة 2026-03-22 = 1، بلا دفعة لاحقة للتأكيد",1,"2026-03-22:1@2315",2315,2315
7321839711961,"Symbicort 160/4.5mcg",1,ب — مرجح,"أول دفعة 2026-03-22 = 1، بلا دفعة لاحقة للتأكيد",1,"2026-03-22:1@26996",26996,26996
7321837513413,"Symbicort 320/mcg",1,ب — مرجح,"أول دفعة 2026-03-23 = 1، بلا دفعة لاحقة للتأكيد",1,"2026-03-23:1@48391",48391,48391
Xarelto 15mg,"Xarelto 15mg",1,ب — مرجح,"أول دفعة 2026-03-23 = 1، بلا دفعة لاحقة للتأكيد",1,"2026-03-23:1@90645",90645,90645
Xarelto 20mg,"Xarelto 20mg",1,ب — مرجح,"أول دفعة 2026-03-23 = 1، بلا دفعة لاحقة للتأكيد",1,"2026-03-23:1@90645",90645,90645
8699089067848,"Newgarlic",1,ب — مرجح,"أول دفعة 2026-03-23 = 1، بلا دفعة لاحقة للتأكيد",1,"2026-03-23:1@9095",9095,9095
3594451400047,"Procoralan 7.5mg",4,ب — مرجح,"أول دفعة 2026-03-23 = 4، بلا دفعة لاحقة للتأكيد",1,"2026-03-23:4@7670",7670,30678
4009932924640,"Kal D3",3,ب — مرجح,"أول دفعة 2026-03-23 = 3، بلا دفعة لاحقة للتأكيد",1,"2026-03-23:3@5113",5113,15339
5060013948350,"Atenolol 100mg",2,ب — مرجح,"أول دفعة 2026-03-23 = 2، بلا دفعة لاحقة للتأكيد",1,"2026-03-23:2@1540",1540,3079
5060013948336,"Atenolol 25mg",2,ب — مرجح,"أول دفعة 2026-03-23 = 2، بلا دفعة لاحقة للتأكيد",1,"2026-03-23:2@1020",1020,2039
5060013948343,"Atenolol 50mg",2,ب — مرجح,"أول دفعة 2026-03-23 = 2، بلا دفعة لاحقة للتأكيد",1,"2026-03-23:2@1277",1277,2553
Rerny 3g,"Rerny 3g",2,ب — مرجح,"أول دفعة 2026-03-23 = 2، بلا دفعة لاحقة للتأكيد",1,"2026-03-23:2@6136",6136,12271
5060098730574,"Clairette 2000/35",3,ب — مرجح,"أول دفعة 2026-03-23 = 3، بلا دفعة لاحقة للتأكيد",1,"2026-03-23:3@5454",5454,16361
8901138500627,"Diakof Syr ",1,ب — مرجح,"أول دفعة 2026-03-23 = 1، بلا دفعة لاحقة للتأكيد",1,"2026-03-23:1@4060",4060,4060
5060013948374,"Fluoxetine 20mg",3,ب — مرجح,"أول دفعة 2026-03-23 = 3، بلا دفعة لاحقة للتأكيد",1,"2026-03-23:3@1902",1902,5705
Panadol Cold&Flu All In One,"Panadol Cold&Flu All In One",5,ب — مرجح,"أول دفعة 2026-03-23 = 5، بلا دفعة لاحقة للتأكيد",1,"2026-03-23:5@2085",2085,10423
Roxytor 10mg,"Roxytor 10mg",2,ب — مرجح,"أول دفعة 2026-03-23 = 2، بلا دفعة لاحقة للتأكيد",1,"2026-03-23:2@3182",3182,6364
Roxytor 20mg,"Roxytor 20mg",2,ب — مرجح,"أول دفعة 2026-03-23 = 2، بلا دفعة لاحقة للتأكيد",1,"2026-03-23:2@4828",4828,9656
Zyloric TM 100mg,"Zyloric TM 100mg",2,ب — مرجح,"أول دفعة 2026-03-23 = 2، بلا دفعة لاحقة للتأكيد",1,"2026-03-23:2@2597",2597,5195
5060464501593,"Atorvastatin 20mg tab",4,ب — مرجح,"أول دفعة 2026-03-23 = 4، بلا دفعة لاحقة للتأكيد",1,"2026-03-23:4@3210",3210,12840
7640153087676,"Cardex TM Plus 5/12.5mg",3,ب — مرجح,"أول دفعة 2026-03-23 = 3، بلا دفعة لاحقة للتأكيد",1,"2026-03-23:3@1829",1829,5487
00900132,"Ceftazidime BP I.M 1g",1,ب — مرجح,"أول دفعة 2026-03-23 = 1، بلا دفعة لاحقة للتأكيد",1,"2026-03-23:1@5047",5047,5047
610644193718,"Dorofen cap",4,ب — مرجح,"أول دفعة 2026-03-23 = 4، بلا دفعة لاحقة للتأكيد",1,"2026-03-23:4@5318",5318,21270
204000610348," Evening  primrose oil 1000",1,ب — مرجح,"أول دفعة 2026-03-23 = 1، بلا دفعة لاحقة للتأكيد",1,"2026-03-23:1@12270",12270,12270
610644196412,"Gentaplex",1,ب — مرجح,"أول دفعة 2026-03-23 = 1، بلا دفعة لاحقة للتأكيد",1,"2026-03-23:1@14868",14868,14868
4009932927719,"shiny aktiv cap",2,ب — مرجح,"أول دفعة 2026-03-23 = 2، بلا دفعة لاحقة للتأكيد",1,"2026-03-23:2@20452",20452,40904
8699514090472,"Stage_10mg",8,ب — مرجح,"أول دفعة 2026-03-23 = 8، بلا دفعة لاحقة للتأكيد",1,"2026-03-23:8@1600",1600,12798
5021265254231,"Wellman",2,ب — مرجح,"أول دفعة 2026-03-23 = 2، بلا دفعة لاحقة للتأكيد",1,"2026-03-23:2@8590",8590,17179
8906161741955,"Acirid",1,ب — مرجح,"أول دفعة 2026-03-23 = 1، بلا دفعة لاحقة للتأكيد",1,"2026-03-23:1@1798",1798,1798
8906161741153,"Azirid",1,ب — مرجح,"أول دفعة 2026-03-23 = 1، بلا دفعة لاحقة للتأكيد",1,"2026-03-23:1@1925",1925,1925
8906113371605,"B Complex ocean",22,ب — مرجح,"أول دفعة 2026-03-23 = 22، بلا دفعة لاحقة للتأكيد",1,"2026-03-23:22@1926",1926,42372
Betafos,"Betafos",1,ب — مرجح,"أول دفعة 2026-03-23 = 1، بلا دفعة لاحقة للتأكيد",1,"2026-03-23:1@1926",1926,1926
6223005781246,"Ciproraz",4,ب — مرجح,"أول دفعة 2026-03-23 = 4، بلا دفعة لاحقة للتأكيد",1,"2026-03-23:4@1722",1722,6888
8906161744031,"Dexorid",9,ب — مرجح,"أول دفعة 2026-03-23 = 9، بلا دفعة لاحقة للتأكيد",1,"2026-03-23:9@1338",1338,12038
6251651002170,"Fusicure-H",1,ب — مرجح,"أول دفعة 2026-03-23 = 1، بلا دفعة لاحقة للتأكيد",1,"2026-03-23:1@3036",3036,3036
9780201379938,"Levocetirizine",8,ب — مرجح,"أول دفعة 2026-03-23 = 8، بلا دفعة لاحقة للتأكيد",1,"2026-03-23:8@1011",1011,8088
9780201379983,"loratadine 10mg",17,ب — مرجح,"أول دفعة 2026-03-23 = 17، بلا دفعة لاحقة للتأكيد",1,"2026-03-23:17@818",818,13912
8906113370325,"Procen",7,ب — مرجح,"أول دفعة 2026-03-23 = 7، بلا دفعة لاحقة للتأكيد",1,"2026-03-23:7@758",758,5307
8906161744062,"Ridlone oint",1,ب — مرجح,"أول دفعة 2026-03-23 = 1، بلا دفعة لاحقة للتأكيد",1,"2026-03-23:1@2000",2000,2000
8906113371292,"Sterocen-H inj 600000",7,ب — مرجح,"أول دفعة 2026-03-23 = 7، بلا دفعة لاحقة للتأكيد",1,"2026-03-23:7@1926",1926,13482
8906161741931,"Terbirid cream",3,ب — مرجح,"أول دفعة 2026-03-23 = 3، بلا دفعة لاحقة للتأكيد",1,"2026-03-23:3@3263",3263,9789
Urocen amp,"Urocen amp",48,ب — مرجح,"أول دفعة 2026-03-23 = 48، بلا دفعة لاحقة للتأكيد",1,"2026-03-23:48@241",241,11558
8682118106021,"Yenipam amp",5,ب — مرجح,"أول دفعة 2026-03-23 = 5، بلا دفعة لاحقة للتأكيد",1,"2026-03-23:5@963",963,4815
6212267121242,"Asmalair tab",6,ب — مرجح,"أول دفعة 2026-03-23 = 6، بلا دفعة لاحقة للتأكيد",1,"2026-03-23:6@2724",2724,16344
ciprosam 500mg tab,"ciprosam 500mg tab",4,ب — مرجح,"أول دفعة 2026-03-23 = 4، بلا دفعة لاحقة للتأكيد",1,"2026-03-23:4@1546",1546,6184
8699089068005,"New primose ",1,ب — مرجح,"أول دفعة 2026-03-23 = 1، بلا دفعة لاحقة للتأكيد",1,"2026-03-23:1@12840",12840,12840
9641996030810,"Safadol 500mg tab",2,ب — مرجح,"أول دفعة 2026-03-23 = 2، بلا دفعة لاحقة للتأكيد",1,"2026-03-23:2@429",429,858
100764090023,"Samadol relife pain",2,ب — مرجح,"أول دفعة 2026-03-23 = 2، بلا دفعة لاحقة للتأكيد",1,"2026-03-23:2@679",679,1358
3582910083139,"Bi-Tildiem sr 120mg tab",2,ب — مرجح,"أول دفعة 2026-03-23 = 2، بلا دفعة لاحقة للتأكيد",1,"2026-03-23:2@4707",4707,9414
3582910067412,"Coaprovel 300\25 mg tab",2,ب — مرجح,"أول دفعة 2026-03-23 = 2، بلا دفعة لاحقة للتأكيد",1,"2026-03-23:2@5604",5604,11207
daktacort cream,"daktacort cream",1,ب — مرجح,"أول دفعة 2026-03-23 = 1، بلا دفعة لاحقة للتأكيد",1,"2026-03-23:1@4543",4543,4543
8436024614480,"defal 30mg tab",1,ب — مرجح,"أول دفعة 2026-03-23 = 1، بلا دفعة لاحقة للتأكيد",1,"2026-03-23:1@19020",19020,19020
8436024614497,"defal 6mg tab",1,ب — مرجح,"أول دفعة 2026-03-23 = 1، بلا دفعة لاحقة للتأكيد",1,"2026-03-23:1@6647",6647,6647
Glucovance 1000\5 mg tab,"Glucovance 1000\5 mg tab",4,ب — مرجح,"أول دفعة 2026-03-23 = 4، بلا دفعة لاحقة للتأكيد",1,"2026-03-23:4@5048",5048,20190
Risperdal 1mg tab,"Risperdal 1mg tab",2,ب — مرجح,"أول دفعة 2026-03-23 = 2، بلا دفعة لاحقة للتأكيد",1,"2026-03-23:2@6647",6647,13293
Risperdal 4mg tab,"Risperdal 4mg tab",2,ب — مرجح,"أول دفعة 2026-03-23 = 2، بلا دفعة لاحقة للتأكيد",1,"2026-03-23:2@14253",14253,28505
3582910076346,"Tritace 2.5mg tab",2,ب — مرجح,"أول دفعة 2026-03-23 = 2، بلا دفعة لاحقة للتأكيد",1,"2026-03-23:2@6872",6872,13743
6251875000297,"Candasart 16mg tab",3,ب — مرجح,"أول دفعة 2026-03-23 = 3، بلا دفعة لاحقة للتأكيد",1,"2026-03-23:3@2855",2855,8566
6251875000280,"candasart 8mg tab",3,ب — مرجح,"أول دفعة 2026-03-23 = 3، بلا دفعة لاحقة للتأكيد",1,"2026-03-23:3@2456",2456,7369
6251875002550,"Chlomal amp",10,ب — مرجح,"أول دفعة 2026-03-23 = 10، بلا دفعة لاحقة للتأكيد",1,"2026-03-23:10@276",276,2760
Curefast-o syr,"Curefast-o syr",2,ب — مرجح,"أول دفعة 2026-03-23 = 2، بلا دفعة لاحقة للتأكيد",1,"2026-03-23:2@2200",2200,4400
Ketofin hof syr,"Ketofin hof syr",4,ب — مرجح,"أول دفعة 2026-03-23 = 4، بلا دفعة لاحقة للتأكيد",1,"2026-03-23:4@2000",2000,8000
6251875000068,"Losart 100 mg tab",3,ب — مرجح,"أول دفعة 2026-03-23 = 3، بلا دفعة لاحقة للتأكيد",1,"2026-03-23:3@1895",1895,5685
6251875000181,"Losart 50mg tab",2,ب — مرجح,"أول دفعة 2026-03-23 = 2، بلا دفعة لاحقة للتأكيد",1,"2026-03-23:2@1838",1838,3675
6251875000198,"Losart-h 50\12.5 mg tab",2,ب — مرجح,"أول دفعة 2026-03-23 = 2، بلا دفعة لاحقة للتأكيد",1,"2026-03-23:2@2935",2935,5869
6251875001775,"Neuro-forte tab",4,ب — مرجح,"أول دفعة 2026-03-23 = 4، بلا دفعة لاحقة للتأكيد",1,"2026-03-23:4@1295",1295,5180
6251875001287,"Piodol advance tab",2,ب — مرجح,"أول دفعة 2026-03-23 = 2، بلا دفعة لاحقة للتأكيد",1,"2026-03-23:2@549",549,1097
6251875001362,"piodol muscle\body tab",4,ب — مرجح,"أول دفعة 2026-03-23 = 4، بلا دفعة لاحقة للتأكيد",1,"2026-03-23:4@695",695,2780
6251875001454,"Piodol night tab",3,ب — مرجح,"أول دفعة 2026-03-23 = 3، بلا دفعة لاحقة للتأكيد",1,"2026-03-23:3@1000",1000,3000
6251875002659,"Piophage 1000mg tab",2,ب — مرجح,"أول دفعة 2026-03-23 = 2، بلا دفعة لاحقة للتأكيد",1,"2026-03-23:2@769",769,1537
6251875000150,"piophage 850mg tab",2,ب — مرجح,"أول دفعة 2026-03-23 = 2، بلا دفعة لاحقة للتأكيد",1,"2026-03-23:2@657",657,1313
6251875002802,"Piovit-E 100mg tab",4,ب — مرجح,"أول دفعة 2026-03-23 = 4، بلا دفعة لاحقة للتأكيد",1,"2026-03-23:4@674",674,2697
6251875003953,"valesto 100mg tab",2,ب — مرجح,"أول دفعة 2026-03-23 = 2، بلا دفعة لاحقة للتأكيد",1,"2026-03-23:2@14186",14186,28372
6251875000754,"Valsart 160mg tab",4,ب — مرجح,"أول دفعة 2026-03-23 = 4، بلا دفعة لاحقة للتأكيد",1,"2026-03-23:4@3119",3119,12474
6251875001119,"Valsart plus 80/12.5mg tab",2,ب — مرجح,"أول دفعة 2026-03-23 = 2، بلا دفعة لاحقة للتأكيد",1,"2026-03-23:2@3310",3310,6619
8901111074152,"Celmac 200mg tab",3,ب — مرجح,"أول دفعة 2026-03-23 = 3، بلا دفعة لاحقة للتأكيد",1,"2026-03-23:3@1829",1829,5486
8901111085684,"diazac 5mg tab",6,ب — مرجح,"أول دفعة 2026-03-23 = 6، بلا دفعة لاحقة للتأكيد",1,"2026-03-23:6@7490",7490,44940
8901111071687,"Lastavin AM plus 10/160/25mg tab",3,ب — مرجح,"أول دفعة 2026-03-23 = 3، بلا دفعة لاحقة للتأكيد",1,"2026-03-23:3@3579",3579,10737
8901111081907,"Lastavin HTZ 160/25mg tab",3,ب — مرجح,"أول دفعة 2026-03-23 = 3، بلا دفعة لاحقة للتأكيد",1,"2026-03-23:3@2194",2194,6583
8901111005781,"Lisnop-20mg tab",4,ب — مرجح,"أول دفعة 2026-03-23 = 4، بلا دفعة لاحقة للتأكيد",1,"2026-03-23:4@1646",1646,6582
Aerius syr,"Aerius syr",1,ب — مرجح,"أول دفعة 2026-03-23 = 1، بلا دفعة لاحقة للتأكيد",1,"2026-03-23:1@8339",8339,8339
8699525288936,"fixef syr",1,ب — مرجح,"أول دفعة 2026-03-23 = 1، بلا دفعة لاحقة للتأكيد",1,"2026-03-23:1@4915",4915,4915
55648370,"Levofloxacin-COX 500mg tab",2,ب — مرجح,"أول دفعة 2026-03-23 = 2، بلا دفعة لاحقة للتأكيد",1,"2026-03-23:2@1820",1820,3640
8901111570111,"Lisnop-5mg tab",2,ب — مرجح,"أول دفعة 2026-03-23 = 2، بلا دفعة لاحقة للتأكيد",1,"2026-03-23:2@987",987,1974
8600097418287,"Monizol 20mg tab",1,ب — مرجح,"أول دفعة 2026-03-23 = 1، بلا دفعة لاحقة للتأكيد",1,"2026-03-23:1@2796",2796,2796
Neocipro 500mg tab,"Neocipro 500mg tab",5,ب — مرجح,"أول دفعة 2026-03-23 = 5، بلا دفعة لاحقة للتأكيد",1,"2026-03-23:5@2454",2454,12271
Siofor 850mg tab,"Siofor 850mg tab",4,ب — مرجح,"أول دفعة 2026-03-23 = 4، بلا دفعة لاحقة للتأكيد",1,"2026-03-23:4@1372",1372,5486
9641996011413,"Actebid syr",1,ب — مرجح,"أول دفعة 2026-03-23 = 1، بلا دفعة لاحقة للتأكيد",1,"2026-03-23:1@1650",1650,1650
100698010197,"Clidacin 1% 25g gel",2,ب — مرجح,"أول دفعة 2026-03-23 = 2، بلا دفعة لاحقة للتأكيد",1,"2026-03-23:2@4675",4675,9350
304340220702014,"Kindifed syr",1,ب — مرجح,"أول دفعة 2026-03-23 = 1، بلا دفعة لاحقة للتأكيد",1,"2026-03-23:1@1485",1485,1485
100888190029,"Samagra 50mg tab",1,ب — مرجح,"أول دفعة 2026-03-23 = 1، بلا دفعة لاحقة للتأكيد",1,"2026-03-23:1@829",829,829
6251875002529,"Piozex amp",10,ب — مرجح,"أول دفعة 2026-03-23 = 10، بلا دفعة لاحقة للتأكيد",1,"2026-03-23:10@316",316,3158
6211127081818,"Sipro 750mg tab",2,ب — مرجح,"أول دفعة 2026-03-23 = 2، بلا دفعة لاحقة للتأكيد",1,"2026-03-23:2@3480",3480,6960
6251875001645,"Sitavia 100mg tab",6,ب — مرجح,"أول دفعة 2026-03-23 = 6، بلا دفعة لاحقة للتأكيد",1,"2026-03-23:6@6338",6338,38025
6251875001669,"Sitavia 50mg tab",5,ب — مرجح,"أول دفعة 2026-03-23 = 5، بلا دفعة لاحقة للتأكيد",1,"2026-03-23:5@4538",4538,22688
6211164011847,"Trizyme tab",1,ب — مرجح,"أول دفعة 2026-03-23 = 1، بلا دفعة لاحقة للتأكيد",1,"2026-03-23:1@726",726,726
6213060051132,"Cametron 8mg tab",2,ب — مرجح,"أول دفعة 2026-03-23 = 2، بلا دفعة لاحقة للتأكيد",1,"2026-03-23:2@4938",4938,9875
6251875001591,"Horse Man 5mg tab",5,ب — مرجح,"أول دفعة 2026-03-23 = 5، بلا دفعة لاحقة للتأكيد",1,"2026-03-23:5@4200",4200,21000
6251875003243,"Liponeer 20mg tab",6,ب — مرجح,"أول دفعة 2026-03-23 = 6، بلا دفعة لاحقة للتأكيد",1,"2026-03-23:6@923",923,5540
8903703004011,"Metclopramide amp",69,ب — مرجح,"أول دفعة 2026-03-23 = 69، بلا دفعة لاحقة للتأكيد",1,"2026-03-23:69@329",329,22715
6251875002451,"Metocol amp",10,ب — مرجح,"أول دفعة 2026-03-23 = 10، بلا دفعة لاحقة للتأكيد",1,"2026-03-23:10@292",292,2920
6251875004264,"Pio-Vit B12 amp",9,ب — مرجح,"أول دفعة 2026-03-23 = 9، بلا دفعة لاحقة للتأكيد",1,"2026-03-23:9@856",856,7704
6251875002406,"Piogent amp",1,ب — مرجح,"أول دفعة 2026-03-23 = 1، بلا دفعة لاحقة للتأكيد",1,"2026-03-23:1@430",430,430
9641996031312,"Flutan tab",2,ب — مرجح,"أول دفعة 2026-03-24 = 2، بلا دفعة لاحقة للتأكيد",1,"2026-03-24:2@17160",17160,34320
9641996020811,"Folic acid 1mg tab",6,ب — مرجح,"أول دفعة 2026-03-24 = 6، بلا دفعة لاحقة للتأكيد",1,"2026-03-24:6@317",317,1900
9641996040819,"Safadol 250mg sups supp",1,ب — مرجح,"أول دفعة 2026-03-24 = 1، بلا دفعة لاحقة للتأكيد",1,"2026-03-24:1@1158",1158,1158
9641996030315,"Safaplex cap",4,ب — مرجح,"أول دفعة 2026-03-24 = 4، بلا دفعة لاحقة للتأكيد",1,"2026-03-24:4@660",660,2640
100812090067,"Samadol cold&flu yellow",4,ب — مرجح,"أول دفعة 2026-03-24 = 4، بلا دفعة لاحقة للتأكيد",1,"2026-03-24:4@685",685,2740
8699525342812,"Dikloron gel 1%",1,ب — مرجح,"أول دفعة 2026-03-24 = 1، بلا دفعة لاحقة للتأكيد",1,"2026-03-24:1@3079",3079,3079
6291100085958,"Glypride 4mg tab",3,ب — مرجح,"أول دفعة 2026-03-24 = 3، بلا دفعة لاحقة للتأكيد",1,"2026-03-24:3@3218",3218,9655
8901111572115,"Lisnp-10mg tab",2,ب — مرجح,"أول دفعة 2026-03-24 = 2، بلا دفعة لاحقة للتأكيد",1,"2026-03-24:2@1273",1273,2545
8719244901777,"Rovast 10mg tab",4,ب — مرجح,"أول دفعة 2026-03-24 = 4، بلا دفعة لاحقة للتأكيد",1,"2026-03-24:4@3713",3713,14850
8901111001783,"Tyflox 500mg tab",1,ب — مرجح,"أول دفعة 2026-03-24 = 1، بلا دفعة لاحقة للتأكيد",1,"2026-03-24:1@1097",1097,1097
8901086260031,"Zithrocin 500mg tab",4,ب — مرجح,"أول دفعة 2026-03-24 = 4، بلا دفعة لاحقة للتأكيد",1,"2026-03-24:4@1645",1645,6580
8901111083024,"Orlical 120mg cap",3,ب — مرجح,"أول دفعة 2026-03-24 = 3، بلا دفعة لاحقة للتأكيد",1,"2026-03-24:3@7047",7047,21140
8901111074282,"Ralef 90 mg tab",2,ب — مرجح,"أول دفعة 2026-03-24 = 2، بلا دفعة لاحقة للتأكيد",1,"2026-03-24:2@4389",4389,8778
89023990027977,"Vermx 200mg tab",1,ب — مرجح,"أول دفعة 2026-03-24 = 1، بلا دفعة لاحقة للتأكيد",1,"2026-03-24:1@684",684,684
L-15,"L-15",2,ب — مرجح,"أول دفعة 2026-03-24 = 2، بلا دفعة لاحقة للتأكيد",1,"2026-03-24:2@1605",1605,3210
89023990034289,"Loraten 10mg tab",5,ب — مرجح,"أول دفعة 2026-03-24 = 5، بلا دفعة لاحقة للتأكيد",1,"2026-03-24:5@487",487,2433
89023998910325,"Brucoxia 120mg tab",4,ب — مرجح,"أول دفعة 2026-03-24 = 4، بلا دفعة لاحقة للتأكيد",1,"2026-03-24:4@2231",2231,8922
89023998910189,"Brucoxia 60mg tab",3,ب — مرجح,"أول دفعة 2026-03-24 = 3، بلا دفعة لاحقة للتأكيد",1,"2026-03-24:3@1823",1823,5468
89023998910257,"Brucoxia 90mg tab",2,ب — مرجح,"أول دفعة 2026-03-24 = 2، بلا دفعة لاحقة للتأكيد",1,"2026-03-24:2@2066",2066,4132
8901302097618,"Diovan sR tab",2,ب — مرجح,"أول دفعة 2026-03-24 = 2، بلا دفعة لاحقة للتأكيد",1,"2026-03-24:2@439",439,878
8901302189894,"Dolo-cold tab",4,ب — مرجح,"أول دفعة 2026-03-24 = 4، بلا دفعة لاحقة للتأكيد",1,"2026-03-24:4@798",798,3190
8901302111970,"Etorica-90 mg tab",3,ب — مرجح,"أول دفعة 2026-03-24 = 3، بلا دفعة لاحقة للتأكيد",1,"2026-03-24:3@2853",2853,8558
Cardura 1mg,"Cardura 1mg",2,ب — مرجح,"أول دفعة 2026-03-24 = 2، بلا دفعة لاحقة للتأكيد",1,"2026-03-24:2@5522",5522,11044
3582910010562,"Co aprovel 300/12.5mg tab",1,ب — مرجح,"أول دفعة 2026-03-24 = 1، بلا دفعة لاحقة للتأكيد",1,"2026-03-24:1@5604",5604,5604
4046222100599,"Contractubex gel",1,ب — مرجح,"أول دفعة 2026-03-24 = 1، بلا دفعة لاحقة للتأكيد",1,"2026-03-24:1@16361",16361,16361
4019338608259,"Dona sachet",30,ب — مرجح,"أول دفعة 2026-03-24 = 30، بلا دفعة لاحقة للتأكيد",1,"2026-03-24:30@648",648,19429
5060409580423,"Omeg syr",3,ب — مرجح,"أول دفعة 2026-03-24 = 3، بلا دفعة لاحقة للتأكيد",1,"2026-03-24:3@15339",15339,46017
Pariet 20mg,"Pariet 20mg",2,ب — مرجح,"أول دفعة 2026-03-24 = 2، بلا دفعة لاحقة للتأكيد",1,"2026-03-24:2@7793",7793,15585
Risperdal syr,"Risperdal syr",1,ب — مرجح,"أول دفعة 2026-03-24 = 1، بلا دفعة لاحقة للتأكيد",1,"2026-03-24:1@21474",21474,21474
4019338607450,"Spasmolyt 20mg tab",3,ب — مرجح,"أول دفعة 2026-03-24 = 3، بلا دفعة لاحقة للتأكيد",1,"2026-03-24:3@6136",6136,18407
8002660030276,"Klacid syr",1,ب — مرجح,"أول دفعة 2026-03-24 = 1، بلا دفعة لاحقة للتأكيد",1,"2026-03-24:1@12271",12271,12271
Mastifen syr,"Mastifen syr",4,ب — مرجح,"أول دفعة 2026-03-24 = 4، بلا دفعة لاحقة للتأكيد",1,"2026-03-24:4@924",924,3696
TussAway syr,"TussAway syr",2,ب — مرجح,"أول دفعة 2026-03-24 = 2، بلا دفعة لاحقة للتأكيد",1,"2026-03-24:2@1452",1452,2904
6291100080090,"Gyno-Mikazol 400mg sups",1,ب — مرجح,"أول دفعة 2026-03-24 = 1، بلا دفعة لاحقة للتأكيد",1,"2026-03-24:1@3650",3650,3650
8901086120052,"Lorid 10mg tab",10,ب — مرجح,"أول دفعة 2026-03-24 = 10، بلا دفعة لاحقة للتأكيد",1,"2026-03-24:10@768",768,7680
6281227011435,"Maxim 400mg tab",1,ب — مرجح,"أول دفعة 2026-03-24 = 1، بلا دفعة لاحقة للتأكيد",1,"2026-03-24:1@10973",10973,10973
6251107388018,"Liblab syr",1,ب — مرجح,"أول دفعة 2026-03-25 = 1، بلا دفعة لاحقة للتأكيد",1,"2026-03-25:1@2414",2414,2414
6251107425485,"Azord 125\5ml syr",1,ب — مرجح,"أول دفعة 2026-03-25 = 1، بلا دفعة لاحقة للتأكيد",1,"2026-03-25:1@9620",9620,9620
6251107425393,"Azord 125\5ml syr 40ml",1,ب — مرجح,"أول دفعة 2026-03-25 = 1، بلا دفعة لاحقة للتأكيد",1,"2026-03-25:1@5486",5486,5486
Siram syr,"Siram syr",1,ب — مرجح,"أول دفعة 2026-03-25 = 1، بلا دفعة لاحقة للتأكيد",1,"2026-03-25:1@1836",1836,1836
8053259620682,"Bonical syr",1,ب — مرجح,"أول دفعة 2026-03-25 = 1، بلا دفعة لاحقة للتأكيد",1,"2026-03-25:1@8339",8339,8339
Septricidad,"Septricidad",1,ب — مرجح,"أول دفعة 2026-03-25 = 1، بلا دفعة لاحقة للتأكيد",1,"2026-03-25:1@1190",1190,1190
Vomiron,"Vomiron",1,ب — مرجح,"أول دفعة 2026-03-25 = 1، بلا دفعة لاحقة للتأكيد",1,"2026-03-25:1@1650",1650,1650
4031571062995,"Carvedi-Denk 25mg",3,ب — مرجح,"أول دفعة 2026-03-25 = 3، بلا دفعة لاحقة للتأكيد",1,"2026-03-25:3@2392",2392,7176
8698712451290,"Man Foam",2,ب — مرجح,"أول دفعة 2026-03-25 = 2، بلا دفعة لاحقة للتأكيد",1,"2026-03-25:2@6250",6250,12500
8806717015519,"Terbinafine-Vitapure creem",4,ب — مرجح,"أول دفعة 2026-03-25 = 4، بلا دفعة لاحقة للتأكيد",1,"2026-03-25:4@3643",3643,14572
8904398601035,"Clotrimark creem",3,ب — مرجح,"أول دفعة 2026-03-25 = 3، بلا دفعة لاحقة للتأكيد",1,"2026-03-25:3@2145",2145,6435
6253810390784,"Mero plus creem",2,ب — مرجح,"أول دفعة 2026-03-25 = 2، بلا دفعة لاحقة للتأكيد",1,"2026-03-25:2@5217",5217,10434
6251007106804,"Barrad gel",2,ب — مرجح,"أول دفعة 2026-03-25 = 2، بلا دفعة لاحقة للتأكيد",1,"2026-03-25:2@4345",4345,8690
6210870023182,"Ben-Oxide 5 gel",1,ب — مرجح,"أول دفعة 2026-03-25 = 1، بلا دفعة لاحقة للتأكيد",1,"2026-03-25:1@2853",2853,2853
6251107125019,"Mycoheal oral gel",1,ب — مرجح,"أول دفعة 2026-03-25 = 1، بلا دفعة لاحقة للتأكيد",1,"2026-03-25:1@2633",2633,2633
6251161010238,"Uciderm-B",2,ب — مرجح,"أول دفعة 2026-03-25 = 2، بلا دفعة لاحقة للتأكيد",1,"2026-03-25:2@3292",3292,6584
6221508121118,"Sediproct cream",1,ب — مرجح,"أول دفعة 2026-03-25 = 1، بلا دفعة لاحقة للتأكيد",1,"2026-03-25:1@2414",2414,2414
900757250133,"Quadrim cream",1,ب — مرجح,"أول دفعة 2026-03-25 = 1، بلا دفعة لاحقة للتأكيد",1,"2026-03-25:1@1545",1545,1545
6221163015319,"Dolphin 12.5mg sups",2,ب — مرجح,"أول دفعة 2026-03-25 = 2، بلا دفعة لاحقة للتأكيد",1,"2026-03-25:2@988",988,1976
8698712451535,"Baking soda gyno",1,ب — مرجح,"أول دفعة 2026-03-25 = 1، بلا دفعة لاحقة للتأكيد",1,"2026-03-25:1@2250",2250,2250
6192402811729,"Ecorex opalia cream",1,ب — مرجح,"أول دفعة 2026-03-25 = 1، بلا دفعة لاحقة للتأكيد",1,"2026-03-25:1@3731",3731,3731
6192402812412,"Vagilen 500mg sups",1,ب — مرجح,"أول دفعة 2026-03-25 = 1، بلا دفعة لاحقة للتأكيد",1,"2026-03-25:1@1646",1646,1646
6192402812818,"Dermosalic oint",1,ب — مرجح,"أول دفعة 2026-03-25 = 1، بلا دفعة لاحقة للتأكيد",1,"2026-03-25:1@3292",3292,3292
205801050202016,"Myocoyat vaginal cream",2,ب — مرجح,"أول دفعة 2026-03-25 = 2، بلا دفعة لاحقة للتأكيد",1,"2026-03-25:2@1452",1452,2904
401780150512019,"Nystatin vaginal cream",1,ب — مرجح,"أول دفعة 2026-03-25 = 1، بلا دفعة لاحقة للتأكيد",1,"2026-03-25:1@1848",1848,1848
6211336103059,"Voltamed 50mg supp",1,ب — مرجح,"أول دفعة 2026-03-25 = 1، بلا دفعة لاحقة للتأكيد",1,"2026-03-25:1@1338",1338,1338
6211336193050,"Voltamed 12.5mg supp",2,ب — مرجح,"أول دفعة 2026-03-25 = 2، بلا دفعة لاحقة للتأكيد",1,"2026-03-25:2@1338",1338,2675
6210583032525,"Canestal 200mg supp",1,ب — مرجح,"أول دفعة 2026-03-25 = 1، بلا دفعة لاحقة للتأكيد",1,"2026-03-25:1@1027",1027,1027
Gacet-125mg supp,"Gacet-125mg supp",5,ب — مرجح,"أول دفعة 2026-03-25 = 5، بلا دفعة لاحقة للتأكيد",1,"2026-03-25:5@625",625,3125
8470001546531,"Natalben plus cap",3,ب — مرجح,"أول دفعة 2026-03-25 = 3، بلا دفعة لاحقة للتأكيد",1,"2026-03-25:3@4090",4090,12271
6251158490203,"Gyno-candizol 400mg supp",1,ب — مرجح,"أول دفعة 2026-03-25 = 1، بلا دفعة لاحقة للتأكيد",1,"2026-03-25:1@2546",2546,2546
6251161010078,"Philaquin fort",1,ب — مرجح,"أول دفعة 2026-03-25 = 1، بلا دفعة لاحقة للتأكيد",1,"2026-03-25:1@3292",3292,3292
Canesten cream,"Canesten cream",1,ب — مرجح,"أول دفعة 2026-03-25 = 1، بلا دفعة لاحقة للتأكيد",1,"2026-03-25:1@5238",5238,5238
063935015754,"Digest 365 AG",1,ب — مرجح,"أول دفعة 2026-03-25 = 1، بلا دفعة لاحقة للتأكيد",1,"2026-03-25:1@18407",18407,18407
9089786745320,"اعشاب الحضر بابونج",1,ب — مرجح,"أول دفعة 2026-03-26 = 1، بلا دفعة لاحقة للتأكيد",1,"2026-03-26:1@2000",2000,2000
5011025045001,"Sudocrem 250g",1,ب — مرجح,"أول دفعة 2026-03-26 = 1، بلا دفعة لاحقة للتأكيد",1,"2026-03-26:1@11300",11300,11300
6972480970057,"Carex condom",4,ب — مرجح,"أول دفعة 2026-03-26 = 4، بلا دفعة لاحقة للتأكيد",1,"2026-03-26:4@793",793,3173
8656652423333,"كحول طبي 250مل",3,ب — مرجح,"أول دفعة 2026-03-26 = 3، بلا دفعة لاحقة للتأكيد",1,"2026-03-26:3@1000",1000,3000
8680131750351,"krilom syr",2,ب — مرجح,"أول دفعة 2026-03-26 = 2، بلا دفعة لاحقة للتأكيد",1,"2026-03-26:2@8339",8339,16678
6285147002429,"Mentex syr",3,ب — مرجح,"أول دفعة 2026-03-26 = 3، بلا دفعة لاحقة للتأكيد",1,"2026-03-26:3@2523",2523,7569
300841050029,"Tussilet syr",1,ب — مرجح,"أول دفعة 2026-03-26 = 1، بلا دفعة لاحقة للتأكيد",1,"2026-03-26:1@890",890,890
5281018003879,"Beesline Roll",4,ب — مرجح,"أول دفعة 2026-03-26 = 4، بلا دفعة لاحقة للتأكيد",1,"2026-03-26:4@6038",6038,24152
6251065019412,"Amoclan BID 642mg\5ml",1,ب — مرجح,"أول دفعة 2026-03-26 = 1، بلا دفعة لاحقة للتأكيد",1,"2026-03-26:1@10973",10973,10973
8683845774736,"Novadox tab",6,ب — مرجح,"أول دفعة 2026-03-26 = 6، بلا دفعة لاحقة للتأكيد",1,"2026-03-26:6@1295",1295,7769
6251653300502,"Swnergy plus 5\160\25",3,ب — مرجح,"أول دفعة 2026-03-26 = 3، بلا دفعة لاحقة للتأكيد",1,"2026-03-26:3@4909",4909,14726
6251653300007,"Senergy 10/160",2,ب — مرجح,"أول دفعة 2026-03-26 = 2، بلا دفعة لاحقة للتأكيد",1,"2026-03-26:2@4772",4772,9544
5021265254293,"Pregnacare plus",4,ب — مرجح,"أول دفعة 2026-03-26 = 4، بلا دفعة لاحقة للتأكيد",1,"2026-03-26:4@6600",6600,26400
4009932924862,"Vital Materna plus ",2,ب — مرجح,"أول دفعة 2026-03-26 = 2، بلا دفعة لاحقة للتأكيد",1,"2026-03-26:2@4090",4090,8181
4009932927481,"Prostacalm",3,ب — مرجح,"أول دفعة 2026-03-26 = 3، بلا دفعة لاحقة للتأكيد",1,"2026-03-26:3@4090",4090,12271
8901111080535,"Zetanide 250 mg",3,ب — مرجح,"أول دفعة 2026-03-26 = 3، بلا دفعة لاحقة للتأكيد",1,"2026-03-26:3@1609",1609,4828
6251653300403,"Senergy plus 10/160/12.5",1,ب — مرجح,"أول دفعة 2026-03-26 = 1، بلا دفعة لاحقة للتأكيد",1,"2026-03-26:1@5318",5318,5318
2345665432888,"Iroplex cap",3,ب — مرجح,"أول دفعة 2026-03-26 = 3، بلا دفعة لاحقة للتأكيد",1,"2026-03-26:3@4667",4667,14000
8903703010661,"Tranexanic acid amp",5,ب — مرجح,"أول دفعة 2026-03-26 = 5، بلا دفعة لاحقة للتأكيد",1,"2026-03-26:5@1185",1185,5925
5021265254316,"Pregnacare conception",2,ب — مرجح,"أول دفعة 2026-03-26 = 2، بلا دفعة لاحقة للتأكيد",1,"2026-03-26:2@9510",9510,19020
4009932923216,"Irotec tab",2,ب — مرجح,"أول دفعة 2026-03-26 = 2، بلا دفعة لاحقة للتأكيد",1,"2026-03-26:2@3841",3841,7681
6211915043356,"Depo-pred amp",1,ب — مرجح,"أول دفعة 2026-03-26 = 1، بلا دفعة لاحقة للتأكيد",1,"2026-03-26:1@4514",4514,4514
9645553690660,"Asparadol 12mg\ml",2,ب — مرجح,"أول دفعة 2026-03-26 = 2، بلا دفعة لاحقة للتأكيد",1,"2026-03-26:2@3000",3000,6000
Rhinostal syr,"Rhinostal syr",2,ب — مرجح,"أول دفعة 2026-03-26 = 2، بلا دفعة لاحقة للتأكيد",1,"2026-03-26:2@1848",1848,3696
Bronqyway syr,"Bronqyway syr",2,ب — مرجح,"أول دفعة 2026-03-26 = 2، بلا دفعة لاحقة للتأكيد",1,"2026-03-26:2@1650",1650,3300
4009932923933,"Ribosan syr",1,ب — مرجح,"أول دفعة 2026-03-26 = 1، بلا دفعة لاحقة للتأكيد",1,"2026-03-26:1@6584",6584,6584
6251060000118,"Lactulax syr",1,ب — مرجح,"أول دفعة 2026-03-26 = 1، بلا دفعة لاحقة للتأكيد",1,"2026-03-26:1@2698",2698,2698
6211047043798,"Allergitine syr",1,ب — مرجح,"أول دفعة 2026-03-26 = 1، بلا دفعة لاحقة للتأكيد",1,"2026-03-26:1@1500",1500,1500
6805699955525,"Sensodyne",1,ب — مرجح,"أول دفعة 2026-03-26 = 1، بلا دفعة لاحقة للتأكيد",1,"2026-03-26:1@7844",7844,7844
9502930974891,"Sensodyne Mulit care",1,ب — مرجح,"أول دفعة 2026-03-26 = 1، بلا دفعة لاحقة للتأكيد",1,"2026-03-26:1@6500",6500,6500
6211107021841,"Dilzem 60mg tap ",2,ب — مرجح,"أول دفعة 2026-03-26 = 2، بلا دفعة لاحقة للتأكيد",1,"2026-03-26:2@1859",1859,3717
6211107011842,"Dilzem S.R-90mg tap ",2,ب — مرجح,"أول دفعة 2026-03-26 = 2، بلا دفعة لاحقة للتأكيد",1,"2026-03-26:2@2725",2725,5450
Neurontin 300mg,"Neurontin 300mg",3,ب — مرجح,"أول دفعة 2026-03-26 = 3، بلا دفعة لاحقة للتأكيد",1,"2026-03-26:3@3064",3064,9191
818546014913,"PlayaBoy  condom",2,ب — مرجح,"أول دفعة 2026-03-26 = 2، بلا دفعة لاحقة للتأكيد",1,"2026-03-26:2@3725",3725,7450
5287000248280,"شيرة Soft skin",1,ب — مرجح,"أول دفعة 2026-03-26 = 1، بلا دفعة لاحقة للتأكيد",1,"2026-03-26:1@650",650,650
8857101158367,"Jaguar lubrecant",1,ب — مرجح,"أول دفعة 2026-03-26 = 1، بلا دفعة لاحقة للتأكيد",1,"2026-03-26:1@2669",2669,2669
8680525633802,"Povidone 10%",1,ب — مرجح,"أول دفعة 2026-03-26 = 1، بلا دفعة لاحقة للتأكيد",1,"2026-03-26:1@1064",1064,1064
5060288391233,"L-carnitine syr",1,ب — مرجح,"أول دفعة 2026-03-26 = 1، بلا دفعة لاحقة للتأكيد",1,"2026-03-26:1@25974",25974,25974
8699569570226,"FeriMax 150ml syr",1,ب — مرجح,"أول دفعة 2026-03-26 = 1، بلا دفعة لاحقة للتأكيد",1,"2026-03-26:1@6364",6364,6364
8699569010319,"Zeloxim tab",3,ب — مرجح,"أول دفعة 2026-03-26 = 3، بلا دفعة لاحقة للتأكيد",1,"2026-03-26:3@1536",1536,4608
Lamifen 250mg tab,"Lamifen 250mg tab",2,ب — مرجح,"أول دفعة 2026-03-26 = 2، بلا دفعة لاحقة للتأكيد",1,"2026-03-26:2@5809",5809,11617
3800089870511,"Thiotic acid 300mg",2,ب — مرجح,"أول دفعة 2026-03-26 = 2، بلا دفعة لاحقة للتأكيد",1,"2026-03-26:2@6899",6899,13797
7640153081698,"Ortacta 20mg",2,ب — مرجح,"أول دفعة 2026-03-26 = 2، بلا دفعة لاحقة للتأكيد",1,"2026-03-26:2@24136",24136,48272
7640153081681,"Ortacta 15mg",2,ب — مرجح,"أول دفعة 2026-03-26 = 2، بلا دفعة لاحقة للتأكيد",1,"2026-03-26:2@24136",24136,48272
7640153087621,"Cardex 10mg",3,ب — مرجح,"أول دفعة 2026-03-26 = 3، بلا دفعة لاحقة للتأكيد",1,"2026-03-26:3@2414",2414,7242
100758380017,"Samagesic red",7,ب — مرجح,"أول دفعة 2026-03-26 = 7، بلا دفعة لاحقة للتأكيد",1,"2026-03-26:7@792",792,5544
8806980006115,"Polygante supp",1,ب — مرجح,"أول دفعة 2026-03-26 = 1، بلا دفعة لاحقة للتأكيد",1,"2026-03-26:1@5712",5712,5712
Progeva 100mg  supp&tab,"Progeva 100mg  supp&tab",2,ب — مرجح,"أول دفعة 2026-03-26 = 2، بلا دفعة لاحقة للتأكيد",1,"2026-03-26:2@8181",8181,16362
096419706404,"Citadina 4mg tap",5,ب — مرجح,"أول دفعة 2026-03-27 = 5، بلا دفعة لاحقة للتأكيد",1,"2026-03-27:5@330",330,1650
5290665001381,"Glitisol 5mg tap",9,ب — مرجح,"أول دفعة 2026-03-27 = 9، بلا دفعة لاحقة للتأكيد",1,"2026-03-27:9@164",164,1476
6221508019415,"Farex tap",1,ب — مرجح,"أول دفعة 2026-03-27 = 1، بلا دفعة لاحقة للتأكيد",1,"2026-03-27:1@1260",1260,1260
Samagra 50mg,"Samagra 50mg tab",2,ب — مرجح,"أول دفعة 2026-03-27 = 2، بلا دفعة لاحقة للتأكيد",1,"2026-03-27:2@528",528,1056
100764090016,"Samacodamol tab",4,ب — مرجح,"أول دفعة 2026-03-27 = 4، بلا دفعة لاحقة للتأكيد",1,"2026-03-27:4@1044",1044,4174
504730021011019,"Pyridoxin tab",4,ب — مرجح,"أول دفعة 2026-03-27 = 4، بلا دفعة لاحقة للتأكيد",1,"2026-03-27:4@350",350,1400
100888190012,"Samagra 25mg tab",1,ب — مرجح,"أول دفعة 2026-03-27 = 1، بلا دفعة لاحقة للتأكيد",1,"2026-03-27:1@620",620,620
6291100080687,"Muscadol tab ",4,ب — مرجح,"أول دفعة 2026-03-27 = 4، بلا دفعة لاحقة للتأكيد",1,"2026-03-27:4@1098",1098,4390
5290665005457,"Melorem 7.5mg tap",4,ب — مرجح,"أول دفعة 2026-03-27 = 4، بلا دفعة لاحقة للتأكيد",1,"2026-03-27:4@732",732,2927
5290665005426,"Melorem 15mg tap",2,ب — مرجح,"أول دفعة 2026-03-27 = 2، بلا دفعة لاحقة للتأكيد",1,"2026-03-27:2@1098",1098,2197
Iniparnt 40 tab,"Inipant 40mg tab",2,ب — مرجح,"أول دفعة 2026-03-27 = 2، بلا دفعة لاحقة للتأكيد",1,"2026-03-27:2@2469",2469,4937
Inipant 20mg tab,"Inipant 20mg tab",2,ب — مرجح,"أول دفعة 2026-03-27 = 2، بلا دفعة لاحقة للتأكيد",1,"2026-03-27:2@1799",1799,3598
6221508171618,"Phytovit mm",3,ب — مرجح,"أول دفعة 2026-03-27 = 3، بلا دفعة لاحقة للتأكيد",1,"2026-03-27:3@1450",1450,4350
9120005550490,"Eucarbon tab",2,ب — مرجح,"أول دفعة 2026-03-27 = 2، بلا دفعة لاحقة للتأكيد",1,"2026-03-27:2@2268",2268,4535
5060781549902,"Neurofix rorte tab ",2,ب — مرجح,"أول دفعة 2026-03-27 = 2، بلا دفعة لاحقة للتأكيد",1,"2026-03-27:2@1390",1390,2780
150100070402019,"Pisolon syr",1,ب — مرجح,"أول دفعة 2026-03-27 = 1، بلا دفعة لاحقة للتأكيد",1,"2026-03-27:1@2731",2731,2731
6211333033793,"Viramed syrp",1,ب — مرجح,"أول دفعة 2026-03-27 = 1، بلا دفعة لاحقة للتأكيد",1,"2026-03-27:1@4851",4851,4851
Diclogesic eye 0.1,"Diclogesic eye 0.1",1,ب — مرجح,"أول دفعة 2026-03-27 = 1، بلا دفعة لاحقة للتأكيد",1,"2026-03-27:1@3291",3291,3291
8435080012582,"Acuaiss disop amp",3,ب — مرجح,"أول دفعة 2026-03-28 = 3، بلا دفعة لاحقة للتأكيد",1,"2026-03-28:3@2904",2904,8712
6251151000225,"Apidex eye drop",1,ب — مرجح,"أول دفعة 2026-03-28 = 1، بلا دفعة لاحقة للتأكيد",1,"2026-03-28:1@2568",2568,2568
2802313001013,"Eyetobrin eye drop",1,ب — مرجح,"أول دفعة 2026-03-28 = 1، بلا دفعة لاحقة للتأكيد",1,"2026-03-28:1@3292",3292,3292
6251151001260,"Apizad eye drop",1,ب — مرجح,"أول دفعة 2026-03-28 = 1، بلا دفعة لاحقة للتأكيد",1,"2026-03-28:1@4389",4389,4389
2806970612780,"Terolac 0.5% 10ml eye drop",1,ب — مرجح,"أول دفعة 2026-03-28 = 1، بلا دفعة لاحقة للتأكيد",1,"2026-03-28:1@5267",5267,5267
6223005445926,"Efemyo eye drop",1,ب — مرجح,"أول دفعة 2026-03-28 = 1، بلا دفعة لاحقة للتأكيد",1,"2026-03-28:1@5486",5486,5486
8901111004197,"Apdrops eye drop",1,ب — مرجح,"أول دفعة 2026-03-28 = 1، بلا دفعة لاحقة للتأكيد",1,"2026-03-28:1@3362",3362,3362
2802808427014,"Dorzoptic eye drop",1,ب — مرجح,"أول دفعة 2026-03-28 = 1، بلا دفعة لاحقة للتأكيد",1,"2026-03-28:1@7900",7900,7900
6251875002307,"Piogent  0.3% 5ML eye drop",1,ب — مرجح,"أول دفعة 2026-03-28 = 1، بلا دفعة لاحقة للتأكيد",1,"2026-03-28:1@988",988,988
89023990012331,"Vermx susp",1,ب — مرجح,"أول دفعة 2026-03-28 = 1، بلا دفعة لاحقة للتأكيد",1,"2026-03-28:1@910",910,910
Fluca eye drop,"Fluca eye drop",1,ب — مرجح,"أول دفعة 2026-03-28 = 1، بلا دفعة لاحقة للتأكيد",1,"2026-03-28:1@4389",4389,4389
8680199020205,"levoximed eye drop",1,ب — مرجح,"أول دفعة 2026-03-28 = 1، بلا دفعة لاحقة للتأكيد",1,"2026-03-28:1@7290",7290,7290
8680199009781,"Pallada eye drop",1,ب — مرجح,"أول دفعة 2026-03-28 = 1، بلا دفعة لاحقة للتأكيد",1,"2026-03-28:1@9990",9990,9990
6221032333544,"ciprocin eye drop",1,ب — مرجح,"أول دفعة 2026-03-28 = 1، بلا دفعة لاحقة للتأكيد",1,"2026-03-28:1@1646",1646,1646
8435080011837,"acuaiss eye drop",1,ب — مرجح,"أول دفعة 2026-03-28 = 1، بلا دفعة لاحقة للتأكيد",1,"2026-03-28:1@9630",9630,9630
6251151000041,"Apigen eye drop ",1,ب — مرجح,"أول دفعة 2026-03-28 = 1، بلا دفعة لاحقة للتأكيد",1,"2026-03-28:1@2063",2063,2063
6251151000300,"Apillerg eye drop",1,ب — مرجح,"أول دفعة 2026-03-28 = 1، بلا دفعة لاحقة للتأكيد",1,"2026-03-28:1@2963",2963,2963
6251151001796,"neodex eye drop",1,ب — مرجح,"أول دفعة 2026-03-28 = 1، بلا دفعة لاحقة للتأكيد",1,"2026-03-28:1@4170",4170,4170
6251151000034,"APLMOL 0.5% EYE 5ml drop api",1,ب — مرجح,"أول دفعة 2026-03-28 = 1، بلا دفعة لاحقة للتأكيد",1,"2026-03-28:1@2195",2195,2195
8901111053485,"Brinzox-T eye drop",1,ب — مرجح,"أول دفعة 2026-03-28 = 1، بلا دفعة لاحقة للتأكيد",1,"2026-03-28:1@6149",6149,6149
Timoglau eye drop,"Timoglau eye drop",1,ب — مرجح,"أول دفعة 2026-03-28 = 1، بلا دفعة لاحقة للتأكيد",1,"2026-03-28:1@4960",4960,4960
Moxedol eye drop,"Moxedol eye drop",1,ب — مرجح,"أول دفعة 2026-03-28 = 1، بلا دفعة لاحقة للتأكيد",1,"2026-03-28:1@9679",9679,9679
dglau eye drop,"dglau eye drop",1,ب — مرجح,"أول دفعة 2026-03-28 = 1، بلا دفعة لاحقة للتأكيد",1,"2026-03-28:1@11044",11044,11044
iclopegicedol eye drop,"iclopegicedol eye drop",1,ب — مرجح,"أول دفعة 2026-03-28 = 1، بلا دفعة لاحقة للتأكيد",1,"2026-03-28:1@5377",5377,5377
8699089068104,"Newmulti tab",1,ب — مرجح,"أول دفعة 2026-03-28 = 1، بلا دفعة لاحقة للتأكيد",1,"2026-03-28:1@5645",5645,5645
3760245850415,"Sitadin M 1000mg\50mg",2,ب — مرجح,"أول دفعة 2026-03-28 = 2، بلا دفعة لاحقة للتأكيد",1,"2026-03-28:2@4680",4680,9360
Nexum 10mg sachet,"Nexum 10mg sachet",28,ب — مرجح,"أول دفعة 2026-03-28 = 28، بلا دفعة لاحقة للتأكيد",1,"2026-03-28:28@1241",1241,34756
8699514092988,"Rexapin 5mg tab",4,ب — مرجح,"أول دفعة 2026-03-28 = 4، بلا دفعة لاحقة للتأكيد",1,"2026-03-28:4@2195",2195,8778
8699514096498,"Rixapin 2.5mg tab",3,ب — مرجح,"أول دفعة 2026-03-28 = 3، بلا دفعة لاحقة للتأكيد",1,"2026-03-28:3@1646",1646,4938
Kapron 500mg\5ml amp,"Kapron 500mg\5ml amp",6,ب — مرجح,"أول دفعة 2026-03-28 = 6، بلا دفعة لاحقة للتأكيد",1,"2026-03-28:6@1267",1267,7600
5281019902966,"Ostrong tab",16,ب — مرجح,"أول دفعة 2026-03-28 = 16، بلا دفعة لاحقة للتأكيد",1,"2026-03-28:16@1500",1500,24000
5000456065832,"Onglyza 5mg ",3,ب — مرجح,"أول دفعة 2026-03-28 = 3، بلا دفعة لاحقة للتأكيد",1,"2026-03-28:3@10163",10163,30489
Potenciator 5G oral solution,"Potenciator 5G oral solution",20,ب — مرجح,"أول دفعة 2026-03-28 = 20، بلا دفعة لاحقة للتأكيد",1,"2026-03-28:20@1023",1023,20452
8902399003414,"B-Plexin cap",5,ب — مرجح,"أول دفعة 2026-03-28 = 5، بلا دفعة لاحقة للتأكيد",1,"2026-03-28:5@0",0,2
Esomeprazol 40mg injection,"Esomeprazol 40mg injection",4,ب — مرجح,"أول دفعة 2026-03-28 = 4، بلا دفعة لاحقة للتأكيد",1,"2026-03-28:4@4355",4355,17420
8003522375849,"Trogastro cap",2,ب — مرجح,"أول دفعة 2026-03-28 = 2، بلا دفعة لاحقة للتأكيد",1,"2026-03-28:2@7181",7181,14361
8964003535582,"Zolid 15mg tab ",4,ب — مرجح,"أول دفعة 2026-03-28 = 4، بلا دفعة لاحقة للتأكيد",1,"2026-03-28:4@4292",4292,17167
8699514093572,"Rexapin 10mg tab",4,ب — مرجح,"أول دفعة 2026-03-28 = 4، بلا دفعة لاحقة للتأكيد",1,"2026-03-28:4@3068",3068,12271
8964003535599,"Zolid 30mg tab",4,ب — مرجح,"أول دفعة 2026-03-28 = 4، بلا دفعة لاحقة للتأكيد",1,"2026-03-28:4@5586",5586,22345
7649991224151,"Vitamin B6 amp",9,ب — مرجح,"أول دفعة 2026-03-28 = 9، بلا دفعة لاحقة للتأكيد",1,"2026-03-28:9@214",214,1926
4048846022431,"Jardiance",3,ب — مرجح,"أول دفعة 2026-03-29 = 3، بلا دفعة لاحقة للتأكيد",1,"2026-03-29:3@18495",18495,55484
6251875002154,"Piotrim _5mg susp",1,ب — مرجح,"أول دفعة 2026-03-29 = 1، بلا دفعة لاحقة للتأكيد",1,"2026-03-29:1@1828",1828,1828
Paracetamol 1000mg\100ml Vial,"Paracetamol 1000mg\100ml Vial",6,ب — مرجح,"أول دفعة 2026-03-29 = 6، بلا دفعة لاحقة للتأكيد",1,"2026-03-29:6@1250",1250,7500
6251107425379,"Angiosar 160mg/10mg tab daraldawa",3,ب — مرجح,"أول دفعة 2026-03-29 = 3، بلا دفعة لاحقة للتأكيد",1,"2026-03-29:3@4772",4772,14316
8699566756203,"Santafer 3 100mg/2ml amp",5,ب — مرجح,"أول دفعة 2026-03-29 = 5، بلا دفعة لاحقة للتأكيد",1,"2026-03-29:5@2195",2195,10973
6251875001867,"Painoxia 60mg tab",2,ب — مرجح,"أول دفعة 2026-03-29 = 2، بلا دفعة لاحقة للتأكيد",1,"2026-03-29:2@2785",2785,5569
Glibesyn,"glibesyn 5mg tab",2,ب — مرجح,"أول دفعة 2026-03-29 = 2، بلا دفعة لاحقة للتأكيد",1,"2026-03-29:2@417",417,834
5290931003064,"Lamotrix 100mg tab",3,ب — مرجح,"أول دفعة 2026-03-29 = 3، بلا دفعة لاحقة للتأكيد",1,"2026-03-29:3@3954",3954,11862
5055565788950,"Flecainide acetate 100mg tab",6,ب — مرجح,"أول دفعة 2026-03-29 = 6، بلا دفعة لاحقة للتأكيد",1,"2026-03-29:6@4091",4091,24543
8964003535148,"Empiget 10mg tab",8,ب — مرجح,"أول دفعة 2026-03-29 = 8، بلا دفعة لاحقة للتأكيد",1,"2026-03-29:8@5237",5237,41896
8000985000325,"Bonito flash",4,ب — مرجح,"أول دفعة 2026-03-29 = 4، بلا دفعة لاحقة للتأكيد",1,"2026-03-29:4@339",339,1357
6251159060115,"Edarbi 80mg tab",4,ب — مرجح,"أول دفعة 2026-03-29 = 4، بلا دفعة لاحقة للتأكيد",1,"2026-03-29:4@8689",8689,34756
Davalindi,"Davalindi 10000IU tab",1,ب — مرجح,"أول دفعة 2026-03-29 = 1، بلا دفعة لاحقة للتأكيد",1,"2026-03-29:1@8945",8945,8945
6251107378217,"Gizlan-plus 150/12.5mg tab",3,ب — مرجح,"أول دفعة 2026-03-29 = 3، بلا دفعة لاحقة للتأكيد",1,"2026-03-29:3@3658",3658,10973
8680881259876,"Uroday 3g 3sachets",3,ب — مرجح,"أول دفعة 2026-03-29 = 3، بلا دفعة لاحقة للتأكيد",1,"2026-03-29:3@4090",4090,12271
6251875002192,"Amiocord 200mg tab",2,ب — مرجح,"أول دفعة 2026-03-29 = 2، بلا دفعة لاحقة للتأكيد",1,"2026-03-29:2@1540",1540,3080
6251159023868,"Blopress Plus 16mg tab",2,ب — مرجح,"أول دفعة 2026-03-29 = 2، بلا دفعة لاحقة للتأكيد",1,"2026-03-29:2@6238",6238,12476
Azord 300mg cap,"Azord 300mg cap",1,ب — مرجح,"أول دفعة 2026-03-29 = 1، بلا دفعة لاحقة للتأكيد",1,"2026-03-29:1@10972",10972,10972
6251875001959,"Levemax 500mg tab",2,ب — مرجح,"أول دفعة 2026-03-29 = 2، بلا دفعة لاحقة للتأكيد",1,"2026-03-29:2@3365",3365,6731
8901117083912,"Seroflo 250mcg 120Doses Cipla",1,ب — مرجح,"أول دفعة 2026-03-29 = 1، بلا دفعة لاحقة للتأكيد",1,"2026-03-29:1@17425",17425,17425
6251875000143,"Daoneer 5mg tab",3,ب — مرجح,"أول دفعة 2026-03-29 = 3، بلا دفعة لاحقة للتأكيد",1,"2026-03-29:3@657",657,1971
6251107230027,"Lipodar 20mg 5ab",3,ب — مرجح,"أول دفعة 2026-03-29 = 3، بلا دفعة لاحقة للتأكيد",1,"2026-03-29:3@2414",2414,7242
6210874017521,"Domizyle 100ml solution",1,ب — مرجح,"أول دفعة 2026-03-29 = 1، بلا دفعة لاحقة للتأكيد",1,"2026-03-29:1@1975",1975,1975
6251875000235,"Zitroneer 500mg cap",1,ب — مرجح,"أول دفعة 2026-03-29 = 1، بلا دفعة لاحقة للتأكيد",1,"2026-03-29:1@2110",2110,2110
6972480970064,"Carex Delay",5,ب — مرجح,"أول دفعة 2026-03-29 = 5، بلا دفعة لاحقة للتأكيد",1,"2026-03-29:5@958",958,4792
5290931037496,"Procyclidine 5mg tab",10,ب — مرجح,"أول دفعة 2026-03-29 = 10، بلا دفعة لاحقة للتأكيد",1,"2026-03-29:10@1083",1083,10827
4030571008347,"Artelac Nighttime Gel",1,ب — مرجح,"أول دفعة 2026-03-29 = 1، بلا دفعة لاحقة للتأكيد",1,"2026-03-29:1@11067",11067,11067
8964003535575,"Zolid plus 15/850 tab",4,ب — مرجح,"أول دفعة 2026-03-29 = 4، بلا دفعة لاحقة للتأكيد",1,"2026-03-29:4@5105",5105,20420
9008732007602,"Fluoxetine GL 20mg",2,ب — مرجح,"أول دفعة 2026-03-29 = 2، بلا دفعة لاحقة للتأكيد",1,"2026-03-29:2@2656",2656,5311
6251151000584,"Mycosat 30ml Oral Drop",2,ب — مرجح,"أول دفعة 2026-03-29 = 2، بلا دفعة لاحقة للتأكيد",1,"2026-03-29:2@2355",2355,4710
6251065049389,"Bilaxten 20mg",2,ب — مرجح,"أول دفعة 2026-03-29 = 2، بلا دفعة لاحقة للتأكيد",1,"2026-03-29:2@5870",5870,11739
3578830115227,"Cys-Control 30ml Sachets",20,ب — مرجح,"أول دفعة 2026-03-29 = 20، بلا دفعة لاحقة للتأكيد",1,"2026-03-29:20@673",673,13459
8901302111963,"etorica-60 tab",2,ب — مرجح,"أول دفعة 2026-03-29 = 2، بلا دفعة لاحقة للتأكيد",1,"2026-03-29:2@2195",2195,4389
5081234567823,"Febaz 80mg",2,ب — مرجح,"أول دفعة 2026-03-29 = 2، بلا دفعة لاحقة للتأكيد",1,"2026-03-29:2@3196",3196,6392
6251161020343,"Mycophil 30ml Oral Drop",1,ب — مرجح,"أول دفعة 2026-03-29 = 1، بلا دفعة لاحقة للتأكيد",1,"2026-03-29:1@2414",2414,2414
5294271160722,"RespiramOl 200/6mcg Cap",1,ب — مرجح,"أول دفعة 2026-03-29 = 1، بلا دفعة لاحقة للتأكيد",1,"2026-03-29:1@22088",22088,22088
6251159062065,"Edarbyclor 40\25",4,ب — مرجح,"أول دفعة 2026-03-29 = 4، بلا دفعة لاحقة للتأكيد",1,"2026-03-29:4@8689",8689,34756
6251106803246,"Newstar 160\5\25",2,ب — مرجح,"أول دفعة 2026-03-29 = 2، بلا دفعة لاحقة للتأكيد",1,"2026-03-29:2@3722",3722,7445
6251106401961,"Lukast 5mg tab",2,ب — مرجح,"أول دفعة 2026-03-29 = 2، بلا دفعة لاحقة للتأكيد",1,"2026-03-29:2@3072",3072,6145
Pil-Complexc tab,"Pil-Complex tab",8,ب — مرجح,"أول دفعة 2026-03-29 = 8، بلا دفعة لاحقة للتأكيد",1,"2026-03-29:8@1217",1217,9733
6251159024605,"Actos 30mg tab",1,ب — مرجح,"أول دفعة 2026-03-29 = 1، بلا دفعة لاحقة للتأكيد",1,"2026-03-29:1@44410",44410,44410
5290931000087,"Rilcaton 50mg",2,ب — مرجح,"أول دفعة 2026-03-29 = 2، بلا دفعة لاحقة للتأكيد",1,"2026-03-29:2@1262",1262,2524
5055565788974,"Atorvastatin 20mg accord",2,ب — مرجح,"أول دفعة 2026-03-29 = 2، بلا دفعة لاحقة للتأكيد",1,"2026-03-29:2@5318",5318,10635
8711600804357,"Dove soap",2,ب — مرجح,"أول دفعة 2026-03-29 = 2، بلا دفعة لاحقة للتأكيد",1,"2026-03-29:2@910",910,1820
7425,"Colgate Optic white",2,ب — مرجح,"أول دفعة 2026-03-29 = 2، بلا دفعة لاحقة للتأكيد",1,"2026-03-29:2@1725",1725,3450
8436026215845,"KIn sensi ",1,ب — مرجح,"أول دفعة 2026-03-29 = 1، بلا دفعة لاحقة للتأكيد",1,"2026-03-29:1@9000",9000,9000
851699,"Johnson  baby oil",4,ب — مرجح,"أول دفعة 2026-03-29 = 4، بلا دفعة لاحقة للتأكيد",1,"2026-03-29:4@2474",2474,9896
9319871000875,"White GLo anti-plaque",1,ب — مرجح,"أول دفعة 2026-03-29 = 1، بلا دفعة لاحقة للتأكيد",1,"2026-03-29:1@4500",4500,4500
600552102582,"Wotix مزلق بالقهوة",1,ب — مرجح,"أول دفعة 2026-03-29 = 1، بلا دفعة لاحقة للتأكيد",1,"2026-03-29:1@2543",2543,2543
8680525627122,"Glycerine drop",2,ب — مرجح,"أول دفعة 2026-03-29 = 2، بلا دفعة لاحقة للتأكيد",1,"2026-03-29:2@1133",1133,2266
8699153012453,"Tarmedal Shampoo",1,ب — مرجح,"أول دفعة 2026-03-29 = 1، بلا دفعة لاحقة للتأكيد",1,"2026-03-29:1@4312",4312,4312
3574669909358,"Gohnson baby soap",3,ب — مرجح,"أول دفعة 2026-03-29 = 3، بلا دفعة لاحقة للتأكيد",1,"2026-03-29:3@715",715,2145
8906012847850," Glycerin soap",2,ب — مرجح,"أول دفعة 2026-03-29 = 2، بلا دفعة لاحقة للتأكيد",1,"2026-03-29:2@1180",1180,2360
Rexona spray,"Rexona spray",1,ب — مرجح,"أول دفعة 2026-03-29 = 1، بلا دفعة لاحقة للتأكيد",1,"2026-03-29:1@3390",3390,3390
041833001000,"Rose soap",1,ب — مرجح,"أول دفعة 2026-03-29 = 1، بلا دفعة لاحقة للتأكيد",1,"2026-03-29:1@1072",1072,1072
esomeprazole 40mg vial,"esomeprazole 40mg vial",2,ب — مرجح,"أول دفعة 2026-03-29 = 2، بلا دفعة لاحقة للتأكيد",1,"2026-03-29:2@4355",4355,8710
5060013948435,"Lisoretic 20mg \12.5mg",2,ب — مرجح,"أول دفعة 2026-03-29 = 2، بلا دفعة لاحقة للتأكيد",1,"2026-03-29:2@5060",5060,10120
5060013948459,"Metoprolol Tartrate 50mg",2,ب — مرجح,"أول دفعة 2026-03-29 = 2، بلا دفعة لاحقة للتأكيد",1,"2026-03-29:2@2657",2657,5313
5055565758977,"Escitalopram 20mg",2,ب — مرجح,"أول دفعة 2026-03-29 = 2، بلا دفعة لاحقة للتأكيد",1,"2026-03-29:2@4828",4828,9656
3094901340003,"خيط اسنان Sensodyne",1,ب — مرجح,"أول دفعة 2026-03-29 = 1، بلا دفعة لاحقة للتأكيد",1,"2026-03-29:1@1800",1800,1800
8906148421405,"Baby teething Gel",3,ب — مرجح,"أول دفعة 2026-03-29 = 3، بلا دفعة لاحقة للتأكيد",1,"2026-03-29:3@907",907,2721
4031571051166,"Amlo-Denk 5mg",5,ب — مرجح,"أول دفعة 2026-03-29 = 5، بلا دفعة لاحقة للتأكيد",1,"2026-03-29:5@1620",1620,8098
850019764055,"Deelit 3 10000IU",2,ب — مرجح,"أول دفعة 2026-03-29 = 2، بلا دفعة لاحقة للتأكيد",1,"2026-03-29:2@6788",6788,13576
8699525750495,"Diazem amp",1,ب — مرجح,"أول دفعة 2026-03-29 = 1، بلا دفعة لاحقة للتأكيد",1,"2026-03-29:1@742",742,742
Diclofenac Sodium amp,"Diclofenac Sodium amp",5,ب — مرجح,"أول دفعة 2026-03-29 = 5، بلا دفعة لاحقة للتأكيد",1,"2026-03-29:5@220",220,1098
8906175040006,"Esomes vial ",2,ب — مرجح,"أول دفعة 2026-03-29 = 2، بلا دفعة لاحقة للتأكيد",1,"2026-03-29:2@3217",3217,6434
8683400273162,"B12 gummies",1,ب — مرجح,"أول دفعة 2026-03-29 = 1، بلا دفعة لاحقة للتأكيد",1,"2026-03-29:1@13294",13294,13294
8683400273186,"multivitamin plus gummeis",1,ب — مرجح,"أول دفعة 2026-03-29 = 1، بلا دفعة لاحقة للتأكيد",1,"2026-03-29:1@12783",12783,12783
8683400273063,"Ultra omega gummies",1,ب — مرجح,"أول دفعة 2026-03-29 = 1، بلا دفعة لاحقة للتأكيد",1,"2026-03-29:1@17589",17589,17589
7649991224182,"Gentamycin amp",7,ب — مرجح,"أول دفعة 2026-03-29 = 7، بلا دفعة لاحقة للتأكيد",1,"2026-03-29:7@314",314,2199
8903703009467,"Iron sucrose 20mg/ml amp",4,ب — مرجح,"أول دفعة 2026-03-29 = 4، بلا دفعة لاحقة للتأكيد",1,"2026-03-29:4@2659",2659,10635
6251651002606,"Lacomide 50mg",4,ب — مرجح,"أول دفعة 2026-03-29 = 4، بلا دفعة لاحقة للتأكيد",1,"2026-03-29:4@4620",4620,18480
8004637264479,"Memoria cap",1,ب — مرجح,"أول دفعة 2026-03-29 = 1، بلا دفعة لاحقة للتأكيد",1,"2026-03-29:1@8590",8590,8590
835776000158,"Mr.tumee calcium gummeis",1,ب — مرجح,"أول دفعة 2026-03-29 = 1، بلا دفعة لاحقة للتأكيد",1,"2026-03-29:1@11044",11044,11044
5206892100124,"Sinomarin children spray",1,ب — مرجح,"أول دفعة 2026-03-30 = 1، بلا دفعة لاحقة للتأكيد",1,"2026-03-30:1@9871",9871,9871
Vomi Swiss amp,"Vomi Swiss amp",8,ب — مرجح,"أول دفعة 2026-03-30 = 8، بلا دفعة لاحقة للتأكيد",1,"2026-03-30:8@680",680,5440
6291103730688,"Atorlip 10mg",3,ب — مرجح,"أول دفعة 2026-03-30 = 3، بلا دفعة لاحقة للتأكيد",1,"2026-03-30:3@2487",2487,7461
6291103730695,"Atorlip 20mg",3,ب — مرجح,"أول دفعة 2026-03-30 = 3، بلا دفعة لاحقة للتأكيد",1,"2026-03-30:3@3545",3545,10635
3400930409398,"Foncitril sachet",14,ب — مرجح,"أول دفعة 2026-03-30 = 14، بلا دفعة لاحقة للتأكيد",1,"2026-03-30:14@1094",1094,15318
Lifance 10mg,"Lifance 10mg",2,ب — مرجح,"أول دفعة 2026-03-30 = 2، بلا دفعة لاحقة للتأكيد",1,"2026-03-30:2@4772",4772,9544
8901111059821,"Mubact 4mg-30 Sachets",30,ب — مرجح,"أول دفعة 2026-03-30 = 30، بلا دفعة لاحقة للتأكيد",1,"2026-03-30:30@359",359,10757
8906161741283,"Tusis 100ml cough Oral Syr",2,ب — مرجح,"أول دفعة 2026-03-30 = 2، بلا دفعة لاحقة للتأكيد",1,"2026-03-30:2@2394",2394,4788
Sevikar HCT 20\5\12.5mg,"Sevikar HCT 20\5\12.5mg",2,ب — مرجح,"أول دفعة 2026-03-30 = 2، بلا دفعة لاحقة للتأكيد",1,"2026-03-30:2@15900",15900,31800
Sevikar HCT 40\5\25mg,"Sevikar HCT 40\5\25mg",4,ب — مرجح,"أول دفعة 2026-03-30 = 4، بلا دفعة لاحقة للتأكيد",1,"2026-03-30:4@10041",10041,40163
Sevikar 20\5mg,"Sevikar 20\5mg",2,ب — مرجح,"أول دفعة 2026-03-30 = 2، بلا دفعة لاحقة للتأكيد",1,"2026-03-30:2@12985",12985,25970
Sevikar 40\10mg,"Sevikar 40\10mg",1,ب — مرجح,"أول دفعة 2026-03-30 = 1، بلا دفعة لاحقة للتأكيد",1,"2026-03-30:1@16139",16139,16139
5281019904632,"Uricare 10mg",3,ب — مرجح,"أول دفعة 2026-03-30 = 3، بلا دفعة لاحقة للتأكيد",1,"2026-03-30:3@6408",6408,19225
5281019904625,"Uricare 5mg",3,ب — مرجح,"أول دفعة 2026-03-30 = 3، بلا دفعة لاحقة للتأكيد",1,"2026-03-30:3@4909",4909,14726
100523009112021,"Valiupam syr",1,ب — مرجح,"أول دفعة 2026-03-30 = 1، بلا دفعة لاحقة للتأكيد",1,"2026-03-30:1@1056",1056,1056
Rivaxime,"Rivaxime 100mg/5m Susp",5,ب — مرجح,"أول دفعة 2026-03-30 = 5، بلا دفعة لاحقة للتأكيد",1,"2026-03-30:5@2660",2660,13300
6251106801648,"Topferol Vit-D 10000IU tab",2,ب — مرجح,"أول دفعة 2026-03-30 = 2، بلا دفعة لاحقة للتأكيد",1,"2026-03-30:2@10973",10973,21946
7321837523177,"Brilinta  90mg",3,ب — مرجح,"أول دفعة 2026-03-30 = 3، بلا دفعة لاحقة للتأكيد",1,"2026-03-30:3@16040",16040,48120
6251106161612,"Orotix 120mg tab",1,ب — مرجح,"أول دفعة 2026-03-30 = 1، بلا دفعة لاحقة للتأكيد",1,"2026-03-30:1@7461",7461,7461
6251151001369,"Apisal JEt baby",1,ب — مرجح,"أول دفعة 2026-03-30 = 1، بلا دفعة لاحقة للتأكيد",1,"2026-03-30:1@7850",7850,7850
6251161010146,"Metroza 15g 1% cream",1,ب — مرجح,"أول دفعة 2026-03-30 = 1، بلا دفعة لاحقة للتأكيد",1,"2026-03-30:1@4170",4170,4170
89023994248279,"Tzide 500mg",7,ب — مرجح,"أول دفعة 2026-03-30 = 7، بلا دفعة لاحقة للتأكيد",1,"2026-03-30:7@615",615,4305
6251870000124,"Seizam 1000mg",3,ب — مرجح,"أول دفعة 2026-03-30 = 3، بلا دفعة لاحقة للتأكيد",1,"2026-03-30:3@5590",5590,16770
6251870000148,"Olexa 10mg",3,ب — مرجح,"أول دفعة 2026-03-30 = 3، بلا دفعة لاحقة للتأكيد",1,"2026-03-30:3@8723",8723,26170
8964003193966,"Erlina 10\5",3,ب — مرجح,"أول دفعة 2026-03-30 = 3، بلا دفعة لاحقة للتأكيد",1,"2026-03-30:3@6615",6615,19845
4260586492262,"Mama care",1,ب — مرجح,"أول دفعة 2026-03-30 = 1، بلا دفعة لاحقة للتأكيد",1,"2026-03-30:1@8910",8910,8910
7798050061524,"Panclo B12 tab",8,ب — مرجح,"أول دفعة 2026-03-30 = 8، بلا دفعة لاحقة للتأكيد",1,"2026-03-30:8@6860",6860,54880
410115901702018,"Handistan 40mg 1% cream",1,ب — مرجح,"أول دفعة 2026-03-30 = 1، بلا دفعة لاحقة للتأكيد",1,"2026-03-30:1@2244",2244,2244
5206892101244,"Sinomarin Babies",3,ب — مرجح,"أول دفعة 2026-03-30 = 3، بلا دفعة لاحقة للتأكيد",1,"2026-03-30:3@3140",3140,9420
5012617009289,"Amitriptyline 10mg tab",2,ب — مرجح,"أول دفعة 2026-03-30 = 2، بلا دفعة لاحقة للتأكيد",1,"2026-03-30:2@1350",1350,2700
8964003193133,"Inosita Plus 50/500mg tab",4,ب — مرجح,"أول دفعة 2026-03-30 = 4، بلا دفعة لاحقة للتأكيد",1,"2026-03-30:4@2940",2940,11760
8683744497842,"Mir-Speak smooth syr",1,ب — مرجح,"أول دفعة 2026-03-30 = 1، بلا دفعة لاحقة للتأكيد",1,"2026-03-30:1@29470",29470,29470
8964003193140,"Inosita Plus XR 100/1000mg tab",4,ب — مرجح,"أول دفعة 2026-03-30 = 4، بلا دفعة لاحقة للتأكيد",1,"2026-03-30:4@6930",6930,27720
6251870000131,"Olexa 5mg",3,ب — مرجح,"أول دفعة 2026-03-30 = 3، بلا دفعة لاحقة للتأكيد",1,"2026-03-30:3@3953",3953,11860
8681763362936,"Brain Smart 120ml syr",1,ب — مرجح,"أول دفعة 2026-03-30 = 1، بلا دفعة لاحقة للتأكيد",1,"2026-03-30:1@35110",35110,35110
5024187804355,"Pirocomplex amp",4,ب — مرجح,"أول دفعة 2026-03-30 = 4، بلا دفعة لاحقة للتأكيد",1,"2026-03-30:4@4536",4536,18144
8680760040021,"Pantactive 40mg",2,ب — مرجح,"أول دفعة 2026-03-30 = 2، بلا دفعة لاحقة للتأكيد",1,"2026-03-30:2@4060",4060,8120
8680760040014,"Panactive 20mg",2,ب — مرجح,"أول دفعة 2026-03-30 = 2، بلا دفعة لاحقة للتأكيد",1,"2026-03-30:2@2525",2525,5050
8053259620316,"Prostanil cap",2,ب — مرجح,"أول دفعة 2026-03-30 = 2، بلا دفعة لاحقة للتأكيد",1,"2026-03-30:2@12270",12270,24540
6251870024113,"RedeX 10mg",1,ب — مرجح,"أول دفعة 2026-03-30 = 1، بلا دفعة لاحقة للتأكيد",1,"2026-03-30:1@2860",2860,2860
8683429642246,"Speak AVO+D Smooth syr",1,ب — مرجح,"أول دفعة 2026-03-30 = 1، بلا دفعة لاحقة للتأكيد",1,"2026-03-30:1@23690",23690,23690
8681144601234,"Special syr",1,ب — مرجح,"أول دفعة 2026-03-30 = 1، بلا دفعة لاحقة للتأكيد",1,"2026-03-30:1@63840",63840,63840
3806782213068,"Vasoo-D3 10000IU",2,ب — مرجح,"أول دفعة 2026-03-30 = 2، بلا دفعة لاحقة للتأكيد",1,"2026-03-30:2@2940",2940,5880
3809185702375,"Vasoo-d3 50000IU",2,ب — مرجح,"أول دفعة 2026-03-30 = 2، بلا دفعة لاحقة للتأكيد",1,"2026-03-30:2@4720",4720,9440
4204000410210,"Irovit cap",2,ب — مرجح,"أول دفعة 2026-03-30 = 2، بلا دفعة لاحقة للتأكيد",1,"2026-03-30:2@3620",3620,7240
8964003193126,"Inosita Plus 50/1000mg tab",4,ب — مرجح,"أول دفعة 2026-03-30 = 4، بلا دفعة لاحقة للتأكيد",1,"2026-03-30:4@3375",3375,13500
8053259620880,"Visional syr",1,ب — مرجح,"أول دفعة 2026-03-30 = 1، بلا دفعة لاحقة للتأكيد",1,"2026-03-30:1@14880",14880,14880
00353100004036,"Hydroxyprogesterone 250mg amp",2,ب — مرجح,"أول دفعة 2026-03-30 = 2، بلا دفعة لاحقة للتأكيد",1,"2026-03-30:2@13750",13750,27500
5901785309843,"Chiro Nemia tab",2,ب — مرجح,"أول دفعة 2026-03-30 = 2، بلا دفعة لاحقة للتأكيد",1,"2026-03-30:2@10550",10550,21100
4001728378057,"ZInc plus HANSAl syr",1,ب — مرجح,"أول دفعة 2026-03-30 = 1، بلا دفعة لاحقة للتأكيد",1,"2026-03-30:1@7070",7070,7070
8699580090277,"Maximus 100mg",1,ب — مرجح,"أول دفعة 2026-03-30 = 1، بلا دفعة لاحقة للتأكيد",1,"2026-03-30:1@3950",3950,3950
L_ARGININE 1000mg OXFORD,"L_ARGININE 1000mg OXFORD",1,ب — مرجح,"أول دفعة 2026-03-30 = 1، بلا دفعة لاحقة للتأكيد",1,"2026-03-30:1@1",1,1
733739033765,"Apple Cider Vinegar 750mg Now cap",1,ب — مرجح,"أول دفعة 2026-03-30 = 1، بلا دفعة لاحقة للتأكيد",1,"2026-03-30:1@30940",30940,30940
MELATONIN 10mg OXFORD,"MELATONIN 10mg OXFORD",1,ب — مرجح,"أول دفعة 2026-03-30 = 1، بلا دفعة لاحقة للتأكيد",1,"2026-03-30:1@19040",19040,19040
676194992485,"A-Z Vits tab hilvits",1,ب — مرجح,"أول دفعة 2026-03-30 = 1، بلا دفعة لاحقة للتأكيد",1,"2026-03-30:1@7010",7010,7010
8437020074742,"Nefecol tab",3,ب — مرجح,"أول دفعة 2026-03-30 = 3، بلا دفعة لاحقة للتأكيد",1,"2026-03-30:3@2687",2687,8060
5060742390314,"CARB Blocker NEWGATE cap",1,ب — مرجح,"أول دفعة 2026-03-30 = 1، بلا دفعة لاحقة للتأكيد",1,"2026-03-30:1@26880",26880,26880
4405623419707,"Airvie Fast 10/5mg tab",4,ب — مرجح,"أول دفعة 2026-03-30 = 4، بلا دفعة لاحقة للتأكيد",1,"2026-03-30:4@3663",3663,14653
5902205535064,"Nutra sleep gummeis",1,ب — مرجح,"أول دفعة 2026-03-30 = 1، بلا دفعة لاحقة للتأكيد",1,"2026-03-30:1@16790",16790,16790
4407836317221,"Airvie Plus10/5mg tab",6,ب — مرجح,"أول دفعة 2026-03-30 = 6، بلا دفعة لاحقة للتأكيد",1,"2026-03-30:6@3663",3663,21980
Cialis 5mg,"Cialis 5mg tab",2,ب — مرجح,"أول دفعة 2026-03-30 = 2، بلا دفعة لاحقة للتأكيد",1,"2026-03-30:2@44000",44000,88000
5060829021612,"Probiotic 30BILION",2,ب — مرجح,"أول دفعة 2026-03-30 = 2، بلا دفعة لاحقة للتأكيد",1,"2026-03-30:2@20300",20300,40600
9780201379235,"Biotin 10000mcg OXFORD PHARMA cap",1,ب — مرجح,"أول دفعة 2026-03-30 = 1، بلا دفعة لاحقة للتأكيد",1,"2026-03-30:1@19040",19040,19040
6251870048003,"Quel 25mg tab",6,ب — مرجح,"أول دفعة 2026-03-30 = 6، بلا دفعة لاحقة للتأكيد",1,"2026-03-30:6@2728",2728,16370
8611272003396,"NAC sachet",22,ب — مرجح,"أول دفعة 2026-03-30 = 22، بلا دفعة لاحقة للتأكيد",1,"2026-03-30:22@840",840,18480
8680199255058,"Montal 4mg sachet",17,ب — مرجح,"أول دفعة 2026-03-30 = 17، بلا دفعة لاحقة للتأكيد",1,"2026-03-30:17@403",403,6843
8699569520085,"Salpium 2.5mg/2.5ml syr",3,ب — مرجح,"أول دفعة 2026-03-30 = 3، بلا دفعة لاحقة للتأكيد",1,"2026-03-30:3@2773",2773,8318
733739003690,"Vitamin D3&K2 NOW",2,ب — مرجح,"أول دفعة 2026-03-30 = 2، بلا دفعة لاحقة للتأكيد",1,"2026-03-30:2@21500",21500,43000
733739003874,"Vitamin D310000 NOW",1,ب — مرجح,"أول دفعة 2026-03-30 = 1، بلا دفعة لاحقة للتأكيد",1,"2026-03-30:1@16240",16240,16240
8684543711818,"Ultra Biotin gummeis",1,ب — مرجح,"أول دفعة 2026-03-30 = 1، بلا دفعة لاحقة للتأكيد",1,"2026-03-30:1@12100",12100,12100
087614116860,"Biotin 10000 sawnson",1,ب — مرجح,"أول دفعة 2026-03-30 = 1، بلا دفعة لاحقة للتأكيد",1,"2026-03-30:1@28880",28880,28880
9178714971013,"Dutasin 0.4\0.5",3,ب — مرجح,"أول دفعة 2026-03-30 = 3، بلا دفعة لاحقة للتأكيد",1,"2026-03-30:3@13067",13067,39200
5060742390291,"Hair skin&nails NEWGATe",2,ب — مرجح,"أول دفعة 2026-03-30 = 2، بلا دفعة لاحقة للتأكيد",1,"2026-03-30:2@16240",16240,32480
Ketocot,"Ketocot 30g 2% cream",2,ب — مرجح,"أول دفعة 2026-03-30 = 2، بلا دفعة لاحقة للتأكيد",1,"2026-03-30:2@4450",4450,8900
5294271161354,"Renon 50mg",3,ب — مرجح,"أول دفعة 2026-03-30 = 3، بلا دفعة لاحقة للتأكيد",1,"2026-03-30:3@11587",11587,34760
8681144601456,"GHRS syr",1,ب — مرجح,"أول دفعة 2026-03-30 = 1، بلا دفعة لاحقة للتأكيد",1,"2026-03-30:1@26600",26600,26600
4260586492446,"CALDDOX syr",1,ب — مرجح,"أول دفعة 2026-03-30 = 1، بلا دفعة لاحقة للتأكيد",1,"2026-03-30:1@10640",10640,10640
5902205535934,"Nutra BIotec sachet",13,ب — مرجح,"أول دفعة 2026-03-30 = 13، بلا دفعة لاحقة للتأكيد",1,"2026-03-30:13@1077",1077,14003
8964001925309,"Omesam Insta sachet",5,ب — مرجح,"أول دفعة 2026-03-30 = 5، بلا دفعة لاحقة للتأكيد",1,"2026-03-30:5@669",669,3345
6286740000379,"sensodyne Shield 75ml",1,ب — مرجح,"أول دفعة 2026-03-30 = 1، بلا دفعة لاحقة للتأكيد",1,"2026-03-30:1@7844",7844,7844
5290931000513,"Ulceran 20mg tab",4,ب — مرجح,"أول دفعة 2026-03-30 = 4، بلا دفعة لاحقة للتأكيد",1,"2026-03-30:4@1065",1065,4258
769915195712,"Ordinary caffeine 5%",1,ب — مرجح,"أول دفعة 2026-03-30 = 1، بلا دفعة لاحقة للتأكيد",1,"2026-03-30:1@15000",15000,15000
8682773091007,"Purest niacinamide5%+zinc PCA1% 30ml",1,ب — مرجح,"أول دفعة 2026-03-30 = 1، بلا دفعة لاحقة للتأكيد",1,"2026-03-30:1@16000",16000,16000
3337875597210,"Cerave Moisturising lotion 236ml",1,ب — مرجح,"أول دفعة 2026-03-30 = 1، بلا دفعة لاحقة للتأكيد",1,"2026-03-30:1@18000",18000,18000
769915199581,"Ordinary salicylic acid2%",1,ب — مرجح,"أول دفعة 2026-03-30 = 1، بلا دفعة لاحقة للتأكيد",1,"2026-03-30:1@11000",11000,11000
769915232042,"Ordinary aaglucoside foaming cleanser",1,ب — مرجح,"أول دفعة 2026-03-30 = 1، بلا دفعة لاحقة للتأكيد",1,"2026-03-30:1@23000",23000,23000
3337875795456,"Cerave SA smoothing cleanser 473ml",2,ب — مرجح,"أول دفعة 2026-03-30 = 2، بلا دفعة لاحقة للتأكيد",1,"2026-03-30:2@23000",23000,46000
3337875597395,"Cerave  moisturising lotion 473ml",2,ب — مرجح,"أول دفعة 2026-03-30 = 2، بلا دفعة لاحقة للتأكيد",1,"2026-03-30:2@23000",23000,46000
3337875597180,"Cerave hadrating cleanser 236ml",1,ب — مرجح,"أول دفعة 2026-03-30 = 1، بلا دفعة لاحقة للتأكيد",1,"2026-03-30:1@16000",16000,16000
3337875784054,"Cerave Blemish control cleanser",2,ب — مرجح,"أول دفعة 2026-03-30 = 2، بلا دفعة لاحقة للتأكيد",1,"2026-03-30:2@19000",19000,38000
8682773091304," the Purest solutions Retinol 1%",2,ب — مرجح,"أول دفعة 2026-03-30 = 2، بلا دفعة لاحقة للتأكيد",1,"2026-03-30:2@16000",16000,32000
8684083320631,"the Purest solutions \soothing&smoothing",2,ب — مرجح,"أول دفعة 2026-03-30 = 2، بلا دفعة لاحقة للتأكيد",1,"2026-03-30:2@16000",16000,32000
8682773091960,"the Purest solution  Hyaluronic acid 0.5%",2,ب — مرجح,"أول دفعة 2026-03-30 = 2، بلا دفعة لاحقة للتأكيد",1,"2026-03-30:2@16000",16000,32000
8682773091281,"the Purest solutions purifying oil cleanser 150ml",2,ب — مرجح,"أول دفعة 2026-03-30 = 2، بلا دفعة لاحقة للتأكيد",1,"2026-03-30:2@16000",16000,32000
8684083320570,"the Purest solution  exfoliation salicylic acid cleancer 400ml",2,ب — مرجح,"أول دفعة 2026-03-30 = 2، بلا دفعة لاحقة للتأكيد",1,"2026-03-30:2@29000",29000,58000
8682773091687,"the Purest solution  Blemish defense",2,ب — مرجح,"أول دفعة 2026-03-30 = 2، بلا دفعة لاحقة للتأكيد",1,"2026-03-30:2@16000",16000,32000
769915234060,"the Ordinary Glycolic acid 7% exfoliating toner 240ml",1,ب — مرجح,"أول دفعة 2026-03-30 = 1، بلا دفعة لاحقة للتأكيد",1,"2026-03-30:1@23000",23000,23000
8682773091069,"the Purest solution  Peptide complex 30ml",1,ب — مرجح,"أول دفعة 2026-03-30 = 1، بلا دفعة لاحقة للتأكيد",1,"2026-03-30:1@16000",16000,16000
8809875457788,"EQQUAL Berry Aloe Pdrn calming 30ml",1,ب — مرجح,"أول دفعة 2026-03-30 = 1، بلا دفعة لاحقة للتأكيد",1,"2026-03-30:1@16000",16000,16000
8809875457801,"EQQUAL Berry  Nad+Peptide",1,ب — مرجح,"أول دفعة 2026-03-30 = 1، بلا دفعة لاحقة للتأكيد",1,"2026-03-30:1@16000",16000,16000
8809875457795,"EQQUAL Berry  Hyaltoin flooding 30ml ",1,ب — مرجح,"أول دفعة 2026-03-30 = 1، بلا دفعة لاحقة للتأكيد",1,"2026-03-30:1@16000",16000,16000
8809875456477,"EQQUAL Berry Vitamin illuminating 30ml",1,ب — مرجح,"أول دفعة 2026-03-30 = 1، بلا دفعة لاحقة للتأكيد",1,"2026-03-30:1@16000",16000,16000
8682773091274,"the Purest solutions 2%BHA salicylic acid",1,ب — مرجح,"أول دفعة 2026-03-31 = 1، بلا دفعة لاحقة للتأكيد",1,"2026-03-31:1@17500",17500,17500
8682773091045,"the Purest solution  clycolic acid 5% exfoliation 200ml",1,ب — مرجح,"أول دفعة 2026-03-31 = 1، بلا دفعة لاحقة للتأكيد",1,"2026-03-31:1@16000",16000,16000
8682773091267,"the Purest solution  powder cleanser 55g",1,ب — مرجح,"أول دفعة 2026-03-31 = 1، بلا دفعة لاحقة للتأكيد",1,"2026-03-31:1@16000",16000,16000
8684083320525,"the Purest solution  Hydratin Gentle 400ml",2,ب — مرجح,"أول دفعة 2026-03-31 = 2، بلا دفعة لاحقة للتأكيد",1,"2026-03-31:2@25139",25139,50278
8682773091311,"the Purest solution  Hydation Booster 50ml",2,ب — مرجح,"أول دفعة 2026-03-31 = 2، بلا دفعة لاحقة للتأكيد",1,"2026-03-31:2@16000",16000,32000
8682773091298,"the Purest solution  10%Ascorbic Acid 0.5%ferulic acid 30ml",2,ب — مرجح,"أول دفعة 2026-03-31 = 2، بلا دفعة لاحقة للتأكيد",1,"2026-03-31:2@16000",16000,32000
8682773091014,"the Purest solution Aha10%+Bha 2%  exfoliation 30ml",2,ب — مرجح,"أول دفعة 2026-03-31 = 2، بلا دفعة لاحقة للتأكيد",1,"2026-03-31:2@16000",16000,32000
8682773091052,"the Purest solution  Caffeine 30ml",2,ب — مرجح,"أول دفعة 2026-03-31 = 2، بلا دفعة لاحقة للتأكيد",1,"2026-03-31:2@16000",16000,32000
8682773091038,"the Purest solution  Brightening serum 30ml",2,ب — مرجح,"أول دفعة 2026-03-31 = 2، بلا دفعة لاحقة للتأكيد",1,"2026-03-31:2@16000",16000,32000
6910021100204,"فرشة اسنان Charcol blach",4,ب — مرجح,"أول دفعة 2026-03-31 = 4، بلا دفعة لاحقة للتأكيد",1,"2026-03-31:4@782",782,3127
معجون اسنان CAPITANO,"معجون اسنان CAPITANO",5,ب — مرجح,"أول دفعة 2026-03-31 = 5، بلا دفعة لاحقة للتأكيد",1,"2026-03-31:5@8500",8500,42500
سبلاش معطر جسم RUTOZ,"سبلاش معطر جسم RUTOZ",6,ب — مرجح,"أول دفعة 2026-03-31 = 6، بلا دفعة لاحقة للتأكيد",1,"2026-03-31:6@4590",4590,27540
Hilti honey,"Hilti honey",9,ب — مرجح,"أول دفعة 2026-03-31 = 9، بلا دفعة لاحقة للتأكيد",1,"2026-03-31:9@1622",1622,14595
صابونة Beesline,"صابونة Beesline",7,ب — مرجح,"أول دفعة 2026-03-31 = 7، بلا دفعة لاحقة للتأكيد",1,"2026-03-31:7@5700",5700,39900
6958892650282,"Pastil suap",1,ب — مرجح,"أول دفعة 2026-03-31 = 1، بلا دفعة لاحقة للتأكيد",1,"2026-03-31:1@1600",1600,1600
6903388620003,"فلرشة اسنان Colgate",5,ب — مرجح,"أول دفعة 2026-03-31 = 5، بلا دفعة لاحقة للتأكيد",1,"2026-03-31:5@604",604,3021
6927236604076,"قرشة اسنان Sunsooyne",1,ب — مرجح,"أول دفعة 2026-03-31 = 1، بلا دفعة لاحقة للتأكيد",1,"2026-03-31:1@613",613,613
6972865131028,"فلرشة اسنان  GOROR",4,ب — مرجح,"أول دفعة 2026-03-31 = 4، بلا دفعة لاحقة للتأكيد",1,"2026-03-31:4@429",429,1717
فلاش Cureeex,"فلاش Cureeex",5,ب — مرجح,"أول دفعة 2026-03-31 = 5، بلا دفعة لاحقة للتأكيد",1,"2026-03-31:5@1750",1750,8750
6975242600858,"papaya Cleaning",4,ب — مرجح,"أول دفعة 2026-03-31 = 4، بلا دفعة لاحقة للتأكيد",1,"2026-03-31:4@3530",3530,14120
Vastlina 50ml,"Vastlina 50ml",8,ب — مرجح,"أول دفعة 2026-03-31 = 8، بلا دفعة لاحقة للتأكيد",1,"2026-03-31:8@1470",1470,11760
Kix multi vitamin,"Kix multi vitamin",3,ب — مرجح,"أول دفعة 2026-03-31 = 3، بلا دفعة لاحقة للتأكيد",1,"2026-03-31:3@438",438,1313
8901030953941,"Simple glow facial wash ",3,ب — مرجح,"أول دفعة 2026-03-31 = 3، بلا دفعة لاحقة للتأكيد",1,"2026-03-31:3@5220",5220,15660
6253601800126,"Stretch mark cream",2,ب — مرجح,"أول دفعة 2026-03-31 = 2، بلا دفعة لاحقة للتأكيد",1,"2026-03-31:2@6550",6550,13100
6253601800119,"Stretch Nipple cream",2,ب — مرجح,"أول دفعة 2026-03-31 = 2، بلا دفعة لاحقة للتأكيد",1,"2026-03-31:2@5110",5110,10220
6975242600896,"papaya foot cream",2,ب — مرجح,"أول دفعة 2026-03-31 = 2، بلا دفعة لاحقة للتأكيد",1,"2026-03-31:2@2650",2650,5300
6975242600889,"Papaya Hand cream",2,ب — مرجح,"أول دفعة 2026-03-31 = 2، بلا دفعة لاحقة للتأكيد",1,"2026-03-31:2@2450",2450,4900
6260147730329,"Ardene moisturizing cream",2,ب — مرجح,"أول دفعة 2026-03-31 = 2، بلا دفعة لاحقة للتأكيد",1,"2026-03-31:2@4280",4280,8560
Disunie Nose Mash,"Disunie Nose Mash",3,ب — مرجح,"أول دفعة 2026-03-31 = 3، بلا دفعة لاحقة للتأكيد",1,"2026-03-31:3@2420",2420,7260
مزلق jaguar power,"مزلق jaguar power",1,ب — مرجح,"أول دفعة 2026-03-31 = 1، بلا دفعة لاحقة للتأكيد",1,"2026-03-31:1@2720",2720,2720
8697711700224,"Bio Balance Organic argan oil conditioner 330ml",1,ب — مرجح,"أول دفعة 2026-03-31 = 1، بلا دفعة لاحقة للتأكيد",1,"2026-03-31:1@10290",10290,10290
Avene cleanance gil 400ml,"Avene cleanance gil 400ml",1,ب — مرجح,"أول دفعة 2026-03-31 = 1، بلا دفعة لاحقة للتأكيد",1,"2026-03-31:1@34860",34860,34860
8697711700064,"Bio Balance Brightening eye cream 15ml",1,ب — مرجح,"أول دفعة 2026-03-31 = 1، بلا دفعة لاحقة للتأكيد",1,"2026-03-31:1@11690",11690,11690
769915190373,"the Ordinary Lactic acid 10% ",1,ب — مرجح,"أول دفعة 2026-03-31 = 1، بلا دفعة لاحقة للتأكيد",1,"2026-03-31:1@11960",11960,11960
6211978201106,"Riviera soda ",2,ب — مرجح,"أول دفعة 2026-03-31 = 2، بلا دفعة لاحقة للتأكيد",1,"2026-03-31:2@1750",1750,3500
6262227002418,"Kix multi vitamin milk straw",2,ب — مرجح,"أول دفعة 2026-03-31 = 2، بلا دفعة لاحقة للتأكيد",1,"2026-03-31:2@1750",1750,3500
3282779002738,"ِِAvene cold cream 40ml",2,ب — مرجح,"أول دفعة 2026-03-31 = 2، بلا دفعة لاحقة للتأكيد",1,"2026-03-31:2@14250",14250,28500
3760245852013,"A313 50gm",2,ب — مرجح,"أول دفعة 2026-04-01 = 2، بلا دفعة لاحقة للتأكيد",1,"2026-04-01:2@19500",19500,39000
8697711700170,"Bio balance citrus shampoo",1,ب — مرجح,"أول دفعة 2026-04-01 = 1، بلا دفعة لاحقة للتأكيد",1,"2026-04-01:1@8640",8640,8640
8809576261486,"Centella hyalu-cica first 100ml amp ",1,ب — مرجح,"أول دفعة 2026-04-01 = 1، بلا دفعة لاحقة للتأكيد",1,"2026-04-01:1@16290",16290,16290
8680923337463,"Dr.Clinic body Whitening cream",1,ب — مرجح,"أول دفعة 2026-04-01 = 1، بلا دفعة لاحقة للتأكيد",1,"2026-04-01:1@6730",6730,6730
8680923334813,"Dr0Clinic VItamin c",1,ب — مرجح,"أول دفعة 2026-04-01 = 1، بلا دفعة لاحقة للتأكيد",1,"2026-04-01:1@6720",6720,6720
3606000577138,"CeraVe Acne Control Cleanser 237ml",1,ب — مرجح,"أول دفعة 2026-04-01 = 1، بلا دفعة لاحقة للتأكيد",1,"2026-04-01:1@16000",16000,16000
5280131601009,"Neoprosone limon cream",1,ب — مرجح,"أول دفعة 2026-04-01 = 1، بلا دفعة لاحقة للتأكيد",1,"2026-04-01:1@10150",10150,10150
8013134009377,"Foltene amp man",12,ب — مرجح,"أول دفعة 2026-04-01 = 12، بلا دفعة لاحقة للتأكيد",1,"2026-04-01:12@3623",3623,43480
8013134009384,"Foltene amp women",11,ب — مرجح,"أول دفعة 2026-04-01 = 11، بلا دفعة لاحقة للتأكيد",1,"2026-04-01:11@3853",3853,42378
3337875840620,"CeraVe Facial Moisturising Lotion 52ml",1,ب — مرجح,"أول دفعة 2026-04-01 = 1، بلا دفعة لاحقة للتأكيد",1,"2026-04-01:1@26173",26173,26173
3337875597357,"CeraVe Floaming Cleanser 473ml",1,ب — مرجح,"أول دفعة 2026-04-01 = 1، بلا دفعة لاحقة للتأكيد",1,"2026-04-01:1@32089",32089,32089
8001090153296,"Pantene Moisture renewal",1,ب — مرجح,"أول دفعة 2026-04-01 = 1، بلا دفعة لاحقة للتأكيد",1,"2026-04-01:1@4470",4470,4470
6937914923092,"Rose oil Charming",2,ب — مرجح,"أول دفعة 2026-04-01 = 2، بلا دفعة لاحقة للتأكيد",1,"2026-04-01:2@2650",2650,5300
3606000537699,"CeraVe Hydrating Facial Cleanser 237ml",1,ب — مرجح,"أول دفعة 2026-04-01 = 1، بلا دفعة لاحقة للتأكيد",1,"2026-04-01:1@16000",16000,16000
6932511218299,"Aloe Vera gel",1,ب — مرجح,"أول دفعة 2026-04-01 = 1، بلا دفعة لاحقة للتأكيد",1,"2026-04-01:1@2930",2930,2930
6294015124224,"Alo Vera 99% cosmo",1,ب — مرجح,"أول دفعة 2026-04-01 = 1، بلا دفعة لاحقة للتأكيد",1,"2026-04-01:1@4720",4720,4720
6957681745154,"Spa gel socks",4,ب — مرجح,"أول دفعة 2026-04-01 = 4، بلا دفعة لاحقة للتأكيد",1,"2026-04-01:4@2390",2390,9560
3337875829007,"CeraVe Resurfacing Retinol Serum 30ml",1,ب — مرجح,"أول دفعة 2026-04-01 = 1، بلا دفعة لاحقة للتأكيد",1,"2026-04-01:1@31238",31238,31238
حاوية حبوب 3اسابيع,"حاوية حبوب 3اسابيع",1,ب — مرجح,"أول دفعة 2026-04-01 = 1، بلا دفعة لاحقة للتأكيد",1,"2026-04-01:1@1330",1330,1330
8697711700187,"Bio balance aloe vera shampoo",1,ب — مرجح,"أول دفعة 2026-04-01 = 1، بلا دفعة لاحقة للتأكيد",1,"2026-04-01:1@10290",10290,10290
8809416470184,"Cosrx Haluronic acid hydra power 100ml",1,ب — مرجح,"أول دفعة 2026-04-01 = 1، بلا دفعة لاحقة للتأكيد",1,"2026-04-01:1@13462",13462,13462
5060565105737,"Revuele Probio 150ml",2,ب — مرجح,"أول دفعة 2026-04-01 = 2، بلا دفعة لاحقة للتأكيد",1,"2026-04-01:2@8039",8039,16078
5060565106185,"Revuele Niacinamide gel-cream 50ml",1,ب — مرجح,"أول دفعة 2026-04-01 = 1، بلا دفعة لاحقة للتأكيد",1,"2026-04-01:1@7626",7626,7626
8809447251363,"Dr.althea 147 barrier cream 50ml",2,ب — مرجح,"أول دفعة 2026-04-01 = 2، بلا دفعة لاحقة للتأكيد",1,"2026-04-01:2@20900",20900,41800
Garnier,"Garnier",5,ب — مرجح,"أول دفعة 2026-04-01 = 5، بلا دفعة لاحقة للتأكيد",1,"2026-04-01:5@5600",5600,28000
8809968130277,"Beauty of Joseon spf50+",1,ب — مرجح,"أول دفعة 2026-04-01 = 1، بلا دفعة لاحقة للتأكيد",1,"2026-04-01:1@16800",16800,16800
8697711600845,"bio balance BETA solution 30ml",1,ب — مرجح,"أول دفعة 2026-04-01 = 1، بلا دفعة لاحقة للتأكيد",1,"2026-04-01:1@15690",15690,15690
6001159128625,"BIO_OIL 125ml",1,ب — مرجح,"أول دفعة 2026-04-01 = 1، بلا دفعة لاحقة للتأكيد",1,"2026-04-01:1@20580",20580,20580
8697711700057,"bio balance facial whitening cream",1,ب — مرجح,"أول دفعة 2026-04-01 = 1، بلا دفعة لاحقة للتأكيد",1,"2026-04-01:1@9340",9340,9340
3337875797641,"La Roche-Posay Fluide Teinte +50",1,ب — مرجح,"أول دفعة 2026-04-01 = 1، بلا دفعة لاحقة للتأكيد",1,"2026-04-01:1@14103",14103,14103
769915194043,"Ordinary retinol1%",1,ب — مرجح,"أول دفعة 2026-04-01 = 1، بلا دفعة لاحقة للتأكيد",1,"2026-04-01:1@15740",15740,15740
8697711701078,"Bio balance rejuvenating skin care cream",1,ب — مرجح,"أول دفعة 2026-04-01 = 1، بلا دفعة لاحقة للتأكيد",1,"2026-04-01:1@12710",12710,12710
Saintly girl face wash,"Saintly Girl face wash 180ml",4,ب — مرجح,"أول دفعة 2026-04-01 = 4، بلا دفعة لاحقة للتأكيد",1,"2026-04-01:4@3029",3029,12116
8697711700705,"Bio balance sun protection spf 5+",1,ب — مرجح,"أول دفعة 2026-04-01 = 1، بلا دفعة لاحقة للتأكيد",1,"2026-04-01:1@11370",11370,11370
3504105024802,"Vitamin barrier cream MUSTELA",1,ب — مرجح,"أول دفعة 2026-04-01 = 1، بلا دفعة لاحقة للتأكيد",1,"2026-04-01:1@6720",6720,6720
Saintly girl face toner 200ml,"Saintly girl face toner 200ml",2,ب — مرجح,"أول دفعة 2026-04-01 = 2، بلا دفعة لاحقة للتأكيد",1,"2026-04-01:2@3039",3039,6078
5011451103948,"smpile replenishing rich moituriser 12h 125ml",2,ب — مرجح,"أول دفعة 2026-04-01 = 2، بلا دفعة لاحقة للتأكيد",1,"2026-04-01:2@5330",5330,10660
6928001840521,"hydrolyzed milk collagen",2,ب — مرجح,"أول دفعة 2026-04-01 = 2، بلا دفعة لاحقة للتأكيد",1,"2026-04-01:2@4890",4890,9780
Wotix,"Wotix جل مزلق 100ml",3,ب — مرجح,"أول دفعة 2026-04-01 = 3، بلا دفعة لاحقة للتأكيد",1,"2026-04-01:3@3209",3209,9627
6932951860614,"حمالة كسور كبار",1,ب — مرجح,"أول دفعة 2026-04-01 = 1، بلا دفعة لاحقة للتأكيد",1,"2026-04-01:1@1990",1990,1990
5060120183712,"Tea tree cleansing pore strips",1,ب — مرجح,"أول دفعة 2026-04-01 = 1، بلا دفعة لاحقة للتأكيد",1,"2026-04-01:1@2720",2720,2720
4103040000712,"Sebamed Anti-stretch mark.",1,ب — مرجح,"أول دفعة 2026-04-01 = 1، بلا دفعة لاحقة للتأكيد",1,"2026-04-01:1@26840",26840,26840
6931718110054,"فرشاة اسنان تقويم",2,ب — مرجح,"أول دفعة 2026-04-01 = 2، بلا دفعة لاحقة للتأكيد",1,"2026-04-01:2@1750",1750,3500
50158980,"Dettol Original Soap 120g",4,ب — مرجح,"أول دفعة 2026-04-01 = 4، بلا دفعة لاحقة للتأكيد",1,"2026-04-01:4@1128",1128,4513
6975242600957,"Avena cream whitining",1,ب — مرجح,"أول دفعة 2026-04-01 = 1، بلا دفعة لاحقة للتأكيد",1,"2026-04-01:1@4120",4120,4120
3574660310405,"clean &clear spf15",1,ب — مرجح,"أول دفعة 2026-04-01 = 1، بلا دفعة لاحقة للتأكيد",1,"2026-04-01:1@2790",2790,2790
6971764116068,"collaggen hyaluronic acid serum",2,ب — مرجح,"أول دفعة 2026-04-01 = 2، بلا دفعة لاحقة للتأكيد",1,"2026-04-01:2@2060",2060,4120
ندى استيون,"ندى استيون مزيل صبغ الاظافر ",2,ب — مرجح,"أول دفعة 2026-04-01 = 2، بلا دفعة لاحقة للتأكيد",1,"2026-04-01:2@890",890,1780
769915190199,"The Ordinary Hyaluronic acid 2%",1,ب — مرجح,"أول دفعة 2026-04-01 = 1، بلا دفعة لاحقة للتأكيد",1,"2026-04-01:1@14250",14250,14250
Vaseline Lip Therapy 20g,"Vaseline Lip Therapy 20g",11,ب — مرجح,"أول دفعة 2026-04-01 = 11، بلا دفعة لاحقة للتأكيد",1,"2026-04-01:11@438",438,4813
8809640734526,"Anua 10+ Niacinamide 30ml",1,ب — مرجح,"أول دفعة 2026-04-01 = 1، بلا دفعة لاحقة للتأكيد",1,"2026-04-01:1@16000",16000,16000
6902540752361,"Derma Roller",1,ب — مرجح,"أول دفعة 2026-04-01 = 1، بلا دفعة لاحقة للتأكيد",1,"2026-04-01:1@1790",1790,1790
9554100191102,"Royal Honey",12,ب — مرجح,"أول دفعة 2026-04-01 = 12، بلا دفعة لاحقة للتأكيد",1,"2026-04-01:12@2238",2238,26855
6118000010029,"Kenta Cream",1,ب — مرجح,"أول دفعة 2026-04-01 = 1، بلا دفعة لاحقة للتأكيد",1,"2026-04-01:1@5250",5250,5250
Marvis,"Marvis",4,ب — مرجح,"أول دفعة 2026-04-01 = 4، بلا دفعة لاحقة للتأكيد",1,"2026-04-01:4@8000",8000,32000
072140024611,"Eucerin Roughness Relife Lotion 500ml",1,ب — مرجح,"أول دفعة 2026-04-01 = 1، بلا دفعة لاحقة للتأكيد",1,"2026-04-01:1@20250",20250,20250
vasalaine French 125ml,"vasalaine French 125ml",5,ب — مرجح,"أول دفعة 2026-04-01 = 5، بلا دفعة لاحقة للتأكيد",1,"2026-04-01:5@823",823,4115
6224009517701,"Melanofree 30g cream",1,ب — مرجح,"أول دفعة 2026-04-01 = 1، بلا دفعة لاحقة للتأكيد",1,"2026-04-01:1@3500",3500,3500
060741189082,"Nebulizer Compressor",1,ب — مرجح,"أول دفعة 2026-04-01 = 1، بلا دفعة لاحقة للتأكيد",1,"2026-04-01:1@26500",26500,26500
8680923337494,"dr.clinic anti-dark circle serum10ml",1,ب — مرجح,"أول دفعة 2026-04-01 = 1، بلا دفعة لاحقة للتأكيد",1,"2026-04-01:1@13469",13469,13469
ACTIVE10000002,"Active nerve ball",1,ب — مرجح,"أول دفعة 2026-04-01 = 1، بلا دفعة لاحقة للتأكيد",1,"2026-04-01:1@2990",2990,2990
Bonito جل مزلق,"Bonito جل مزلق 200ml",4,ب — مرجح,"أول دفعة 2026-04-01 = 4، بلا دفعة لاحقة للتأكيد",1,"2026-04-01:4@5939",5939,23756
8698712457759,"Coal tar soap ",1,ب — مرجح,"أول دفعة 2026-04-01 = 1، بلا دفعة لاحقة للتأكيد",1,"2026-04-01:1@5179",5179,5179
3760074270446,"Floxia Protexio spf50 100ml",1,ب — مرجح,"أول دفعة 2026-04-01 = 1، بلا دفعة لاحقة للتأكيد",1,"2026-04-01:1@19643",19643,19643
3760074270286,"Floxia Regulator 125g",1,ب — مرجح,"أول دفعة 2026-04-01 = 1، بلا دفعة لاحقة للتأكيد",1,"2026-04-01:1@6521",6521,6521
3760074270590,"Floxia Sativa nutrient soap 125g",1,ب — مرجح,"أول دفعة 2026-04-01 = 1، بلا دفعة لاحقة للتأكيد",1,"2026-04-01:1@6521",6521,6521
Listerine total carw,"Listerine total carw",6,ب — مرجح,"أول دفعة 2026-04-01 = 6، بلا دفعة لاحقة للتأكيد",1,"2026-04-01:6@2300",2300,13800
60018915,"vaseline Bluesal",18,ب — مرجح,"أول دفعة 2026-04-01 = 18، بلا دفعة لاحقة للتأكيد",1,"2026-04-01:18@1569",1569,28242
Carex condom,"Carex condom ",5,ب — مرجح,"أول دفعة 2026-04-01 = 5، بلا دفعة لاحقة للتأكيد",1,"2026-04-01:5@940",940,4700
8681116647123,"Clodion acid",5,ب — مرجح,"أول دفعة 2026-04-01 = 5، بلا دفعة لاحقة للتأكيد",1,"2026-04-01:5@1341",1341,6705
UWHTRS,"سرنجة انسولين 0.5ml",5,ب — مرجح,"أول دفعة 2026-04-01 = 5، بلا دفعة لاحقة للتأكيد",1,"2026-04-01:5@2160",2160,10800
4103040023186,"Sebamed  intmate Wash",1,ب — مرجح,"أول دفعة 2026-04-01 = 1، بلا دفعة لاحقة للتأكيد",1,"2026-04-01:1@12868",12868,12868
4103040113221,"Sebamed  diaper rash cream",1,ب — مرجح,"أول دفعة 2026-04-01 = 1، بلا دفعة لاحقة للتأكيد",1,"2026-04-01:1@12192",12192,12192
4103040913852,"seba med dilper rash cream",1,ب — مرجح,"أول دفعة 2026-04-01 = 1، بلا دفعة لاحقة للتأكيد",1,"2026-04-01:1@6948",6948,6948
4103040117953,"Sebamed Everyday shampoo",1,ب — مرجح,"أول دفعة 2026-04-01 = 1، بلا دفعة لاحقة للتأكيد",1,"2026-04-01:1@12868",12868,12868
6001011321126,"جلjohnsons للاطفال خالي من العطور",1,ب — مرجح,"أول دفعة 2026-04-01 = 1، بلا دفعة لاحقة للتأكيد",1,"2026-04-01:1@3159",3159,3159
3401399277092,"Bioderma 500ml Blue",1,ب — مرجح,"أول دفعة 2026-04-01 = 1، بلا دفعة لاحقة للتأكيد",1,"2026-04-01:1@15000",15000,15000
5280270045191,"glycerin 125ml",3,ب — مرجح,"أول دفعة 2026-04-01 = 3، بلا دفعة لاحقة للتأكيد",1,"2026-04-01:3@2179",2179,6537
6970221763517,"Vivachek  ino جهاز",1,ب — مرجح,"أول دفعة 2026-04-01 = 1، بلا دفعة لاحقة للتأكيد",1,"2026-04-01:1@3639",3639,3639
Blood Lancets,"Blood Lancets",2,ب — مرجح,"أول دفعة 2026-04-01 = 2، بلا دفعة لاحقة للتأكيد",1,"2026-04-01:2@899",899,1798
807205114668,"Semen Top",26,ب — مرجح,"أول دفعة 2026-04-02 = 26، بلا دفعة لاحقة للتأكيد",1,"2026-04-02:26@35000",35000,910000
8901111012116,"Brinzox drop",1,ب — مرجح,"أول دفعة 2026-04-02 = 1، بلا دفعة لاحقة للتأكيد",1,"2026-04-02:1@5486",5486,5486
Divex 12amp,"Divex 12amp",62,ب — مرجح,"أول دفعة 2026-04-02 = 62، بلا دفعة لاحقة للتأكيد",1,"2026-04-02:62@2800",2800,173600
Ciprasid 500mg,"Ciprasid 500mg",7,ب — مرجح,"أول دفعة 2026-04-02 = 7، بلا دفعة لاحقة للتأكيد",1,"2026-04-02:7@1141",1141,7987
6251161020312,"Clinaderm lotion",1,ب — مرجح,"أول دفعة 2026-04-02 = 1، بلا دفعة لاحقة للتأكيد",1,"2026-04-02:1@2853",2853,2853
Viasalmol 100mcg inhaler,"Viasalmol 100mcg inhaler",1,ب — مرجح,"أول دفعة 2026-04-02 = 1، بلا دفعة لاحقة للتأكيد",1,"2026-04-02:1@3181",3181,3181
6285085001744,"Ciflox 500mg tab",2,ب — مرجح,"أول دفعة 2026-04-02 = 2، بلا دفعة لاحقة للتأكيد",1,"2026-04-02:2@2229",2229,4458
LevoUr500mg tab,"LevoUr500mg tab",2,ب — مرجح,"أول دفعة 2026-04-02 = 2، بلا دفعة لاحقة للتأكيد",1,"2026-04-02:2@3218",3218,6436
8902399001922,"Brucipro 500mg",2,ب — مرجح,"أول دفعة 2026-04-02 = 2، بلا دفعة لاحقة للتأكيد",1,"2026-04-02:2@1120",1120,2240
Amoklavin-bid 625mg tab,"Amoklavin-bid 625mg tab",2,ب — مرجح,"أول دفعة 2026-04-02 = 2، بلا دفعة لاحقة للتأكيد",1,"2026-04-02:2@2085",2085,4170
8906161741290,"Pararid 250mg Supp",2,ب — مرجح,"أول دفعة 2026-04-02 = 2، بلا دفعة لاحقة للتأكيد",1,"2026-04-02:2@825",825,1649
Divex 12 amp,"Divex 12 amp",79,ب — مرجح,"أول دفعة 2026-04-03 = 79، بلا دفعة لاحقة للتأكيد",1,"2026-04-03:79@2800",2800,221200
Activ Slim cap,"Activ Slim cap",9,ب — مرجح,"أول دفعة 2026-04-03 = 9، بلا دفعة لاحقة للتأكيد",1,"2026-04-03:9@6000",6000,54000
6211112020105,"Duvilane 20mg",3,ب — مرجح,"أول دفعة 2026-04-03 = 3، بلا دفعة لاحقة للتأكيد",1,"2026-04-03:3@2500",2500,7500
6251107378255,"Gizlan 300mg",3,ب — مرجح,"أول دفعة 2026-04-03 = 3، بلا دفعة لاحقة للتأكيد",1,"2026-04-03:3@2833",2833,8500
8699525750556,"Dodex amp",15,ب — مرجح,"أول دفعة 2026-04-03 = 15، بلا دفعة لاحقة للتأكيد",1,"2026-04-03:15@1000",1000,15000
3401597432347,"B record plus oral vial ",10,ب — مرجح,"أول دفعة 2026-04-03 = 10، بلا دفعة لاحقة للتأكيد",1,"2026-04-03:10@2000",2000,20000
3400937804127,"Ceftazidime IM",6,ب — مرجح,"أول دفعة 2026-04-03 = 6، بلا دفعة لاحقة للتأكيد",1,"2026-04-03:6@4500",4500,27000
Lefadol 1000mg,"Lefadol 1000mg",40,ب — مرجح,"أول دفعة 2026-04-03 = 40، بلا دفعة لاحقة للتأكيد",1,"2026-04-03:40@1000",1000,40000
740985237328,"Digestive Enzymes cap",1,ب — مرجح,"أول دفعة 2026-04-03 = 1، بلا دفعة لاحقة للتأكيد",1,"2026-04-03:1@20000",20000,20000
740985237335,"Hair skin nails century",1,ب — مرجح,"أول دفعة 2026-04-03 = 1، بلا دفعة لاحقة للتأكيد",1,"2026-04-03:1@10000",10000,10000
6251653220305,"Hi Dee 10000IU",1,ب — مرجح,"أول دفعة 2026-04-03 = 1، بلا دفعة لاحقة للتأكيد",1,"2026-04-03:1@10000",10000,10000
8964002869985,"Dapaget 5mg",2,ب — مرجح,"أول دفعة 2026-04-03 = 2، بلا دفعة لاحقة للتأكيد",1,"2026-04-03:2@6000",6000,12000
Panadol sachet,"Panadol sachet",2,ب — مرجح,"أول دفعة 2026-04-03 = 2، بلا دفعة لاحقة للتأكيد",1,"2026-04-03:2@1000",1000,2000
3664798019889,"Depakine syr",1,ب — مرجح,"أول دفعة 2026-04-03 = 1، بلا دفعة لاحقة للتأكيد",1,"2026-04-03:1@9000",9000,9000
Progyluton tab,"Progyluton tab",1,ب — مرجح,"أول دفعة 2026-04-03 = 1، بلا دفعة لاحقة للتأكيد",1,"2026-04-03:1@10000",10000,10000
6251107427083,"Gizlan Duo 150\10",3,ب — مرجح,"أول دفعة 2026-04-03 = 3، بلا دفعة لاحقة للتأكيد",1,"2026-04-03:3@3658",3658,10973
6285147004706,"Tabuvan 80mg tab",3,ب — مرجح,"أول دفعة 2026-04-03 = 3، بلا دفعة لاحقة للتأكيد",1,"2026-04-03:3@3833",3833,11500
8904472100188,"Breathe Olright",2,ب — مرجح,"أول دفعة 2026-04-03 = 2، بلا دفعة لاحقة للتأكيد",1,"2026-04-03:2@2000",2000,4000
6251161030014,"Resulen 90mg",2,ب — مرجح,"أول دفعة 2026-04-03 = 2، بلا دفعة لاحقة للتأكيد",1,"2026-04-03:2@5750",5750,11500
5012345648705,"Nifedin cream",2,ب — مرجح,"أول دفعة 2026-04-03 = 2، بلا دفعة لاحقة للتأكيد",1,"2026-04-03:2@6000",6000,12000
8906176620252,"Cipronova 500mg ",4,ب — مرجح,"أول دفعة 2026-04-03 = 4، بلا دفعة لاحقة للتأكيد",1,"2026-04-03:4@1604",1604,6416
Arox drop,"Arox drop",1,ب — مرجح,"أول دفعة 2026-04-03 = 1، بلا دفعة لاحقة للتأكيد",1,"2026-04-03:1@7022",7022,7022
6221032330277,"Epicrom eye drop",2,ب — مرجح,"أول دفعة 2026-04-03 = 2، بلا دفعة لاحقة للتأكيد",1,"2026-04-03:2@1590",1590,3180
6251875002666,"Levoneer 0.5% drop",2,ب — مرجح,"أول دفعة 2026-04-03 = 2، بلا دفعة لاحقة للتأكيد",1,"2026-04-03:2@6384",6384,12768
6223002455843,"Moxiflox drop",1,ب — مرجح,"أول دفعة 2026-04-03 = 1، بلا دفعة لاحقة للتأكيد",1,"2026-04-03:1@5426",5426,5426
8901111080443,"Aquasoft baby 100g",2,ب — مرجح,"أول دفعة 2026-04-03 = 2، بلا دفعة لاحقة للتأكيد",1,"2026-04-03:2@5265",5265,10530
8901111057452,"Alopatina drop",2,ب — مرجح,"أول دفعة 2026-04-03 = 2، بلا دفعة لاحقة للتأكيد",1,"2026-04-03:2@3820",3820,7640
6251151000539,"Apisal drop",2,ب — مرجح,"أول دفعة 2026-04-03 = 2، بلا دفعة لاحقة للتأكيد",1,"2026-04-03:2@2413",2413,4826
8806717015311,"tERBINAFINE SPRAY",1,ب — مرجح,"أول دفعة 2026-04-04 = 1، بلا دفعة لاحقة للتأكيد",1,"2026-04-04:1@6583",6583,6583
6251875002222,"Pioflox eye drop 0.3%",1,ب — مرجح,"أول دفعة 2026-04-04 = 1، بلا دفعة لاحقة للتأكيد",1,"2026-04-04:1@2263",2263,2263
No-Spasmo,"No-Spasmo oral drop",2,ب — مرجح,"أول دفعة 2026-04-04 = 2، بلا دفعة لاحقة للتأكيد",1,"2026-04-04:2@670",670,1340
8684543711849,"Kids Vitamin D3 gummeis",1,ب — مرجح,"أول دفعة 2026-04-04 = 1، بلا دفعة لاحقة للتأكيد",1,"2026-04-04:1@12120",12120,12120
625273071818,"Vitami k2+D3 ",2,ب — مرجح,"أول دفعة 2026-04-04 = 2، بلا دفعة لاحقة للتأكيد",1,"2026-04-04:2@12680",12680,25360
9780201379518,"steady tab",2,ب — مرجح,"أول دفعة 2026-04-04 = 2، بلا دفعة لاحقة للتأكيد",1,"2026-04-04:2@7280",7280,14560
4009932927559,"Active Men",5,ب — مرجح,"أول دفعة 2026-04-04 = 5، بلا دفعة لاحقة للتأكيد",1,"2026-04-04:5@5658",5658,28292
8902399006576,"Avir 5% cream",2,ب — مرجح,"أول دفعة 2026-04-04 = 2، بلا دفعة لاحقة للتأكيد",1,"2026-04-04:2@1426",1426,2852
8682005385560,"Rozana Eroos jel",1,ب — مرجح,"أول دفعة 2026-04-04 = 1، بلا دفعة لاحقة للتأكيد",1,"2026-04-04:1@4019",4019,4019
6251151000331,"Dewax 10ml ear drop",2,ب — مرجح,"أول دفعة 2026-04-05 = 2، بلا دفعة لاحقة للتأكيد",1,"2026-04-05:2@2084",2084,4168
6251875002178,"Chlomal 4mg tab",2,ب — مرجح,"أول دفعة 2026-04-05 = 2، بلا دفعة لاحقة للتأكيد",1,"2026-04-05:2@1300",1300,2600
4016369541715,"Lacalut flora mouth wash",1,ب — مرجح,"أول دفعة 2026-04-05 = 1، بلا دفعة لاحقة للتأكيد",1,"2026-04-05:1@8874",8874,8874
762497144048,"Quiliflex 200mg",1,ب — مرجح,"أول دفعة 2026-04-05 = 1، بلا دفعة لاحقة للتأكيد",1,"2026-04-05:1@13300",13300,13300
769915193893,"the ordinary Resveratrol 3% ",1,ب — مرجح,"أول دفعة 2026-04-05 = 1، بلا دفعة لاحقة للتأكيد",1,"2026-04-05:1@16000",16000,16000
Lavender shampoo,"Lavender shampoo",2,ب — مرجح,"أول دفعة 2026-04-05 = 2، بلا دفعة لاحقة للتأكيد",1,"2026-04-05:2@8000",8000,16000
8699514096528,"Epixx 250mg",5,ب — مرجح,"أول دفعة 2026-04-06 = 5، بلا دفعة لاحقة للتأكيد",1,"2026-04-06:5@2551",2551,12756
5056227207642,"Zestril 20mg",2,ب — مرجح,"أول دفعة 2026-04-06 = 2، بلا دفعة لاحقة للتأكيد",1,"2026-04-06:2@5418",5418,10836
8683744497873,"Kids pro sachet",8,ب — مرجح,"أول دفعة 2026-04-06 = 8، بلا دفعة لاحقة للتأكيد",1,"2026-04-06:8@424",424,3389
6224000911256,"Lenex cream",2,ب — مرجح,"أول دفعة 2026-04-06 = 2، بلا دفعة لاحقة للتأكيد",1,"2026-04-06:2@5283",5283,10566
6251651001418,"Nystadad oral drop",2,ب — مرجح,"أول دفعة 2026-04-06 = 2، بلا دفعة لاحقة للتأكيد",1,"2026-04-06:2@1320",1320,2640
5060565106567,"Revuele Sunprotect ",1,ب — مرجح,"أول دفعة 2026-04-06 = 1، بلا دفعة لاحقة للتأكيد",1,"2026-04-06:1@8880",8880,8880
5060565106574,"Revuele sune cream ",1,ب — مرجح,"أول دفعة 2026-04-06 = 1، بلا دفعة لاحقة للتأكيد",1,"2026-04-06:1@8880",8880,8880
3760269770508,"Isispharma Dry touch ",2,ب — مرجح,"أول دفعة 2026-04-06 = 2، بلا دفعة لاحقة للتأكيد",1,"2026-04-06:2@16988",16988,33976
3031500311270,"Isispharma invisidie cream",2,ب — مرجح,"أول دفعة 2026-04-06 = 2، بلا دفعة لاحقة للتأكيد",1,"2026-04-06:2@15550",15550,31100
3031500311607,"Isispharma Fluide invisible",2,ب — مرجح,"أول دفعة 2026-04-06 = 2، بلا دفعة لاحقة للتأكيد",1,"2026-04-06:2@15550",15550,31100
9314839014161,"QV  moisturising baby",1,ب — مرجح,"أول دفعة 2026-04-07 = 1، بلا دفعة لاحقة للتأكيد",1,"2026-04-07:1@7886",7886,7886
8698712456516,"Minodil X plus caffeine shampoo2%",1,ب — مرجح,"أول دفعة 2026-04-07 = 1، بلا دفعة لاحقة للتأكيد",1,"2026-04-07:1@10345",10345,10345
8698712455410,"Minodil X plus caffeine shampoo5%",1,ب — مرجح,"أول دفعة 2026-04-07 = 1، بلا دفعة لاحقة للتأكيد",1,"2026-04-07:1@10345",10345,10345
Castor oil,"Castor oil ",3,ب — مرجح,"أول دفعة 2026-04-07 = 3، بلا دفعة لاحقة للتأكيد",1,"2026-04-07:3@645",645,1935
5022496181211,"Dabur herbil  intense Fresh",1,ب — مرجح,"أول دفعة 2026-04-07 = 1، بلا دفعة لاحقة للتأكيد",1,"2026-04-07:1@1524",1524,1524
8697659228347,"Aloe Vera Gel 150ml",2,ب — مرجح,"أول دفعة 2026-04-07 = 2، بلا دفعة لاحقة للتأكيد",1,"2026-04-07:2@3920",3920,7840
8710447474419,"Simple purifying gel wash 150ml",1,ب — مرجح,"أول دفعة 2026-04-07 = 1، بلا دفعة لاحقة للتأكيد",1,"2026-04-07:1@3685",3685,3685
3337872411083,"Laroche-posay 200ml",1,ب — مرجح,"أول دفعة 2026-04-07 = 1، بلا دفعة لاحقة للتأكيد",1,"2026-04-07:1@10890",10890,10890
8682773091953,"the Purest solution  exfoliation salicylic acid cleancer 200ml",2,ب — مرجح,"أول دفعة 2026-04-07 = 2، بلا دفعة لاحقة للتأكيد",1,"2026-04-07:2@16000",16000,32000
707359103849,"Protocol K2 Mk-7&D3",1,ب — مرجح,"أول دفعة 2026-04-07 = 1، بلا دفعة لاحقة للتأكيد",1,"2026-04-07:1@34047",34047,34047
047469044626,"Natrol Melatonin 5ml",1,ب — مرجح,"أول دفعة 2026-04-07 = 1، بلا دفعة لاحقة للتأكيد",1,"2026-04-07:1@22340",22340,22340
4154418547773,"Rabedom cap",6,ب — مرجح,"أول دفعة 2026-04-07 = 6، بلا دفعة لاحقة للتأكيد",1,"2026-04-07:6@5693",5693,34160
3582910067771,"Aprovel 150mg tab sanofi",5,ب — مرجح,"أول دفعة 2026-04-08 = 5، بلا دفعة لاحقة للتأكيد",1,"2026-04-08:5@5650",5650,28250
8600097423328,"Hidrokortizon 100mg amp",4,ب — مرجح,"أول دفعة 2026-04-08 = 4، بلا دفعة لاحقة للتأكيد",1,"2026-04-08:4@3511",3511,14044
8850002807105,"Kodomo  غسول ملابس اطفال",2,ب — مرجح,"أول دفعة 2026-04-08 = 2، بلا دفعة لاحقة للتأكيد",1,"2026-04-08:2@4300",4300,8600
733739106452,"choline&inositol NOW",1,ب — مرجح,"أول دفعة 2026-04-09 = 1، بلا دفعة لاحقة للتأكيد",1,"2026-04-09:1@24642",24642,24642
9641996041014,"Diclo 12.5 sups",1,ب — مرجح,"أول دفعة 2026-04-09 = 1، بلا دفعة لاحقة للتأكيد",1,"2026-04-09:1@1584",1584,1584
Traconaziole 100mg tab,"Traconaziole 100mg tab",4,ب — مرجح,"أول دفعة 2026-04-09 = 4، بلا دفعة لاحقة للتأكيد",1,"2026-04-09:4@1873",1873,7490
8002140137204,"Capitano whitening ",1,ب — مرجح,"أول دفعة 2026-04-09 = 1، بلا دفعة لاحقة للتأكيد",1,"2026-04-09:1@7750",7750,7750
8002140137303,"Capitano Vitamins",1,ب — مرجح,"أول دفعة 2026-04-09 = 1، بلا دفعة لاحقة للتأكيد",1,"2026-04-09:1@6886",6886,6886
8002140037801,"Capitano care protection",1,ب — مرجح,"أول دفعة 2026-04-09 = 1، بلا دفعة لاحقة للتأكيد",1,"2026-04-09:1@6886",6886,6886
8002140039911,"capitano zenzero",2,ب — مرجح,"أول دفعة 2026-04-09 = 2، بلا دفعة لاحقة للتأكيد",1,"2026-04-09:2@6886",6886,13772
Ovusitol,"Ovusitol sachets",14,ب — مرجح,"أول دفعة 2026-04-09 = 14، بلا دفعة لاحقة للتأكيد",1,"2026-04-09:14@1753",1753,24542
4897066842295,"Tree doctor 30g",12,ب — مرجح,"أول دفعة 2026-04-09 = 12، بلا دفعة لاحقة للتأكيد",1,"2026-04-09:12@4000",4000,48000
4897066842950,"Thee doctor scar remover cream",12,ب — مرجح,"أول دفعة 2026-04-09 = 12، بلا دفعة لاحقة للتأكيد",1,"2026-04-09:12@5833",5833,69996
8855556633224,"Bubble ",4,ب — مرجح,"أول دفعة 2026-04-09 = 4، بلا دفعة لاحقة للتأكيد",1,"2026-04-09:4@2000",2000,8000
600552102162,"Wotix مزلق بالفراولة",1,ب — مرجح,"أول دفعة 2026-04-09 = 1، بلا دفعة لاحقة للتأكيد",1,"2026-04-09:1@3200",3200,3200
600552102193,"Wotix مزلق بالفواكه الاستوائيه",2,ب — مرجح,"أول دفعة 2026-04-09 = 2، بلا دفعة لاحقة للتأكيد",1,"2026-04-09:2@3200",3200,6400
600552102179,"wotix bluberry",1,ب — مرجح,"أول دفعة 2026-04-09 = 1، بلا دفعة لاحقة للتأكيد",1,"2026-04-09:1@3200",3200,3200
3800023417024,"aquarelle fresh +shine",13,ب — مرجح,"أول دفعة 2026-04-09 = 13، بلا دفعة لاحقة للتأكيد",1,"2026-04-09:13@1125",1125,14625
3800023417017,"aquarlle kids ",1,ب — مرجح,"أول دفعة 2026-04-09 = 1، بلا دفعة لاحقة للتأكيد",1,"2026-04-09:1@1125",1125,1125
3800023417079,"aquarrelle kids ",7,ب — مرجح,"أول دفعة 2026-04-09 = 7، بلا دفعة لاحقة للتأكيد",1,"2026-04-09:7@1125",1125,7875
6251870090002,"dutamax 0.5",5,ب — مرجح,"أول دفعة 2026-04-09 = 5، بلا دفعة لاحقة للتأكيد",1,"2026-04-09:5@4772",4772,23860
9780201380033,"Nitroglycerin oimt",2,ب — مرجح,"أول دفعة 2026-04-09 = 2، بلا دفعة لاحقة للتأكيد",1,"2026-04-09:2@7200",7200,14400
5281019903581,"Neurexal 25mg tab",4,ب — مرجح,"أول دفعة 2026-04-09 = 4، بلا دفعة لاحقة للتأكيد",1,"2026-04-09:4@2524",2524,10094
5012346987735,"Naprox amp",46,ب — مرجح,"أول دفعة 2026-04-11 = 46، بلا دفعة لاحقة للتأكيد",1,"2026-04-11:46@254",254,11695
5012345624921,"Lover",20,ب — مرجح,"أول دفعة 2026-04-11 = 20، بلا دفعة لاحقة للتأكيد",1,"2026-04-11:20@292",292,5833
6224001050312,"Nasostop  nasal 0.1m",1,ب — مرجح,"أول دفعة 2026-04-11 = 1، بلا دفعة لاحقة للتأكيد",1,"2026-04-11:1@1865",1865,1865
8699569090618,"Ateroz 20mg",5,ب — مرجح,"أول دفعة 2026-04-11 = 5، بلا دفعة لاحقة للتأكيد",1,"2026-04-11:5@1097",1097,5483
6251151001031,"Decozal cold children 10ml spray",1,ب — مرجح,"أول دفعة 2026-04-11 = 1، بلا دفعة لاحقة للتأكيد",1,"2026-04-11:1@2040",2040,2040
8906122281001,"Deslorafit 5mg",3,ب — مرجح,"أول دفعة 2026-04-11 = 3، بلا دفعة لاحقة للتأكيد",1,"2026-04-11:3@900",900,2700
Panadol cold&flu,"Panadol cold&flu",3,ب — مرجح,"أول دفعة 2026-04-11 = 3، بلا دفعة لاحقة للتأكيد",1,"2026-04-11:3@1750",1750,5250
9008732011807,"Neurotop 200mg",10,ب — مرجح,"أول دفعة 2026-04-11 = 10، بلا دفعة لاحقة للتأكيد",1,"2026-04-11:10@1748",1748,17480
Eviening pill,"Eviening pill",2,ب — مرجح,"أول دفعة 2026-04-11 = 2، بلا دفعة لاحقة للتأكيد",1,"2026-04-11:2@5742",5742,11484
6211302013184,"Ledo Gel 2%",1,ب — مرجح,"أول دفعة 2026-04-11 = 1، بلا دفعة لاحقة للتأكيد",1,"2026-04-11:1@4155",4155,4155
5285007350135,"Loadin 100ml syr",3,ب — مرجح,"أول دفعة 2026-04-11 = 3، بلا دفعة لاحقة للتأكيد",1,"2026-04-11:3@1122",1122,3366
6251875000037,"Ciproneer 500mg tab",5,ب — مرجح,"أول دفعة 2026-04-11 = 5، بلا دفعة لاحقة للتأكيد",1,"2026-04-11:5@1525",1525,7625
508020250202020,"flagyl syr",1,ب — مرجح,"أول دفعة 2026-04-11 = 1، بلا دفعة لاحقة للتأكيد",1,"2026-04-11:1@1320",1320,1320
3760095250441,"Acm Depiwhite Advanced 40ml",2,ب — مرجح,"أول دفعة 2026-04-11 = 2، بلا دفعة لاحقة للتأكيد",1,"2026-04-11:2@26765",26765,53530
3760095250106,"Acm Depiwhite Mask 40ml",1,ب — مرجح,"أول دفعة 2026-04-11 = 1، بلا دفعة لاحقة للتأكيد",1,"2026-04-11:1@22736",22736,22736
3282770207774,"Avene cleanance gil 400ml",1,ب — مرجح,"أول دفعة 2026-04-11 = 1، بلا دفعة لاحقة للتأكيد",1,"2026-04-11:1@21945",21945,21945
8908003746142,"Montelukast 10mg",1,ب — مرجح,"أول دفعة 2026-04-12 = 1، بلا دفعة لاحقة للتأكيد",1,"2026-04-12:1@957",957,957
4048846020109,"Synjardy 12.5/1000mg tab",4,ب — مرجح,"أول دفعة 2026-04-12 = 4، بلا دفعة لاحقة للتأكيد",1,"2026-04-12:4@10600",10600,42400
5298003860096,"Levofloxacin 500mg ops",1,ب — مرجح,"أول دفعة 2026-04-12 = 1، بلا دفعة لاحقة للتأكيد",1,"2026-04-12:1@2574",2574,2574
6251875004417,"Piolinta 90mg",2,ب — مرجح,"أول دفعة 2026-04-12 = 2، بلا دفعة لاحقة للتأكيد",1,"2026-04-12:2@6271",6271,12542
6987452310632,"كورسيه حراري نسائي",1,ب — مرجح,"أول دفعة 2026-04-13 = 1، بلا دفعة لاحقة للتأكيد",1,"2026-04-13:1@17050",17050,17050
3664798034103,"Toujeo 300",3,ب — مرجح,"أول دفعة 2026-04-13 = 3، بلا دفعة لاحقة للتأكيد",1,"2026-04-13:3@14260",14260,42780
3401578653709,"Bioderma 200ml blue",1,ب — مرجح,"أول دفعة 2026-04-13 = 1، بلا دفعة لاحقة للتأكيد",1,"2026-04-13:1@16665",16665,16665
6936827000999,"محرار الكتروني AZ",1,ب — مرجح,"أول دفعة 2026-04-13 = 1، بلا دفعة لاحقة للتأكيد",1,"2026-04-13:1@3610",3610,3610
محرار الكتروني,"محرار الكتروني",1,ب — مرجح,"أول دفعة 2026-04-13 = 1، بلا دفعة لاحقة للتأكيد",1,"2026-04-13:1@1890",1890,1890
8901138500573,"Bonnisan 120ml syr",1,ب — مرجح,"أول دفعة 2026-04-13 = 1، بلا دفعة لاحقة للتأكيد",1,"2026-04-13:1@5486",5486,5486
816465020305,"NewGel E",1,ب — مرجح,"أول دفعة 2026-04-13 = 1، بلا دفعة لاحقة للتأكيد",1,"2026-04-13:1@37975",37975,37975
Euthrox 150ug,"Euthrox 150ug tab",6,ب — مرجح,"أول دفعة 2026-04-14 = 6، بلا دفعة لاحقة للتأكيد",1,"2026-04-14:6@4500",4500,27000
Ventolin Evohaler,"Ventolin Evohaler ",2,ب — مرجح,"أول دفعة 2026-04-14 = 2، بلا دفعة لاحقة للتأكيد",1,"2026-04-14:2@12000",12000,24000
5012345789781,"tadex",8,ب — مرجح,"أول دفعة 2026-04-14 = 8، بلا دفعة لاحقة للتأكيد",1,"2026-04-14:8@4166",4166,33328
Ozempic,"Ozempic",1,ب — مرجح,"أول دفعة 2026-04-14 = 1، بلا دفعة لاحقة للتأكيد",1,"2026-04-14:1@147137",147137,147137
2802849101010,"Xalaprost 0.005% drop",2,ب — مرجح,"أول دفعة 2026-04-14 = 2، بلا دفعة لاحقة للتأكيد",1,"2026-04-14:2@11248",11248,22496
8901111089118,"Lacoma eye drops",1,ب — مرجح,"أول دفعة 2026-04-14 = 1، بلا دفعة لاحقة للتأكيد",1,"2026-04-14:1@5700",5700,5700
5900168352285,"Bioflox tab",4,ب — مرجح,"أول دفعة 2026-04-14 = 4، بلا دفعة لاحقة للتأكيد",1,"2026-04-14:4@6983",6983,27930
amoklavin-bid 625mg tab,"amoklavin-bid 625mg tab",2,ب — مرجح,"أول دفعة 2026-04-14 = 2، بلا دفعة لاحقة للتأكيد",1,"2026-04-14:2@1043",1043,2085
8906113370318,"Diclocen-75 amp",9,ب — مرجح,"أول دفعة 2026-04-15 = 9، بلا دفعة لاحقة للتأكيد",1,"2026-04-15:9@285",285,2565
8906113371346,"Allercen amp",216,ب — مرجح,"أول دفعة 2026-04-15 = 216، بلا دفعة لاحقة للتأكيد",1,"2026-04-15:216@28",28,5989
8906113370172,"Gentamycin-20",36,ب — مرجح,"أول دفعة 2026-04-15 = 36، بلا دفعة لاحقة للتأكيد",1,"2026-04-15:36@827",827,29772
Esomeprazole vial,"Esomeprazole vial",6,ب — مرجح,"أول دفعة 2026-04-15 = 6، بلا دفعة لاحقة للتأكيد",1,"2026-04-15:6@4300",4300,25800
diclofenac sodium amp,"diclofenac sodium amp",16,ب — مرجح,"أول دفعة 2026-04-15 = 16، بلا دفعة لاحقة للتأكيد",1,"2026-04-15:16@400",400,6400
5281018090619,"مرطب شفه Beesline فراوله",2,ب — مرجح,"أول دفعة 2026-04-15 = 2، بلا دفعة لاحقة للتأكيد",1,"2026-04-15:2@1694",1694,3388
2802850601042,"Brimogan drop",1,ب — مرجح,"أول دفعة 2026-04-15 = 1، بلا دفعة لاحقة للتأكيد",1,"2026-04-15:1@10369",10369,10369
4016369546512," Lacalut Sensitive Mouth Wash 300ml ",1,ب — مرجح,"أول دفعة 2026-04-15 = 1، بلا دفعة لاحقة للتأكيد",1,"2026-04-15:1@8680",8680,8680
4820253873185,"Biox passiflora 200ml",2,ب — مرجح,"أول دفعة 2026-04-15 = 2، بلا دفعة لاحقة للتأكيد",1,"2026-04-15:2@13500",13500,27000
aylide,"aylide",2,ب — مرجح,"أول دفعة 2026-04-16 = 2، بلا دفعة لاحقة للتأكيد",1,"2026-04-16:2@3740",3740,7480
4260393340619,"med swabs",8,ب — مرجح,"أول دفعة 2026-04-16 = 8، بلا دفعة لاحقة للتأكيد",1,"2026-04-16:8@1309",1309,10472
urastone,"urastone eff",3,ب — مرجح,"أول دفعة 2026-04-16 = 3، بلا دفعة لاحقة للتأكيد",1,"2026-04-16:3@1341",1341,4023
6214600067941,"fucitulle",77,ب — مرجح,"أول دفعة 2026-04-16 = 77، بلا دفعة لاحقة للتأكيد",1,"2026-04-16:77@210",210,16170
normal saline 500ml,"normal saline 500ml",21,ب — مرجح,"أول دفعة 2026-04-16 = 21، بلا دفعة لاحقة للتأكيد",1,"2026-04-16:21@1440",1440,30240
7702018587230,"venus شفره حلاقه",1,ب — مرجح,"أول دفعة 2026-04-17 = 1، بلا دفعة لاحقة للتأكيد",1,"2026-04-17:1@10750",10750,10750
8699153019940,"acne end cleanser ",2,ب — مرجح,"أول دفعة 2026-04-17 = 2، بلا دفعة لاحقة للتأكيد",1,"2026-04-17:2@5389",5389,10778
6260147706812,"ardene ",2,ب — مرجح,"أول دفعة 2026-04-17 = 2، بلا دفعة لاحقة للتأكيد",1,"2026-04-17:2@5437",5437,10874
6001159128632,"bio oil",1,ب — مرجح,"أول دفعة 2026-04-17 = 1، بلا دفعة لاحقة للتأكيد",1,"2026-04-17:1@27325",27325,27325
8720689016506,"ultra air nighttime",1,ب — مرجح,"أول دفعة 2026-04-17 = 1، بلا دفعة لاحقة للتأكيد",1,"2026-04-17:1@5310",5310,5310
6253346809309,"acne cream",5,ب — مرجح,"أول دفعة 2026-04-17 = 5، بلا دفعة لاحقة للتأكيد",1,"2026-04-17:5@2666",2666,13330
8809576261301,"centella spf",1,ب — مرجح,"أول دفعة 2026-04-17 = 1، بلا دفعة لاحقة للتأكيد",1,"2026-04-17:1@16750",16750,16750
4260095688378,"One-Alpha 1mcg",10,ب — مرجح,"أول دفعة 2026-04-18 = 10، بلا دفعة لاحقة للتأكيد",1,"2026-04-18:10@7801",7801,78010
8719244901302,"Exart pluus 80\12.5",3,ب — مرجح,"أول دفعة 2026-04-18 = 3، بلا دفعة لاحقة للتأكيد",1,"2026-04-18:3@4013",4013,12040
5060589200043,"Cyclogest 200mg supp",2,ب — مرجح,"أول دفعة 2026-04-18 = 2، بلا دفعة لاحقة للتأكيد",1,"2026-04-18:2@7499",7499,14998
6251870024014,"RedeX 20mg",1,ب — مرجح,"أول دفعة 2026-04-18 = 1، بلا دفعة لاحقة للتأكيد",1,"2026-04-18:1@3292",3292,3292
5290931003040,"Lamotrix 25mg",3,ب — مرجح,"أول دفعة 2026-04-18 = 3، بلا دفعة لاحقة للتأكيد",1,"2026-04-18:3@2295",2295,6884
6251107104014,"Mycoheal viginal cream",1,ب — مرجح,"أول دفعة 2026-04-19 = 1، بلا دفعة لاحقة للتأكيد",1,"2026-04-19:1@3291",3291,3291
3701217200593,"Utrogestan 100mmg",2,ب — مرجح,"أول دفعة 2026-04-19 = 2، بلا دفعة لاحقة للتأكيد",1,"2026-04-19:2@9205",9205,18409
5285007350821,"vENTODAD SOLUTION",1,ب — مرجح,"أول دفعة 2026-04-19 = 1، بلا دفعة لاحقة للتأكيد",1,"2026-04-19:1@1584",1584,1584
6251161030083,"Gestophil 400 supp",3,ب — مرجح,"أول دفعة 2026-04-19 = 3، بلا دفعة لاحقة للتأكيد",1,"2026-04-19:3@6136",6136,18407
5060604700053,"Bone Fuel tab",16,ب — مرجح,"أول دفعة 2026-04-19 = 16، بلا دفعة لاحقة للتأكيد",1,"2026-04-19:16@2500",2500,40000
2023101022687,"Azithromycin 500tab",5,ب — مرجح,"أول دفعة 2026-04-19 = 5، بلا دفعة لاحقة للتأكيد",1,"2026-04-19:5@1702",1702,8510
k-flam sachet,"k-flam sachet",150,ب — مرجح,"أول دفعة 2026-04-21 = 150، بلا دفعة لاحقة للتأكيد",1,"2026-04-21:150@0",0,0
5060464502859,"Folic Acid 0.4mg tab",15,ب — مرجح,"أول دفعة 2026-04-21 = 15، بلا دفعة لاحقة للتأكيد",1,"2026-04-21:15@1498",1498,22470
2801985202018,"lithimole drop",3,ب — مرجح,"أول دفعة 2026-04-21 = 3، بلا دفعة لاحقة للتأكيد",1,"2026-04-21:3@4960",4960,14880
3760269770010,"isispharma neotone gel",2,ب — مرجح,"أول دفعة 2026-04-21 = 2، بلا دفعة لاحقة للتأكيد",1,"2026-04-21:2@22442",22442,44884
3760269770492,"neotone prevent 50+ mineral light",1,ب — مرجح,"أول دفعة 2026-04-21 = 1، بلا دفعة لاحقة للتأكيد",1,"2026-04-21:1@21744",21744,21744
3401396191032,"unitone 4 white ",1,ب — مرجح,"أول دفعة 2026-04-21 = 1، بلا دفعة لاحقة للتأكيد",1,"2026-04-21:1@24215",24215,24215
ferplex,"ferplex",9,ب — مرجح,"أول دفعة 2026-04-22 = 9، بلا دفعة لاحقة للتأكيد",1,"2026-04-22:9@818",818,7363
aerius syrp,"aerius syrp",1,ب — مرجح,"أول دفعة 2026-04-22 = 1، بلا دفعة لاحقة للتأكيد",1,"2026-04-22:1@8340",8340,8340
sinemet 50\250,"sinemet 50\250",1,ب — مرجح,"أول دفعة 2026-04-22 = 1، بلا دفعة لاحقة للتأكيد",1,"2026-04-22:1@4170",4170,4170
ceftriaxone LDP 1g,"Ceftazidime BP I.V 1g",6,ب — مرجح,"أول دفعة 2026-04-22 = 6، بلا دفعة لاحقة للتأكيد",1,"2026-04-22:6@3850",3850,23100
4103040006882,"sebamed cream",1,ب — مرجح,"أول دفعة 2026-04-22 = 1، بلا دفعة لاحقة للتأكيد",1,"2026-04-22:1@22094",22094,22094
cream johnson,"cream johnson ",3,ب — مرجح,"أول دفعة 2026-04-22 = 3، بلا دفعة لاحقة للتأكيد",1,"2026-04-22:3@2588",2588,7764
8964000370780,"berg white cream",1,ب — مرجح,"أول دفعة 2026-04-22 = 1، بلا دفعة لاحقة للتأكيد",1,"2026-04-22:1@2567",2567,2567
5260270011778,"dema care soap",1,ب — مرجح,"أول دفعة 2026-04-22 = 1، بلا دفعة لاحقة للتأكيد",1,"2026-04-22:1@5071",5071,5071
6192012110571,"THIOMED amp",5,ب — مرجح,"أول دفعة 2026-04-23 = 5، بلا دفعة لاحقة للتأكيد",1,"2026-04-23:5@1516",1516,7579
ENO EFFE,"ENO EFFE",2,ب — مرجح,"أول دفعة 2026-04-23 = 2، بلا دفعة لاحقة للتأكيد",1,"2026-04-23:2@4130",4130,8260
5600874962609,"Alerbix 20mg tab",2,ب — مرجح,"أول دفعة 2026-04-23 = 2، بلا دفعة لاحقة للتأكيد",1,"2026-04-23:2@7496",7496,14991
6251427876950,"Neorica-M",1,ب — مرجح,"أول دفعة 2026-04-23 = 1، بلا دفعة لاحقة للتأكيد",1,"2026-04-23:1@5000",5000,5000
676194200252,"Bioflex cream",2,ب — مرجح,"أول دفعة 2026-04-25 = 2، بلا دفعة لاحقة للتأكيد",1,"2026-04-25:2@13240",13240,26480
5944728001329,"Slezin drop",2,ب — مرجح,"أول دفعة 2026-04-25 = 2، بلا دفعة لاحقة للتأكيد",1,"2026-04-25:2@7700",7700,15400
4823002225181,"Tear drop",1,ب — مرجح,"أول دفعة 2026-04-25 = 1، بلا دفعة لاحقة للتأكيد",1,"2026-04-25:1@5070",5070,5070
Dr-spastalz drop,"Dr-spastalz drop",4,ب — مرجح,"أول دفعة 2026-04-25 = 4، بلا دفعة لاحقة للتأكيد",1,"2026-04-25:4@1740",1740,6960
Ceftazidime im,"Ceftazidime IM",2,ب — مرجح,"أول دفعة 2026-04-25 = 2، بلا دفعة لاحقة للتأكيد",1,"2026-04-25:2@5047",5047,10094
6251106401510,"Lanacin 150mg",8,ب — مرجح,"أول دفعة 2026-04-25 = 8، بلا دفعة لاحقة للتأكيد",1,"2026-04-25:8@412",412,3292
MPI-VENT,"VentoWay syr",3,ب — مرجح,"أول دفعة 2026-04-25 = 3، بلا دفعة لاحقة للتأكيد",1,"2026-04-25:3@1056",1056,3168
Elicsal oint,"Elicsal oint",4,ب — مرجح,"أول دفعة 2026-04-25 = 4، بلا دفعة لاحقة للتأكيد",1,"2026-04-25:4@5706",5706,22824
6251106802218,"Carvidol 12.5mg",6,ب — مرجح,"أول دفعة 2026-04-25 = 6، بلا دفعة لاحقة للتأكيد",1,"2026-04-25:6@1685",1685,10110
Ceftazidime iv,"Ceftazidime iv",7,ب — مرجح,"أول دفعة 2026-04-25 = 7، بلا دفعة لاحقة للتأكيد",1,"2026-04-25:7@5048",5048,35336
6970221762749,"Vivachek  ino",4,ب — مرجح,"أول دفعة 2026-04-25 = 4، بلا دفعة لاحقة للتأكيد",1,"2026-04-25:4@9000",9000,36000
Cefepime iv,"Cefepime iv",10,ب — مرجح,"أول دفعة 2026-04-25 = 10، بلا دفعة لاحقة للتأكيد",1,"2026-04-25:10@7461",7461,74610
4046222100582,"Contractubex gel",1,ب — مرجح,"أول دفعة 2026-04-26 = 1، بلا دفعة لاحقة للتأكيد",1,"2026-04-26:1@8230",8230,8230
spasmomen,"spasmomen tab",4,ب — مرجح,"أول دفعة 2026-04-26 = 4، بلا دفعة لاحقة للتأكيد",1,"2026-04-26:4@3490",3490,13958
cefepime iv 1g,"Cefepime iv",9,ب — مرجح,"أول دفعة 2026-04-26 = 9، بلا دفعة لاحقة للتأكيد",1,"2026-04-26:9@7461",7461,67149
Bepanthen Ointment,"Bepanthen Ointment",1,ب — مرجح,"أول دفعة 2026-04-27 = 1، بلا دفعة لاحقة للتأكيد",1,"2026-04-27:1@1637",1637,1637
6251065018576,"Vanco 500mg amp",10,ب — مرجح,"أول دفعة 2026-04-27 = 10، بلا دفعة لاحقة للتأكيد",1,"2026-04-27:10@4389",4389,43890
6251151001345,"Apisal jet baby",1,ب — مرجح,"أول دفعة 2026-04-27 = 1، بلا دفعة لاحقة للتأكيد",1,"2026-04-27:1@7593",7593,7593
8683400273070,"Appetite booster gummeies",1,ب — مرجح,"أول دفعة 2026-04-27 = 1، بلا دفعة لاحقة للتأكيد",1,"2026-04-27:1@15134",15134,15134
5070631007193,"tadex sachet",39,ب — مرجح,"أول دفعة 2026-04-28 = 39، بلا دفعة لاحقة للتأكيد",1,"2026-04-28:39@1250",1250,48750
3700822602334,"navitae plus pf drop ",1,ب — مرجح,"أول دفعة 2026-04-28 = 1، بلا دفعة لاحقة للتأكيد",1,"2026-04-28:1@16800",16800,16800
011803366180624610L28940172706302189592559293180,"trium free drop",1,ب — مرجح,"أول دفعة 2026-04-28 = 1، بلا دفعة لاحقة للتأكيد",1,"2026-04-28:1@23674",23674,23674
6610182234113,"Chicoa wips",3,ب — مرجح,"أول دفعة 2026-04-28 = 3، بلا دفعة لاحقة للتأكيد",1,"2026-04-28:3@1250",1250,3750
8058090005360,"insuned 30G 0.5ml",6,ب — مرجح,"أول دفعة 2026-04-28 = 6، بلا دفعة لاحقة للتأكيد",1,"2026-04-28:6@2020",2020,12122
8000700000005,"dove soap cream",6,ب — مرجح,"أول دفعة 2026-04-29 = 6، بلا دفعة لاحقة للتأكيد",1,"2026-04-29:6@1100",1100,6600
4016369546154,"lacalte white repaior",1,ب — مرجح,"أول دفعة 2026-04-29 = 1، بلا دفعة لاحقة للتأكيد",1,"2026-04-29:1@9000",9000,9000
ketesse tab,"ketesse tab",4,ب — مرجح,"أول دفعة 2026-04-30 = 4، بلا دفعة لاحقة للتأكيد",1,"2026-04-30:4@3575",3575,14300
931774018,"mucosal 130ml syr",2,ب — مرجح,"أول دفعة 2026-04-30 = 2، بلا دفعة لاحقة للتأكيد",1,"2026-04-30:2@5710",5710,11420
cefotaxime BP iv,"Cefotaxime BP Iv1g vial",8,ب — مرجح,"أول دفعة 2026-04-30 = 8، بلا دفعة لاحقة للتأكيد",1,"2026-04-30:8@3290",3290,26320
ceftriaxone 1g im,"Ceftriaxone BP I.M 1g",10,ب — مرجح,"أول دفعة 2026-04-30 = 10، بلا دفعة لاحقة للتأكيد",1,"2026-04-30:10@3430",3430,34300
SDI-04GOO017,"antipyrol drop",10,ب — مرجح,"أول دفعة 2026-04-30 = 10، بلا دفعة لاحقة للتأكيد",1,"2026-04-30:10@1530",1530,15300
8699508270217,"lesef 1g im",15,ب — مرجح,"أول دفعة 2026-04-30 = 15، بلا دفعة لاحقة للتأكيد",1,"2026-04-30:15@1980",1980,29700
Concor 5mg,"Concor 5mg",5,ج — يحتاج مراجعة,"الأساس 5 (أول دفعة 2026-03-22) لكن 1 دفعة ليست مضاعفاً له: 4",6,"2026-03-22:5@4170 | 2026-04-27:10@4180 | 2026-07-05:4@4212 | 2026-07-27:20@4170 | 2026-08-20:20@4170 | 2026-09-09:10@4170",4170,20848
6291109120490,"Panadol advance 500mg",6,ج — يحتاج مراجعة,"الأساس 6 (أول دفعة 2026-03-23) لكن 5 دفعة ليست مضاعفاً له: 16/8/16/16/16",6,"2026-03-23:6@1125 | 2026-05-23:16@1125 | 2026-06-19:8@1125 | 2026-07-08:16@1125 | 2026-07-29:16@1125 | 2026-08-04:16@1125",1125,6748
6221508176712,"Neurorubine-plus amp",4,ج — يحتاج مراجعة,"الأساس 4 (أول دفعة 2026-04-12) لكن 4 دفعة ليست مضاعفاً له: 11/18/30/30",6,"2026-04-12:4@732 | 2026-05-16:8@732 | 2026-05-18:11@732 | 2026-07-26:18@732 | 2026-08-13:30@732 | 2026-09-06:30@742",742,2967
7640153087409,"Bactiflox TM Neo 500mg",2,ج — يحتاج مراجعة,"الأساس 2 (أول دفعة 2026-04-12) لكن 4 دفعة ليست مضاعفاً له: 1/5/5/5",6,"2026-04-12:2@10533 | 2026-06-25:1@10533 | 2026-07-03:2@10533 | 2026-07-15:5@10533 | 2026-07-29:5@10533 | 2026-08-17:5@10533",10533,21066
Euthyrox 50mg,"Euthyrox 50mg",3,ج — يحتاج مراجعة,"الأساس 3 (أول دفعة 2026-03-22) لكن 2 دفعة ليست مضاعفاً له: 1/2",5,"2026-03-22:3@1701 | 2026-04-25:1@1700 | 2026-06-23:2@1700 | 2026-07-19:9@1706 | 2026-08-12:12@1701",1701,5102
8901111081235,"Sacuzac 50mg tab",2,ج — يحتاج مراجعة,"الأساس 2 (أول دفعة 2026-03-24) لكن 4 دفعة ليست مضاعفاً له: 3/3/3/3",5,"2026-03-24:2@9162 | 2026-08-09:3@9163 | 2026-08-15:3@9163 | 2026-08-31:3@9350 | 2026-09-05:3@9160",9160,18320
8901302097144,"Coxib 200mg cap",3,ج — يحتاج مراجعة,"الأساس 3 (أول دفعة 2026-03-29) لكن 2 دفعة ليست مضاعفاً له: 2/1",5,"2026-03-29:3@1317 | 2026-03-29:2@1317 | 2026-03-29:1@1317 | 2026-08-31:6@1317 | 2026-09-17:12@1317",1317,3950
754025702349,"Majesta tab",2,ج — يحتاج مراجعة,"الأساس 2 (أول دفعة 2026-03-29) لكن 2 دفعة ليست مضاعفاً له: 1/1",5,"2026-03-29:2@2180 | 2026-03-29:1@2150 | 2026-07-06:1@2000 | 2026-07-11:4@1943 | 2026-08-16:6@3000",3000,6000
8901111046234,"Kamagra jelly 100mg",18,ج — يحتاج مراجعة,"الأساس 18 (أول دفعة 2026-03-30) لكن 4 دفعة ليست مضاعفاً له: 25/33/105/84",5,"2026-03-30:18@981 | 2026-06-08:25@957 | 2026-06-24:33@957 | 2026-08-09:105@958 | 2026-09-17:84@714",714,12857
8906113371445,"Dexacen amp",6,ج — يحتاج مراجعة,"الأساس 6 (أول دفعة 2026-04-15) لكن 4 دفعة ليست مضاعفاً له: 4/14/15/15",5,"2026-04-15:6@680 | 2026-05-24:4@680 | 2026-05-30:14@680 | 2026-07-25:15@680 | 2026-09-08:15@785",785,4710
Euthyrox 100mg,"Euthyrox 100mg",4,ج — يحتاج مراجعة,"الأساس 4 (أول دفعة 2026-04-25) لكن 1 دفعة ليست مضاعفاً له: 1",5,"2026-04-25:4@2500 | 2026-06-21:1@2502 | 2026-07-19:12@2502 | 2026-07-26:8@2502 | 2026-07-29:8@2502",2502,10007
6251875002116," PREDNICORT 20mg tab",4,ج — يحتاج مراجعة,"الأساس 4 (أول دفعة 2026-03-23) لكن 2 دفعة ليست مضاعفاً له: 1/6",4,"2026-03-23:4@1435 | 2026-05-04:1@1438 | 2026-07-05:8@1618 | 2026-07-06:6@1438",1438,5750
5391525730868,"Gazclear tab",3,ج — يحتاج مراجعة,"الأساس 3 (أول دفعة 2026-03-23) لكن 3 دفعة ليست مضاعفاً له: 4/4/4",4,"2026-03-23:3@5605 | 2026-09-06:4@5940 | 2026-09-09:4@5941 | 2026-09-09:4@5940",5940,17820
89023990010429,"Fe-folic cap",6,ج — يحتاج مراجعة,"الأساس 6 (أول دفعة 2026-03-24) لكن 1 دفعة ليست مضاعفاً له: 5",4,"2026-03-24:6@594 | 2026-04-04:5@600 | 2026-07-02:6@594 | 2026-07-27:42@440",440,2642
100840160015,"Aspin 100mg tab",3,ج — يحتاج مراجعة,"الأساس 3 (أول دفعة 2026-03-24) لكن 2 دفعة ليست مضاعفاً له: 4/10",4,"2026-03-24:3@1220 | 2026-07-03:4@1210 | 2026-08-09:10@306 | 2026-08-10:30@306",306,917
7640153088826,"Movicol sachet",11,ج — يحتاج مراجعة,"الأساس 11 (أول دفعة 2026-03-25) لكن 3 دفعة ليست مضاعفاً له: 20/20/20",4,"2026-03-25:11@716 | 2026-07-25:20@716 | 2026-08-24:20@716 | 2026-08-31:20@716",716,7874
5055565791004,"Finasteride 5mg ",2,ج — يحتاج مراجعة,"الأساس 2 (أول دفعة 2026-03-29) لكن 1 دفعة ليست مضاعفاً له: 1",4,"2026-03-29:2@3501 | 2026-03-29:1@3501 | 2026-08-12:2@3511 | 2026-08-12:2@3511",3511,7022
5000456007870,"Xigduo XR 10/1000mg tab",8,ج — يحتاج مراجعة,"الأساس 8 (أول دفعة 2026-03-29) لكن 3 دفعة ليست مضاعفاً له: 10/5/5",4,"2026-03-29:8@10998 | 2026-06-03:10@5500 | 2026-07-29:5@10998 | 2026-09-14:5@10998",10998,87984
6281053210613,"Nuno soap",2,ج — يحتاج مراجعة,"الأساس 2 (أول دفعة 2026-03-29) لكن 1 دفعة ليست مضاعفاً له: 5",4,"2026-03-29:2@1067 | 2026-07-25:5@940 | 2026-09-03:4@950 | 2026-09-09:8@1034",1034,2068
8901302099605,"mefril 500mg tab",45,ج — يحتاج مراجعة,"الأساس 45 (أول دفعة 2026-04-21) لكن 3 دفعة ليست مضاعفاً له: 50/100/50",4,"2026-04-21:45@439 | 2026-06-23:50@461 | 2026-07-09:100@439 | 2026-08-17:50@450",450,20250
otrivin spray,"otrivin spray",4,ج — يحتاج مراجعة,"الأساس 4 (أول دفعة 2026-04-21) لكن 2 دفعة ليست مضاعفاً له: 3/3",4,"2026-04-21:4@5860 | 2026-05-23:3@5870 | 2026-07-04:4@5870 | 2026-09-14:3@5860",5860,23440
6251875000075,"Plavineer 75mg tab",3,ج — يحتاج مراجعة,"الأساس 3 (أول دفعة 2026-04-25) لكن 3 دفعة ليست مضاعفاً له: 2/4/4",4,"2026-04-25:3@3990 | 2026-06-29:2@3285 | 2026-08-02:4@3955 | 2026-08-27:4@4000",4000,12000
8699512002217,"Otal Soap",10,ج — يحتاج مراجعة,"الأساس 10 (أول دفعة 2026-04-25) لكن 2 دفعة ليست مضاعفاً له: 1/5",4,"2026-04-25:10@464 | 2026-04-26:1@464 | 2026-07-12:5@625 | 2026-08-19:10@700",700,7000
100508150044,"asmasam tab",2,ج — يحتاج مراجعة,"الأساس 2 (أول دفعة 2026-03-23) لكن 1 دفعة ليست مضاعفاً له: 9",3,"2026-03-23:2@482 | 2026-07-02:9@499 | 2026-08-20:30@467",467,933
Viagra,"Viagra 100 mg tab",3,ج — يحتاج مراجعة,"الأساس 3 (أول دفعة 2026-03-23) لكن 2 دفعة ليست مضاعفاً له: 1/1",3,"2026-03-23:3@3963 | 2026-09-06:1@15850 | 2026-09-16:1@15850",15850,47550
Bisacodyl tab,"Bisacodyl tab",8,ج — يحتاج مراجعة,"الأساس 8 (أول دفعة 2026-03-23) لكن 2 دفعة ليست مضاعفاً له: 10/10",3,"2026-03-23:8@343 | 2026-07-29:10@351 | 2026-08-26:10@351",351,2809
6285147002283,"Lotevan plus 10/160/12.5mg tab",2,ج — يحتاج مراجعة,"الأساس 2 (أول دفعة 2026-03-23) لكن 1 دفعة ليست مضاعفاً له: 3",3,"2026-03-23:2@6567 | 2026-08-19:3@7062 | 2026-09-13:6@5318",5318,10635
6221032131027,"Ferro-fol cap",6,ج — يحتاج مراجعة,"الأساس 6 (أول دفعة 2026-03-23) لكن 1 دفعة ليست مضاعفاً له: 3",3,"2026-03-23:6@695 | 2026-04-12:3@700 | 2026-08-02:12@695",695,4170
6251875001676,"Sitavia 50/500mg tab",8,ج — يحتاج مراجعة,"الأساس 8 (أول دفعة 2026-03-23) لكن 1 دفعة ليست مضاعفاً له: 3",3,"2026-03-23:8@1769 | 2026-06-07:3@1576 | 2026-07-08:8@1781",1781,14250
Uriset 100mg tab,"Uriset 100mg tab",35,ج — يحتاج مراجعة,"الأساس 35 (أول دفعة 2026-03-23) لكن 2 دفعة ليست مضاعفاً له: 4/16",3,"2026-03-23:35@1595 | 2026-09-03:4@1717 | 2026-09-05:16@1717",1717,60095
6211314011819,"Alctone 50mg tab medico",4,ج — يحتاج مراجعة,"الأساس 4 (أول دفعة 2026-03-23) لكن 2 دفعة ليست مضاعفاً له: 2/2",3,"2026-03-23:4@5350 | 2026-06-01:2@5400 | 2026-08-25:2@5350",5350,21400
6213019301875,"Diacolin Max XR 12.5\2.5\1000mg tab",3,ج — يحتاج مراجعة,"الأساس 3 (أول دفعة 2026-03-23) لكن 1 دفعة ليست مضاعفاً له: 1",3,"2026-03-23:3@13516 | 2026-07-15:3@13516 | 2026-09-08:1@13513",13513,40540
8901302120941,"Rovas 20mg tab",2,ج — يحتاج مراجعة,"الأساس 2 (أول دفعة 2026-03-24) لكن 2 دفعة ليست مضاعفاً له: 9/9",3,"2026-03-24:2@2926 | 2026-06-13:9@2930 | 2026-08-20:9@2926",2926,5852
8901302203118,"Apivas-5mg tab",4,ج — يحتاج مراجعة,"الأساس 4 (أول دفعة 2026-03-24) لكن 2 دفعة ليست مضاعفاً له: 6/6",3,"2026-03-24:4@3750 | 2026-08-09:6@3750 | 2026-09-08:6@3749",3749,14996
6221508121415,"Zinc Olive creem",2,ج — يحتاج مراجعة,"الأساس 2 (أول دفعة 2026-03-25) لكن 1 دفعة ليست مضاعفاً له: 5",3,"2026-03-25:2@3700 | 2026-08-02:2@4095 | 2026-08-03:5@3850",3850,7700
6211118010100,"Normolute_N tap",3,ج — يحتاج مراجعة,"الأساس 3 (أول دفعة 2026-03-26) لكن 1 دفعة ليست مضاعفاً له: 4",3,"2026-03-26:3@2943 | 2026-09-05:4@5043 | 2026-09-06:6@4320",4320,12960
Controloc 20mg,"Controloc 20mg",4,ج — يحتاج مراجعة,"الأساس 4 (أول دفعة 2026-03-26) لكن 2 دفعة ليست مضاعفاً له: 2/2",3,"2026-03-26:4@3983 | 2026-06-04:2@3983 | 2026-06-29:2@4005",4005,16020
8244197603282,"Sideral sachet",19,ج — يحتاج مراجعة,"الأساس 19 (أول دفعة 2026-03-28) لكن 2 دفعة ليست مضاعفاً له: 20/2",3,"2026-03-28:19@1176 | 2026-07-15:20@992 | 2026-08-25:2@992",992,18848
6251600000912,"Prostacare 5mg tab",2,ج — يحتاج مراجعة,"الأساس 2 (أول دفعة 2026-03-28) لكن 1 دفعة ليست مضاعفاً له: 3",3,"2026-03-28:2@3750 | 2026-07-17:3@3830 | 2026-09-05:6@3777",3777,7553
6251159045051,"Actomet 15/850mg tab hikma",3,ج — يحتاج مراجعة,"الأساس 3 (أول دفعة 2026-03-29) لكن 2 دفعة ليست مضاعفاً له: 4/4",3,"2026-03-29:3@10375 | 2026-09-03:4@10255 | 2026-09-09:4@10104",10104,30311
6251106800566,"Eveness 20mg",4,ج — يحتاج مراجعة,"الأساس 4 (أول دفعة 2026-03-29) لكن 1 دفعة ليست مضاعفاً له: 1",3,"2026-03-29:4@3784 | 2026-03-30:1@3784 | 2026-08-22:8@3796",3796,15182
9641996015411,"Jana syr",2,ج — يحتاج مراجعة,"الأساس 2 (أول دفعة 2026-03-30) لكن 1 دفعة ليست مضاعفاً له: 1",3,"2026-03-30:2@1990 | 2026-04-18:1@1980 | 2026-05-27:4@1980",1980,3960
8901111006702,"Kamagra jelly 50mg sachet",10,ج — يحتاج مراجعة,"الأساس 10 (أول دفعة 2026-03-30) لكن 2 دفعة ليست مضاعفاً له: 59/35",3,"2026-03-30:10@714 | 2026-06-24:59@696 | 2026-08-15:35@696",696,6963
6251653300106,"Senergy 5\160",2,ج — يحتاج مراجعة,"الأساس 2 (أول دفعة 2026-04-03) لكن 2 دفعة ليست مضاعفاً له: 3/3",3,"2026-04-03:2@5000 | 2026-09-08:3@4772 | 2026-09-17:3@4772",4772,9544
Otrivin child spray,"Otrivin child spray",5,ج — يحتاج مراجعة,"الأساس 5 (أول دفعة 2026-04-11) لكن 1 دفعة ليست مضاعفاً له: 2",3,"2026-04-11:5@5290 | 2026-08-22:5@5113 | 2026-09-14:2@5114",5114,25570
Otrivin menthol spray,"Otrivin menthol spray",2,ج — يحتاج مراجعة,"الأساس 2 (أول دفعة 2026-04-11) لكن 2 دفعة ليست مضاعفاً له: 5/3",3,"2026-04-11:2@5859 | 2026-08-26:5@5859 | 2026-09-14:3@5860",5860,11720
8057289180147,"Rupedir sachet",36,ج — يحتاج مراجعة,"الأساس 36 (أول دفعة 2026-04-11) لكن 2 دفعة ليست مضاعفاً له: 1/18",3,"2026-04-11:36@2153 | 2026-07-28:1@2209 | 2026-08-24:18@2153",2153,77500
8901252956553,"Medafill 5mg",24,ج — يحتاج مراجعة,"الأساس 24 (أول دفعة 2026-04-15) لكن 2 دفعة ليست مضاعفاً له: 9/19",3,"2026-04-15:24@6500 | 2026-04-16:9@6242 | 2026-04-16:19@6500",6500,156000
6291103841513,"Meflo 400 tab",11,ج — يحتاج مراجعة,"الأساس 11 (أول دفعة 2026-04-15) لكن 2 دفعة ليست مضاعفاً له: 1/10",3,"2026-04-15:11@4166 | 2026-07-28:1@250 | 2026-09-16:10@3000",3000,33000
5060589200050,"Cyclogest 400mg supp",2,ج — يحتاج مراجعة,"الأساس 2 (أول دفعة 2026-04-16) لكن 1 دفعة ليست مضاعفاً له: 3",3,"2026-04-16:2@10237 | 2026-04-18:3@10192 | 2026-09-09:12@10192",10192,20384
8699514090502,"Stage_20mg",3,ج — يحتاج مراجعة,"الأساس 3 (أول دفعة 2026-04-18) لكن 2 دفعة ليست مضاعفاً له: 8/8",3,"2026-04-18:3@1600 | 2026-07-15:8@2557 | 2026-09-05:8@2558",2558,7673
8901302097151,"Angizaar-H tab",3,ج — يحتاج مراجعة,"الأساس 3 (أول دفعة 2026-04-19) لكن 1 دفعة ليست مضاعفاً له: 7",3,"2026-04-19:3@2100 | 2026-05-27:7@2170 | 2026-08-07:6@2165",2165,6495
6251106130304,"cARVIDOL 25MG",2,ج — يحتاج مراجعة,"الأساس 2 (أول دفعة 2026-04-19) لكن 1 دفعة ليست مضاعفاً له: 9",3,"2026-04-19:2@1633 | 2026-07-27:9@1705 | 2026-08-20:6@1633",1633,3267
8901111079669,"Empadil L10\5mg",3,ج — يحتاج مراجعة,"الأساس 3 (أول دفعة 2026-04-20) لكن 1 دفعة ليست مضاعفاً له: 2",3,"2026-04-20:3@9900 | 2026-05-31:2@9800 | 2026-08-22:3@9240",9240,27720
calridol,"calridol",16,ج — يحتاج مراجعة,"الأساس 16 (أول دفعة 2026-04-21) لكن 2 دفعة ليست مضاعفاً له: 9/20",3,"2026-04-21:16@2085 | 2026-06-30:9@1724 | 2026-08-11:20@1705",1705,27280
89023990058735,"Vermx 200mg tab",2,ج — يحتاج مراجعة,"الأساس 2 (أول دفعة 2026-04-23) لكن 1 دفعة ليست مضاعفاً له: 11",3,"2026-04-23:2@699 | 2026-06-10:11@500 | 2026-08-15:28@496",496,992
6251065019900,"suprax 400mg",2,ج — يحتاج مراجعة,"الأساس 2 (أول دفعة 2026-04-25) لكن 1 دفعة ليست مضاعفاً له: 1",3,"2026-04-25:2@10314 | 2026-07-11:1@10330 | 2026-09-08:2@10330",10330,20660
8901111001370,"Zaha 250mg tab",2,ج — يحتاج مراجعة,"الأساس 2 (أول دفعة 2026-04-27) لكن 1 دفعة ليست مضاعفاً له: 5",3,"2026-04-27:2@2171 | 2026-07-24:2@2173 | 2026-08-01:5@2172",2172,4344
8436024614527,"Dynamogen amp",13,ج — يحتاج مراجعة,"الأساس 13 (أول دفعة 2026-03-22) لكن 1 دفعة ليست مضاعفاً له: 20",2,"2026-03-22:13@1023 | 2026-08-11:20@1023",1023,13294
4260095689924,"One-Alpha 0.25mcg",8,ج — يحتاج مراجعة,"الأساس 8 (أول دفعة 2026-03-23) لكن 1 دفعة ليست مضاعفاً له: 10",2,"2026-03-23:8@3100 | 2026-08-11:10@3023",3023,24182
Methycobal 500mcg 10amp,"Methycobal 500mcg 10amp",4,ج — يحتاج مراجعة,"الأساس 4 (أول دفعة 2026-03-23) لكن 1 دفعة ليست مضاعفاً له: 58",2,"2026-03-23:4@1925 | 2026-09-09:58@1925",1925,7698
8699514550143,"Brequal 50mcg/100mcg",5,ج — يحتاج مراجعة,"الأساس 5 (أول دفعة 2026-03-23) لكن 1 دفعة ليست مضاعفاً له: 1",2,"2026-03-23:5@2591 | 2026-04-11:1@2590",2590,12950
7640153087607,"Cardex TM 2.5mg",3,ج — يحتاج مراجعة,"الأساس 3 (أول دفعة 2026-03-23) لكن 1 دفعة ليست مضاعفاً له: 8",2,"2026-03-23:3@1046 | 2026-06-29:8@1046",1046,3138
7640153082718,"Metracin 100mg tab",2,ج — يحتاج مراجعة,"الأساس 2 (أول دفعة 2026-03-23) لكن 1 دفعة ليست مضاعفاً له: 3",2,"2026-03-23:2@3545 | 2026-05-17:3@3550",3550,7100
9780201380125,"Lansotech 15",9,ج — يحتاج مراجعة,"الأساس 9 (أول دفعة 2026-03-23) لكن 1 دفعة ليست مضاعفاً له: 6",2,"2026-03-23:9@1123 | 2026-08-11:6@1167",1167,10500
6251875000051,"Movineer 15mg tab",2,ج — يحتاج مراجعة,"الأساس 2 (أول دفعة 2026-03-23) لكن 1 دفعة ليست مضاعفاً له: 9",2,"2026-03-23:2@1119 | 2026-08-13:9@1003",1003,2007
6251875002468,"Piocine 20mg/1ml amp",2,ج — يحتاج مراجعة,"الأساس 2 (أول دفعة 2026-03-23) لكن 1 دفعة ليست مضاعفاً له: 15",2,"2026-03-23:2@497 | 2026-06-30:15@496",496,992
8901111079294,"empadil M 12.5/1000mg tab",5,ج — يحتاج مراجعة,"الأساس 5 (أول دفعة 2026-03-23) لكن 1 دفعة ليست مضاعفاً له: 6",2,"2026-03-23:5@8025 | 2026-08-13:6@7260",7260,36300
3665084000055,"Sterogyl H 600000IU/1.5ML amp",2,ج — يحتاج مراجعة,"الأساس 2 (أول دفعة 2026-03-23) لكن 1 دفعة ليست مضاعفاً له: 9",2,"2026-03-23:2@5816 | 2026-05-30:9@5815",5815,11630
89023990033367,"Levofloxacin 500mg Brawn",2,ج — يحتاج مراجعة,"الأساس 2 (أول دفعة 2026-03-24) لكن 1 دفعة ليست مضاعفاً له: 5",2,"2026-03-24:2@1987 | 2026-07-17:5@1975",1975,3950
685867962533,"Cyprodine 4mg tab",3,ج — يحتاج مراجعة,"الأساس 3 (أول دفعة 2026-03-24) لكن 1 دفعة ليست مضاعفاً له: 10",2,"2026-03-24:3@330 | 2026-08-11:10@706",706,2118
8901111003626,"Perobar 2.5%",3,ج — يحتاج مراجعة,"الأساس 3 (أول دفعة 2026-03-25) لكن 1 دفعة ليست مضاعفاً له: 10",2,"2026-03-25:3@4590 | 2026-09-10:10@5120",5120,15360
8901111002711,"Aquasoft soap ajanta",3,ج — يحتاج مراجعة,"الأساس 3 (أول دفعة 2026-03-25) لكن 1 دفعة ليست مضاعفاً له: 5",2,"2026-03-25:3@3590 | 2026-08-24:5@3520",3520,10560
8901111080733,"Humiderm",2,ج — يحتاج مراجعة,"الأساس 2 (أول دفعة 2026-03-25) لكن 1 دفعة ليست مضاعفاً له: 5",2,"2026-03-25:2@4173 | 2026-08-10:5@4610",4610,9220
8901177100505,"Moovzg 50g cream",2,ج — يحتاج مراجعة,"الأساس 2 (أول دفعة 2026-03-25) لكن 1 دفعة ليست مضاعفاً له: 11",2,"2026-03-25:2@1175 | 2026-07-03:11@800",800,1600
6211170037664,"Retane 40mg",4,ج — يحتاج مراجعة,"الأساس 4 (أول دفعة 2026-03-26) لكن 1 دفعة ليست مضاعفاً له: 5",2,"2026-03-26:4@6280 | 2026-09-02:5@6264",6264,25056
6251653370109,"Scolta 20mg",2,ج — يحتاج مراجعة,"الأساس 2 (أول دفعة 2026-03-26) لكن 1 دفعة ليست مضاعفاً له: 3",2,"2026-03-26:2@4431 | 2026-09-17:3@4431",4431,8863
7640153080592,"Olfen patch",3,ج — يحتاج مراجعة,"الأساس 3 (أول دفعة 2026-03-26) لكن 1 دفعة ليست مضاعفاً له: 5",2,"2026-03-26:3@2495 | 2026-08-17:5@2495",2495,7486
Imuran 50mg,"Imuran 50mg",7,ج — يحتاج مراجعة,"الأساس 7 (أول دفعة 2026-03-26) لكن 1 دفعة ليست مضاعفاً له: 4",2,"2026-03-26:7@10345 | 2026-08-31:4@10345",10345,72413
6291103730251,"Glovit-Cal cap",2,ج — يحتاج مراجعة,"الأساس 2 (أول دفعة 2026-03-26) لكن 1 دفعة ليست مضاعفاً له: 3",2,"2026-03-26:2@1609 | 2026-06-30:3@1476",1476,2952
6217000058052,"Lin شيرة",5,ج — يحتاج مراجعة,"الأساس 5 (أول دفعة 2026-03-26) لكن 1 دفعة ليست مضاعفاً له: 3",2,"2026-03-26:5@539 | 2026-08-19:3@465",465,2325
6251875001102,"X-cough 15mg/5ml syr",2,ج — يحتاج مراجعة,"الأساس 2 (أول دفعة 2026-03-26) لكن 1 دفعة ليست مضاعفاً له: 5",2,"2026-03-26:2@1210 | 2026-08-11:5@1160",1160,2320
8436024618280,"Distem tap",4,ج — يحتاج مراجعة,"الأساس 4 (أول دفعة 2026-03-27) لكن 1 دفعة ليست مضاعفاً له: 10",2,"2026-03-27:4@4148 | 2026-06-24:10@4146",4146,16584
6251151000263,"Decozal 0.05% nasal drop",2,ج — يحتاج مراجعة,"الأساس 2 (أول دفعة 2026-03-28) لكن 1 دفعة ليست مضاعفاً له: 1",2,"2026-03-28:2@1428 | 2026-03-28:1@1428",1428,2856
8697929040150,"Rabelis 20mg tab",2,ج — يحتاج مراجعة,"الأساس 2 (أول دفعة 2026-03-29) لكن 1 دفعة ليست مضاعفاً له: 1",2,"2026-03-29:2@4389 | 2026-03-29:1@4389",4389,8778
5055565788929,"Gabapentin 100mg Accord",4,ج — يحتاج مراجعة,"الأساس 4 (أول دفعة 2026-03-29) لكن 1 دفعة ليست مضاعفاً له: 5",2,"2026-03-29:4@4499 | 2026-07-16:5@4513",4513,18050
7559188484612,"Citro-D2 600000IU/1.5ml amp",5,ج — يحتاج مراجعة,"الأساس 5 (أول دفعة 2026-03-29) لكن 1 دفعة ليست مضاعفاً له: 2",2,"2026-03-29:5@2530 | 2026-05-16:2@2530",2530,12650
6251159031719,"Indicardin 40mg",3,ج — يحتاج مراجعة,"الأساس 3 (أول دفعة 2026-03-29) لكن 1 دفعة ليست مضاعفاً له: 5",2,"2026-03-29:3@527 | 2026-09-03:5@533",533,1598
5290931001312,"Taver 200mg tab",4,ج — يحتاج مراجعة,"الأساس 4 (أول دفعة 2026-03-29) لكن 1 دفعة ليست مضاعفاً له: 5",2,"2026-03-29:4@1404 | 2026-03-30:5@1400",1400,5600
8901302203491,"Pantofage 40mg tab",3,ج — يحتاج مراجعة,"الأساس 3 (أول دفعة 2026-03-29) لكن 1 دفعة ليست مضاعفاً له: 2",2,"2026-03-29:3@1577 | 2026-03-30:2@1899",1899,5698
8901302098318,"Olan-5 tab",2,ج — يحتاج مراجعة,"الأساس 2 (أول دفعة 2026-03-29) لكن 1 دفعة ليست مضاعفاً له: 3",2,"2026-03-29:2@1938 | 2026-04-05:3@5000",5000,10000
6251875002727,"Pregafix 50mg cap",4,ج — يحتاج مراجعة,"الأساس 4 (أول دفعة 2026-03-29) لكن 1 دفعة ليست مضاعفاً له: 2",2,"2026-03-29:4@2625 | 2026-06-19:2@3069",3069,12276
6251106160592,"Orotix 60mg tab",4,ج — يحتاج مراجعة,"الأساس 4 (أول دفعة 2026-03-29) لكن 1 دفعة ليست مضاعفاً له: 2",2,"2026-03-29:4@3731 | 2026-03-30:2@3731",3731,14922
8699153013870,"ELma spray",2,ج — يحتاج مراجعة,"الأساس 2 (أول دفعة 2026-03-29) لكن 1 دفعة ليست مضاعفاً له: 1",2,"2026-03-29:2@4626 | 2026-08-15:1@4386",4386,8772
3574669907552,"Gohnson baby shampoo",4,ج — يحتاج مراجعة,"الأساس 4 (أول دفعة 2026-03-29) لكن 1 دفعة ليست مضاعفاً له: 2",2,"2026-03-29:4@1913 | 2026-04-01:2@1894",1894,7576
Biscolen amp,"Biscolen amp",30,ج — يحتاج مراجعة,"الأساس 30 (أول دفعة 2026-03-29) لكن 1 دفعة ليست مضاعفاً له: 10",2,"2026-03-29:30@549 | 2026-05-18:10@549",549,16458
8006432748857,"Thiopro cap",2,ج — يحتاج مراجعة,"الأساس 2 (أول دفعة 2026-03-30) لكن 1 دفعة ليست مضاعفاً له: 3",2,"2026-03-30:2@5427 | 2026-09-08:3@5432",5432,10865
6211327121765,"Azithromycin Medico 500mg tab",3,ج — يحتاج مراجعة,"الأساس 3 (أول دفعة 2026-03-30) لكن 1 دفعة ليست مضاعفاً له: 10",2,"2026-03-30:3@1702 | 2026-07-17:10@1702",1702,5106
3800795392949,"Rabesil 20mg",2,ج — يحتاج مراجعة,"الأساس 2 (أول دفعة 2026-03-30) لكن 1 دفعة ليست مضاعفاً له: 3",2,"2026-03-30:2@3850 | 2026-09-08:3@4130",4130,8260
5055565789285,"Clopidogrel 75mg",3,ج — يحتاج مراجعة,"الأساس 3 (أول دفعة 2026-03-30) لكن 1 دفعة ليست مضاعفاً له: 7",2,"2026-03-30:3@2085 | 2026-06-21:7@2085",2085,6255
3337875597333,"Cerave hadrating cleanser 473ml",2,ج — يحتاج مراجعة,"الأساس 2 (أول دفعة 2026-03-30) لكن 1 دفعة ليست مضاعفاً له: 1",2,"2026-03-30:2@25000 | 2026-04-01:1@0",0,0
3337875597388,"Cerave Moisturising creem 16 oz\454g",2,ج — يحتاج مراجعة,"الأساس 2 (أول دفعة 2026-03-30) لكن 1 دفعة ليست مضاعفاً له: 1",2,"2026-03-30:2@25233 | 2026-08-27:1@30289",30289,60578
2987028767680,"Active Slim cap",13,ج — يحتاج مراجعة,"الأساس 13 (أول دفعة 2026-03-31) لكن 1 دفعة ليست مضاعفاً له: 16",2,"2026-03-31:13@7725 | 2026-04-21:16@7500",7500,97500
Dr. clinic roll,"Dr. clinic roll",3,ج — يحتاج مراجعة,"الأساس 3 (أول دفعة 2026-04-01) لكن 1 دفعة ليست مضاعفاً له: 10",2,"2026-04-01:3@5320 | 2026-06-28:10@5600",5600,16800
6001106107406,"Dettol Sensitive Soap 120g",4,ج — يحتاج مراجعة,"الأساس 4 (أول دفعة 2026-04-01) لكن 1 دفعة ليست مضاعفاً له: 6",2,"2026-04-01:4@1128 | 2026-06-04:6@922",922,3688
250,"250",6,ج — يحتاج مراجعة,"الأساس 6 (أول دفعة 2026-04-02) لكن 1 دفعة ليست مضاعفاً له: 1000",2,"2026-04-02:6@200 | 2026-08-12:1000@200",200,1200
Janumet50\500,"Janumet50\500",5,ج — يحتاج مراجعة,"الأساس 5 (أول دفعة 2026-04-02) لكن 1 دفعة ليست مضاعفاً له: 8",2,"2026-04-02:5@4883 | 2026-07-21:8@5804",5804,29021
6210869086426,"dalamycin solution",2,ج — يحتاج مراجعة,"الأساس 2 (أول دفعة 2026-04-02) لكن 1 دفعة ليست مضاعفاً له: 5",2,"2026-04-02:2@2950 | 2026-09-06:5@2853",2853,5706
8901302097748,"Allercet 10mg tab",2,ج — يحتاج مراجعة,"الأساس 2 (أول دفعة 2026-04-03) لكن 1 دفعة ليست مضاعفاً له: 3",2,"2026-04-03:2@667 | 2026-06-30:3@2000",2000,4000
Trileptal 300mg,"Trileptal 300mg",3,ج — يحتاج مراجعة,"الأساس 3 (أول دفعة 2026-04-03) لكن 1 دفعة ليست مضاعفاً له: 5",2,"2026-04-03:3@7000 | 2026-08-15:5@6696",6696,20088
8901302123126,"Bactoclav 625mg tab",3,ج — يحتاج مراجعة,"الأساس 3 (أول دفعة 2026-04-04) لكن 1 دفعة ليست مضاعفاً له: 8",2,"2026-04-04:3@3292 | 2026-08-07:8@3292",3292,9875
Olmetec plus 40\12.5,"Olmetec plus 40\12.5",3,ج — يحتاج مراجعة,"الأساس 3 (أول دفعة 2026-04-04) لكن 1 دفعة ليست مضاعفاً له: 8",2,"2026-04-04:3@7950 | 2026-07-02:8@8882",8882,26646
8901111474112,"Amaday-5mg tab ajanta",3,ج — يحتاج مراجعة,"الأساس 3 (أول دفعة 2026-04-05) لكن 1 دفعة ليست مضاعفاً له: 10",2,"2026-04-05:3@500 | 2026-07-26:10@494",494,1482
5060120173584,"tea tree foaming",2,ج — يحتاج مراجعة,"الأساس 2 (أول دفعة 2026-04-07) لكن 1 دفعة ليست مضاعفاً له: 5",2,"2026-04-07:2@2209 | 2026-09-05:5@3150",3150,6300
4154187800130,"coloprid 135+25+180mg tab",5,ج — يحتاج مراجعة,"الأساس 5 (أول دفعة 2026-04-07) لكن 1 دفعة ليست مضاعفاً له: 3",2,"2026-04-07:5@3450 | 2026-05-03:3@3450",3450,17250
8901302100424,"Candelong-16mg tab",4,ج — يحتاج مراجعة,"الأساس 4 (أول دفعة 2026-04-09) لكن 1 دفعة ليست مضاعفاً له: 6",2,"2026-04-09:4@1975 | 2026-08-03:6@1975",1975,7900
3800023406240,"aquarelle total care",2,ج — يحتاج مراجعة,"الأساس 2 (أول دفعة 2026-04-09) لكن 1 دفعة ليست مضاعفاً له: 3",2,"2026-04-09:2@4379 | 2026-08-25:3@4379",4379,8758
cardura 4mg,"cardura 4mg",3,ج — يحتاج مراجعة,"الأساس 3 (أول دفعة 2026-04-09) لكن 1 دفعة ليست مضاعفاً له: 2",2,"2026-04-09:3@6064 | 2026-07-19:2@6064",6064,18192
8901111074077,"Razine 500mg",5,ج — يحتاج مراجعة,"الأساس 5 (أول دفعة 2026-04-11) لكن 1 دفعة ليست مضاعفاً له: 6",2,"2026-04-11:5@3580 | 2026-09-03:6@3580",3580,17900
Arcoxia 90mg tab,"Arcoxia 90mg tab",3,ج — يحتاج مراجعة,"الأساس 3 (أول دفعة 2026-04-14) لكن 1 دفعة ليست مضاعفاً له: 4",2,"2026-04-14:3@3227 | 2026-08-05:4@6432",6432,19296
6251106160769,"Diostar plus 160\25",4,ج — يحتاج مراجعة,"الأساس 4 (أول دفعة 2026-04-15) لكن 1 دفعة ليست مضاعفاً له: 6",2,"2026-04-15:4@3550 | 2026-07-06:6@3657",3657,14629
8901111074961,"sitapril 100",3,ج — يحتاج مراجعة,"الأساس 3 (أول دفعة 2026-04-16) لكن 1 دفعة ليست مضاعفاً له: 1",2,"2026-04-16:3@5073 | 2026-09-10:1@5530",5530,16590
787907093105,"bidkin powder 10 sachet",23,ج — يحتاج مراجعة,"الأساس 23 (أول دفعة 2026-04-16) لكن 1 دفعة ليست مضاعفاً له: 20",2,"2026-04-16:23@117 | 2026-07-08:20@106",106,2427
5055565788936,"Aciclovir 800mg tab accord",4,ج — يحتاج مراجعة,"الأساس 4 (أول دفعة 2026-04-18) لكن 1 دفعة ليست مضاعفاً له: 7",2,"2026-04-18:4@3211 | 2026-08-17:7@2922",2922,11687
5055565789117,"Propranolol 10mg",3,ج — يحتاج مراجعة,"الأساس 3 (أول دفعة 2026-04-18) لكن 1 دفعة ليست مضاعفاً له: 4",2,"2026-04-18:3@1315 | 2026-08-13:4@1317",1317,3950
8901302120934,"Rovas 10mg",6,ج — يحتاج مراجعة,"الأساس 6 (أول دفعة 2026-04-19) لكن 1 دفعة ليست مضاعفاً له: 9",2,"2026-04-19:6@1955 | 2026-06-29:9@1909",1909,11456
8697420513436,"Neuropathy relief ",7,ج — يحتاج مراجعة,"الأساس 7 (أول دفعة 2026-04-21) لكن 1 دفعة ليست مضاعفاً له: 10",2,"2026-04-21:7@9560 | 2026-07-13:10@9576",9576,67032
6285147004683,"Tabuvan 160mg tab",2,ج — يحتاج مراجعة,"الأساس 2 (أول دفعة 2026-04-22) لكن 1 دفعة ليست مضاعفاً له: 3",2,"2026-04-22:2@3658 | 2026-06-08:3@1830",1830,3660
8901111349137,"novaten 50mg tab",3,ج — يحتاج مراجعة,"الأساس 3 (أول دفعة 2026-04-23) لكن 1 دفعة ليست مضاعفاً له: 2",2,"2026-04-23:3@575 | 2026-08-02:2@570",570,1710
8699591900015,"mikonid viginal ovule",2,ج — يحتاج مراجعة,"الأساس 2 (أول دفعة 2026-04-25) لكن 1 دفعة ليست مضاعفاً له: 1",2,"2026-04-25:2@14390 | 2026-07-11:1@14390",14390,28780
8901111071410,"Vildaril M 50\850mg tab",2,ج — يحتاج مراجعة,"الأساس 2 (أول دفعة 2026-04-25) لكن 1 دفعة ليست مضاعفاً له: 3",2,"2026-04-25:2@2780 | 2026-09-08:3@2780",2780,5560
6251875001577,"Horse Man 20mg tab",2,ج — يحتاج مراجعة,"الأساس 2 (أول دفعة 2026-04-25) لكن 1 دفعة ليست مضاعفاً له: 3",2,"2026-04-25:2@2590 | 2026-08-02:3@2778",2778,5556
6281080004186,"Flamazine cream",3,ج — يحتاج مراجعة,"الأساس 3 (أول دفعة 2026-04-25) لكن 1 دفعة ليست مضاعفاً له: 2",2,"2026-04-25:3@4608 | 2026-04-26:2@4608",4608,13824
3401381507565,"bioderma sensibio بشرة حساسة ",2,ج — يحتاج مراجعة,"الأساس 2 (أول دفعة 2026-04-30) لكن 1 دفعة ليست مضاعفاً له: 1",2,"2026-04-30:2@19493 | 2026-07-12:1@20089",20089,40178
4031571073397,"Dologan Denk tab",,د — غير محدد,"كميات مختلفة بلا بداية مبكرة: 3/4/2/10/8",9,"2026-05-13:3@3800 | 2026-07-19:4@3841 | 2026-07-19:2@3840 | 2026-07-19:2@3840 | 2026-07-26:10@3841 | 2026-08-09:10@3841 | 2026-08-20:8@3841 | 2026-09-05:10@3841 | 2026-09-13:10@3840",3840,
3582910074236,"Plavix 75mg tab",,د — غير محدد,"كميات مختلفة بلا بداية مبكرة: 1/4/2/5",8,"2026-06-29:1@9410 | 2026-07-25:4@9408 | 2026-07-29:4@9408 | 2026-08-07:4@9410 | 2026-08-25:2@9408 | 2026-09-06:5@0 | 2026-09-08:4@9408 | 2026-09-09:4@9410",9410,
6251151000850,"Decozal 0.1% 10ml spray",,د — غير محدد,"كميات مختلفة بلا بداية مبكرة: 4/10/5/15",8,"2026-07-04:4@2348 | 2026-07-12:4@2348 | 2026-07-29:10@2348 | 2026-08-06:5@2348 | 2026-08-07:10@2350 | 2026-08-17:10@2348 | 2026-08-22:15@2348 | 2026-09-13:15@2348",2348,
7640153081353,"Mesporin-1000mg IV",,د — غير محدد,"كميات مختلفة بلا بداية مبكرة: 2/4/3/10/5",7,"2026-05-14:2@7880 | 2026-06-10:4@7880 | 2026-06-11:3@7790 | 2026-08-03:10@7878 | 2026-09-16:2@7880 | 2026-09-17:3@7880 | 2026-09-17:5@7878",7878,
6251875004233,"Pio Fresh eye drop",,د — غير محدد,"كميات مختلفة بلا بداية مبكرة: 4/2/5/1",7,"2026-05-24:4@3710 | 2026-07-31:2@3350 | 2026-08-09:2@3610 | 2026-08-09:5@3580 | 2026-08-22:2@3610 | 2026-09-06:2@3300 | 2026-09-06:1@3300",3300,
682607535217,"On call plus",,د — غير محدد,"كميات مختلفة بلا بداية مبكرة: 2/1/4/10/15",7,"2026-06-11:2@4510 | 2026-06-25:1@4556 | 2026-07-07:4@4400 | 2026-07-26:10@4440 | 2026-08-07:4@4638 | 2026-08-09:10@4638 | 2026-08-24:15@4680",4680,
5099151935281,"Norgesic tab",,د — غير محدد,"كميات مختلفة بلا بداية مبكرة: 2/1/6/4/10",7,"2026-06-13:2@3000 | 2026-07-15:1@3000 | 2026-07-25:6@3050 | 2026-08-01:4@3051 | 2026-08-17:6@3050 | 2026-08-30:4@3050 | 2026-09-06:10@3051",3051,
Glucophage 500mg,"Glucophage 500mg",,د — غير محدد,"كميات مختلفة بلا بداية مبكرة: 8/10/14/15/20/25",7,"2026-06-15:8@1764 | 2026-07-04:10@1764 | 2026-07-19:14@1764 | 2026-08-03:15@1764 | 2026-08-15:15@1764 | 2026-09-02:20@1764 | 2026-09-09:25@1764",1764,
Janumet 50\1000,"Janumet 50\1000",,د — غير محدد,"كميات مختلفة بلا بداية مبكرة: 3/16/8/24/9",7,"2026-06-15:3@4500 | 2026-07-21:16@4380 | 2026-08-15:8@4422 | 2026-08-15:24@4444 | 2026-08-15:8@4422 | 2026-09-08:9@4422 | 2026-09-08:24@4422",4422,
4260139090174,"Kalinor  EFF tab",,د — غير محدد,"كميات مختلفة بلا بداية مبكرة: 2/1/4/5/6",7,"2026-07-08:2@10320 | 2026-07-29:1@10315 | 2026-07-31:4@10314 | 2026-08-09:5@10314 | 2026-08-20:6@10315 | 2026-08-20:2@10314 | 2026-09-10:6@10315",10315,
7321839720154,"Betaloc zok 100mg tab",,د — غير محدد,"كميات مختلفة بلا بداية مبكرة: 1/3/2",6,"2026-05-03:1@13800 | 2026-05-27:3@13940 | 2026-07-05:2@13805 | 2026-07-06:1@13805 | 2026-08-05:2@13805 | 2026-09-06:2@13805",13805,
8901111000861,"Zaha 500mg tab",,د — غير محدد,"كميات مختلفة بلا بداية مبكرة: 1/2/5",6,"2026-05-10:1@3730 | 2026-07-09:2@3730 | 2026-07-24:5@3730 | 2026-08-18:5@3730 | 2026-08-26:5@3730 | 2026-09-13:5@3730",3730,
7640153087874,"Neurorubine -Forte",,د — غير محدد,"كميات مختلفة بلا بداية مبكرة: 5/10/6/20",6,"2026-05-17:5@2688 | 2026-07-14:5@2688 | 2026-07-26:10@2688 | 2026-08-02:6@2690 | 2026-08-05:10@2688 | 2026-09-06:20@2690",2690,
8002660031754,"Duphalac 667g/l 300ml syr",,د — غير محدد,"كميات مختلفة بلا بداية مبكرة: 2/9/1",6,"2026-05-18:2@7490 | 2026-06-09:9@7483 | 2026-06-27:2@7484 | 2026-08-02:2@7490 | 2026-08-20:2@7483 | 2026-08-31:1@7483",7483,
6251875001683,"Sitavia 50/1000mg tab",,د — غير محدد,"كميات مختلفة بلا بداية مبكرة: 4/6/16/9/3/11",6,"2026-05-21:4@1750 | 2026-07-04:6@1856 | 2026-07-08:16@1856 | 2026-07-11:9@1856 | 2026-08-18:3@1840 | 2026-09-11:11@0",0,
787907093099,"Heno Lemon sachet",,د — غير محدد,"كميات مختلفة بلا بداية مبكرة: 1/5/10",6,"2026-06-01:1@924 | 2026-07-02:1@924 | 2026-07-06:5@924 | 2026-07-19:10@994 | 2026-07-22:10@994 | 2026-09-08:10@924",924,
685867962519,"Maxifemel tab",,د — غير محدد,"كميات مختلفة بلا بداية مبكرة: 1/2/30/10/20",6,"2026-06-10:1@990 | 2026-07-06:2@990 | 2026-07-21:30@985 | 2026-07-22:10@990 | 2026-08-09:20@990 | 2026-08-11:20@990",990,
8901111591215,"Aprazol-40mg cap ajanta",,د — غير محدد,"كميات مختلفة بلا بداية مبكرة: 3/30/20/10",6,"2026-06-10:3@1558 | 2026-06-30:30@1550 | 2026-07-25:20@780 | 2026-08-19:10@775 | 2026-08-19:20@779 | 2026-09-12:20@779",779,
3582910079026,"Amaryl4mg",,د — غير محدد,"كميات مختلفة بلا بداية مبكرة: 2/7/4/8/10",6,"2026-06-27:2@6544 | 2026-07-19:7@6545 | 2026-07-19:4@6545 | 2026-08-13:8@6545 | 2026-09-02:10@6545 | 2026-09-16:8@6545",6545,
6221060015771,"Vental Inhaler egy",,د — غير محدد,"كميات مختلفة بلا بداية مبكرة: 2/6/3/10/15/5",6,"2026-06-29:2@3230 | 2026-07-11:6@2990 | 2026-07-11:3@3295 | 2026-07-28:10@3195 | 2026-08-15:15@3230 | 2026-08-25:5@3199",3199,
7321839720185,"Betaloc 50mg Zok tab",,د — غير محدد,"كميات مختلفة بلا بداية مبكرة: 1/2/4/5",6,"2026-07-06:1@10430 | 2026-07-24:1@10430 | 2026-08-04:2@10430 | 2026-08-05:4@10431 | 2026-08-05:5@10430 | 2026-08-25:2@10430",10430,
3582910071051,"Amaryl M 2mg/500mg tab sanofi",,د — غير محدد,"كميات مختلفة بلا بداية مبكرة: 4/6/9/12",6,"2026-07-09:4@3343 | 2026-07-10:6@3343 | 2026-08-05:9@3343 | 2026-09-02:4@3343 | 2026-09-08:4@3343 | 2026-09-14:12@3343",3343,
7640153081636,"CoAmox Acino TM 457 Syr",,د — غير محدد,"كميات مختلفة بلا بداية مبكرة: 1/3/4",5,"2026-05-16:1@9217 | 2026-06-09:1@9217 | 2026-08-03:3@9217 | 2026-08-31:1@9217 | 2026-09-06:4@9217",9217,
0106225000198494,"Jedcorene powder",,د — غير محدد,"كميات مختلفة بلا بداية مبكرة: 2/11/22",5,"2026-05-17:2@1790 | 2026-07-02:2@1755 | 2026-07-25:11@1596 | 2026-08-13:22@1595 | 2026-08-23:22@1595",1595,
6251875000471,"Laritin 10mg tab",,د — غير محدد,"كميات مختلفة بلا بداية مبكرة: 5/4/29/30",5,"2026-05-20:5@472 | 2026-07-04:4@488 | 2026-07-05:29@472 | 2026-08-22:30@487 | 2026-09-14:30@517",517,
6251870024205,"RedeX 50mg",,د — غير محدد,"كميات مختلفة بلا بداية مبكرة: 4/1/3",5,"2026-05-29:4@9544 | 2026-07-10:1@9564 | 2026-09-03:3@9544 | 2026-09-05:3@9564 | 2026-09-10:3@9544",9544,
6251875002437,"No-Vomit 8mg/4ml amp",,د — غير محدد,"كميات مختلفة بلا بداية مبكرة: 2/11/10/15",5,"2026-05-30:2@542 | 2026-06-09:11@1084 | 2026-06-29:10@1124 | 2026-07-26:10@1026 | 2026-08-12:15@1064",1064,
5060829021834,"duvilan wise 10mg",,د — غير محدد,"كميات مختلفة بلا بداية مبكرة: 6/2/4",5,"2026-06-02:6@3360 | 2026-08-25:2@3510 | 2026-09-02:4@0 | 2026-09-02:4@0 | 2026-09-14:6@3510",3510,
8901302097571,"Avas 20mg tab",,د — غير محدد,"كميات مختلفة بلا بداية مبكرة: 2/6/15/21",5,"2026-06-04:2@1903 | 2026-07-06:6@1903 | 2026-07-22:15@1902 | 2026-08-13:21@1902 | 2026-09-10:15@1903",1903,
8002660030214,"Duphaston 10mg tab",,د — غير محدد,"كميات مختلفة بلا بداية مبكرة: 1/8/5/3/7",5,"2026-06-07:1@10750 | 2026-06-28:8@10706 | 2026-08-20:5@10972 | 2026-08-20:3@10706 | 2026-09-08:7@10850",10850,
6251065034286,"Riabal tab",,د — غير محدد,"كميات مختلفة بلا بداية مبكرة: 2/7/8/5/10",5,"2026-06-10:2@1649 | 2026-06-27:7@1650 | 2026-08-04:8@1646 | 2026-08-18:5@1646 | 2026-09-10:10@1646",1646,
6251106000195,"Diostar 80mg tab",,د — غير محدد,"كميات مختلفة بلا بداية مبكرة: 1/5/6/9",5,"2026-06-10:1@2350 | 2026-07-14:5@2341 | 2026-08-22:6@2341 | 2026-08-31:9@2341 | 2026-09-09:6@2341",2341,
5000456060448,"Nexium 40mg tab",,د — غير محدد,"كميات مختلفة بلا بداية مبكرة: 2/10",5,"2026-06-15:2@6550 | 2026-07-21:10@6545 | 2026-08-11:10@6545 | 2026-08-11:10@6545 | 2026-09-16:10@6545",6545,
7640153080875,"Zamur TM 500mg",,د — غير محدد,"كميات مختلفة بلا بداية مبكرة: 1/3/2",5,"2026-06-16:1@11658 | 2026-07-19:3@11658 | 2026-08-23:3@11657 | 2026-09-05:2@11658 | 2026-09-17:1@11657",11657,
7640153081360,"Mesporin_1000 IM",,د — غير محدد,"كميات مختلفة بلا بداية مبكرة: 9/3/7/15",5,"2026-06-17:9@7878 | 2026-07-27:3@7878 | 2026-08-03:7@7878 | 2026-08-17:15@7790 | 2026-08-22:7@7790",7790,
4019338607429,"Reparril-Dragees tab",,د — غير محدد,"كميات مختلفة بلا بداية مبكرة: 1/8/12/4",5,"2026-06-19:1@2190 | 2026-07-09:8@2189 | 2026-07-26:8@2190 | 2026-07-29:12@2195 | 2026-09-13:4@2189",2189,
810157850119,"magnesium Malate ",,د — غير محدد,"كميات مختلفة بلا بداية مبكرة: 1/2/3",5,"2026-06-21:1@15950 | 2026-07-12:2@15033 | 2026-07-31:1@15032 | 2026-08-12:1@15032 | 2026-08-27:3@15950",15950,
6291109121916,"panadol extra",,د — غير محدد,"كميات مختلفة بلا بداية مبكرة: 8/12/6",5,"2026-06-21:8@1773 | 2026-07-08:12@1769 | 2026-07-11:12@1769 | 2026-07-19:6@1768 | 2026-09-14:12@1769",1769,
4260747723211,"Atacand 8mg tab",,د — غير محدد,"كميات مختلفة بلا بداية مبكرة: 2/6/8/4",5,"2026-06-22:2@5165 | 2026-07-21:6@5164 | 2026-07-21:8@5164 | 2026-08-25:4@5165 | 2026-08-26:4@5164",5164,
6251875001614,"No-Vomit 8mg tab",,د — غير محدد,"كميات مختلفة بلا بداية مبكرة: 1/3/4/5",5,"2026-06-27:1@3955 | 2026-07-22:3@4175 | 2026-07-31:4@3936 | 2026-09-03:4@4404 | 2026-09-08:5@4600",4600,
4260747723204,"Atacand 16mg",,د — غير محدد,"كميات مختلفة بلا بداية مبكرة: 3/1/6/8",5,"2026-06-30:3@6647 | 2026-07-21:1@6647 | 2026-08-03:6@6645 | 2026-08-25:3@6647 | 2026-09-05:8@6647",6647,
8901111079676,"Empadil L 25\5mg tab",,د — غير محدد,"كميات مختلفة بلا بداية مبكرة: 6/3/4/2/12",5,"2026-07-14:6@9937 | 2026-08-05:3@10120 | 2026-08-07:4@6787 | 2026-08-07:2@10120 | 2026-09-10:12@11037",11037,
5000456056168,"Crestor 20mg tab",,د — غير محدد,"كميات مختلفة بلا بداية مبكرة: 4/10/8",5,"2026-07-14:4@10340 | 2026-07-31:4@10339 | 2026-08-13:10@10338 | 2026-09-06:4@10339 | 2026-09-13:8@10339",10339,
Panadol Sinus,"Panadol Sinus",,د — غير محدد,"كميات مختلفة بلا بداية مبكرة: 2/4/6/8/10",5,"2026-07-15:2@2568 | 2026-07-22:4@2568 | 2026-08-12:6@2570 | 2026-08-30:8@2570 | 2026-09-09:10@2568",2568,
6251875000624,"Montix 10mg tab",,د — غير محدد,"كميات مختلفة بلا بداية مبكرة: 6/4/2",5,"2026-07-19:6@3111 | 2026-07-21:4@3380 | 2026-08-22:4@3001 | 2026-08-27:2@3438 | 2026-09-17:6@3534",3534,
7640154980051,"Mera sweet",,د — غير محدد,"كميات مختلفة بلا بداية مبكرة: 3/2/6/12",4,"2026-05-03:3@2578 | 2026-08-16:2@2750 | 2026-08-22:6@2823 | 2026-08-31:12@2860",2860,
8901111000151,"Apcalis-sx 10mg tab ajanta",,د — غير محدد,"كميات مختلفة بلا بداية مبكرة: 8/22",4,"2026-05-04:8@823 | 2026-07-17:22@820 | 2026-08-16:22@748 | 2026-08-23:22@375",375,
5060806461127,"Calci-Life advanced",,د — غير محدد,"كميات مختلفة بلا بداية مبكرة: 1/4/2/8",4,"2026-05-16:1@6250 | 2026-07-14:4@6250 | 2026-07-25:2@6130 | 2026-07-25:8@6130",6130,
6251107427076,"Gizlan Duo 150\5",,د — غير محدد,"كميات مختلفة بلا بداية مبكرة: 3/2",4,"2026-05-16:3@3660 | 2026-05-27:2@3658 | 2026-08-11:3@3657 | 2026-08-22:3@3657",3657,
Lotevan 5\160,"Lotevan 5\160",,د — غير محدد,"كميات مختلفة بلا بداية مبكرة: 8/2/6",4,"2026-05-16:8@6299 | 2026-06-15:2@6300 | 2026-07-11:6@6464 | 2026-08-20:6@6463",6463,
8901302099100,"Supixime 400mg",,د — غير محدد,"كميات مختلفة بلا بداية مبكرة: 8/18/23",4,"2026-05-19:8@1800 | 2026-07-17:18@1890 | 2026-07-25:18@1889 | 2026-08-23:23@2217",2217,
8901302097540,"Avas 40mg tab",,د — غير محدد,"كميات مختلفة بلا بداية مبكرة: 4/15/9/12",4,"2026-05-19:4@2600 | 2026-07-22:15@2560 | 2026-08-24:9@2560 | 2026-09-05:12@2560",2560,
4048846022110,"Micardis Plus 80/12.5mg",,د — غير محدد,"كميات مختلفة بلا بداية مبكرة: 1/8",4,"2026-05-19:1@4514 | 2026-07-12:8@4602 | 2026-09-03:8@4597 | 2026-09-09:8@4602",4602,
Concor 10mg,"Concor 10mg",,د — غير محدد,"كميات مختلفة بلا بداية مبكرة: 2/4",4,"2026-05-23:2@6075 | 2026-06-09:4@6074 | 2026-08-20:4@6074 | 2026-09-09:4@6074",6074,
6251159026937,"Blopress 8mg tab",,د — غير محدد,"كميات مختلفة بلا بداية مبكرة: 2/4/6",4,"2026-05-23:2@5045 | 2026-06-04:4@5048 | 2026-07-14:4@5047 | 2026-07-29:6@5047",5047,
Euthyrox 25mg,"Euthyrox 25mg",,د — غير محدد,"كميات مختلفة بلا بداية مبكرة: 9/3/8/12",4,"2026-05-27:9@1100 | 2026-07-19:3@1097 | 2026-08-07:8@1097 | 2026-09-05:12@1097",1097,
8002660026729,"Duspatalin 135mg tab",,د — غير محدد,"كميات مختلفة بلا بداية مبكرة: 2/6/10",4,"2026-05-27:2@2500 | 2026-06-17:6@2500 | 2026-06-18:10@2500 | 2026-09-14:10@2354",2354,
6251875000730,"Rosva 20mg tab",,د — غير محدد,"كميات مختلفة بلا بداية مبكرة: 4/6",4,"2026-05-29:4@2690 | 2026-08-29:4@0 | 2026-08-30:6@2402 | 2026-09-17:6@2402",2402,
Omega AG,"Omega AG",,د — غير محدد,"كميات مختلفة بلا بداية مبكرة: 1/3",4,"2026-05-30:1@10872 | 2026-07-02:3@10972 | 2026-08-26:3@10972 | 2026-09-06:1@10972",10972,
787907093082,"Urical  6sachet",,د — غير محدد,"كميات مختلفة بلا بداية مبكرة: 2/10/8",4,"2026-05-31:2@1600 | 2026-07-22:10@1456 | 2026-08-01:8@1456 | 2026-08-13:10@1456",1456,
8436531242398,"Kernadol 1g",,د — غير محدد,"كميات مختلفة بلا بداية مبكرة: 4/6/10",4,"2026-05-31:4@3450 | 2026-07-26:6@3559 | 2026-08-09:10@3915 | 2026-08-17:10@3559",3559,
8699514550204,"Brequal 50mcg/500mcg",,د — غير محدد,"كميات مختلفة بلا بداية مبكرة: 2/6/4",4,"2026-06-01:2@4116 | 2026-08-20:6@4840 | 2026-09-06:4@0 | 2026-09-10:6@4840",4840,
5903137540218,"Melatonin+ VIT B6",,د — غير محدد,"كميات مختلفة بلا بداية مبكرة: 1/8/4/20",4,"2026-06-01:1@1822 | 2026-07-06:8@1820 | 2026-08-03:4@1822 | 2026-08-15:20@1822",1822,
5021265254354,"Jointace Collagen tab",,د — غير محدد,"كميات مختلفة بلا بداية مبكرة: 1/2",4,"2026-06-04:1@9919 | 2026-07-04:1@9920 | 2026-07-28:2@9919 | 2026-09-02:2@0",0,
8901150000426,"Metronidazole injection USP ",,د — غير محدد,"كميات مختلفة بلا بداية مبكرة: 4/1/15/10",4,"2026-06-07:4@730 | 2026-06-22:1@702 | 2026-07-08:15@730 | 2026-08-22:10@768",768,
4104480705465,"Prospan 100ml syr",,د — غير محدد,"كميات مختلفة بلا بداية مبكرة: 3/12",4,"2026-06-07:3@4754 | 2026-07-28:12@4754 | 2026-08-20:12@4754 | 2026-09-13:12@4754",4754,
Concor 2.5mg,"Concor 2.5mg",,د — غير محدد,"كميات مختلفة بلا بداية مبكرة: 10/20",4,"2026-06-07:10@2560 | 2026-07-27:20@2875 | 2026-08-20:10@2853 | 2026-09-09:20@2853",2853,
8002660036322,"Ural powder",,د — غير محدد,"كميات مختلفة بلا بداية مبكرة: 29/43/14/1",4,"2026-06-08:29@413 | 2026-07-06:43@413 | 2026-07-31:14@413 | 2026-08-25:1@413",413,
3582910079002,"Amaryl 3mg tab sanofi",,د — غير محدد,"كميات مختلفة بلا بداية مبكرة: 1/4",4,"2026-06-09:1@5318 | 2026-07-12:4@5318 | 2026-07-15:4@5318 | 2026-08-09:4@5318",5318,
6221068000397,"Flatidyi",,د — غير محدد,"كميات مختلفة بلا بداية مبكرة: 14/4/9/45",4,"2026-06-10:14@1700 | 2026-08-20:4@1097 | 2026-08-23:9@244 | 2026-09-12:45@731",731,
6291100080038,"Adol 125 supp",,د — غير محدد,"كميات مختلفة بلا بداية مبكرة: 2/20",4,"2026-06-13:2@1250 | 2026-08-01:20@825 | 2026-08-26:20@823 | 2026-08-27:2@823",823,
5000456056175,"Crestor 40mg tab",,د — غير محدد,"كميات مختلفة بلا بداية مبكرة: 2/8/4",4,"2026-06-15:2@7348 | 2026-07-14:8@7347 | 2026-07-31:4@7347 | 2026-09-06:4@7347",7347,
8901111000168,"Apcalis-sx20mg tab ajanta",,د — غير محدد,"كميات مختلفة بلا بداية مبكرة: 20/18/22",4,"2026-06-15:20@1196 | 2026-07-17:18@1317 | 2026-08-16:22@1197 | 2026-08-23:22@598",598,
8698712455427,"Anti-Hair looss 5% spray",,د — غير محدد,"كميات مختلفة بلا بداية مبكرة: 1/2",4,"2026-06-17:1@10600 | 2026-07-08:1@10600 | 2026-07-14:1@10222 | 2026-08-05:2@10988",10988,
5391519923986,"Zanidip 10mg tab",,د — غير محدد,"كميات مختلفة بلا بداية مبكرة: 2/4",4,"2026-06-21:2@7597 | 2026-08-11:2@7158 | 2026-08-15:2@7160 | 2026-08-27:4@7158",7158,
8906161741948,"Ketorid",,د — غير محدد,"كميات مختلفة بلا بداية مبكرة: 5/10/12/6",4,"2026-06-22:5@2140 | 2026-07-02:10@1831 | 2026-07-22:12@1395 | 2026-08-24:6@1107",1107,
5055565788875,"lISINOPRIL 10MG",,د — غير محدد,"كميات مختلفة بلا بداية مبكرة: 3/4",4,"2026-06-23:3@2853 | 2026-07-02:4@2853 | 2026-08-31:4@2853 | 2026-09-10:4@2853",2853,
4048846022103,"Micardis 40mg tab",,د — غير محدد,"كميات مختلفة بلا بداية مبكرة: 3/8/4",4,"2026-06-24:3@3538 | 2026-07-15:8@3538 | 2026-08-03:4@3538 | 2026-08-03:4@3538",3538,
6291109120674,"Panadol Night",,د — غير محدد,"كميات مختلفة بلا بداية مبكرة: 1/6/4/8",4,"2026-06-25:1@2941 | 2026-07-11:6@2941 | 2026-08-12:4@2940 | 2026-09-16:8@2941",2941,
6251875002994,"Pioxiga 10mg tab",,د — غير محدد,"كميات مختلفة بلا بداية مبكرة: 1/4/2",4,"2026-06-27:1@9375 | 2026-07-22:4@9825 | 2026-08-02:4@9825 | 2026-08-02:2@9825",9825,
8699525750426,"Devit-3 300000IU amp",,د — غير محدد,"كميات مختلفة بلا بداية مبكرة: 3/13/39",4,"2026-06-27:3@2743 | 2026-07-16:13@2141 | 2026-08-03:13@2123 | 2026-09-17:39@2141",2141,
8002660040619,"Lipanthyl 200mg",,د — غير محدد,"كميات مختلفة بلا بداية مبكرة: 1/6/4",4,"2026-06-27:1@8692 | 2026-07-09:6@8693 | 2026-07-09:4@8693 | 2026-08-07:4@8692",8692,
8901086260918,"Zecuf 100ml syr",,د — غير محدد,"كميات مختلفة بلا بداية مبكرة: 4/5/10",4,"2026-06-29:4@1433 | 2026-08-15:5@1426 | 2026-08-26:10@1488 | 2026-09-13:5@1426",1426,
8901111701119,"Aprazole-20mg cap ajanta",,د — غير محدد,"كميات مختلفة بلا بداية مبكرة: 15/27/26/60",4,"2026-06-29:15@1316 | 2026-07-22:27@975 | 2026-07-28:26@1013 | 2026-08-20:60@439",439,
8901302059234,"Nebilong 5mg tab",,د — غير محدد,"كميات مختلفة بلا بداية مبكرة: 7/9/15",4,"2026-07-01:7@2417 | 2026-08-02:9@2417 | 2026-08-23:15@2414 | 2026-09-10:9@2414",2414,
6251875001201,"Mucosolve 100ml syr",,د — غير محدد,"كميات مختلفة بلا بداية مبكرة: 2/15/10/30",4,"2026-07-02:2@945 | 2026-07-21:15@980 | 2026-08-17:10@1100 | 2026-09-06:30@1064",1064,
6251106401749,"Cefix syr",,د — غير محدد,"كميات مختلفة بلا بداية مبكرة: 3/30/20",4,"2026-07-03:3@4051 | 2026-07-23:30@2633 | 2026-08-15:20@2633 | 2026-09-12:20@2633",2633,
6251106401732,"Cefix 400mg 5cap pharma international",,د — غير محدد,"كميات مختلفة بلا بداية مبكرة: 3/5/20",4,"2026-07-05:3@4828 | 2026-08-02:5@4828 | 2026-08-15:20@2415 | 2026-09-03:5@4855",4855,
Aylide,"Aylide TM 2mg",,د — غير محدد,"كميات مختلفة بلا بداية مبكرة: 2/4",4,"2026-07-05:2@2195 | 2026-07-29:4@2195 | 2026-08-15:2@2197 | 2026-08-31:4@2195",2195,
6251107109019,"Diclogesic eye 0.1% 5ml drop",,د — غير محدد,"كميات مختلفة بلا بداية مبكرة: 2/5/1",4,"2026-07-06:2@2195 | 2026-07-29:5@2195 | 2026-09-02:1@2195 | 2026-09-14:1@2200",2200,
6251875003625,"Cloxaban 15 mg tab",,د — غير محدد,"كميات مختلفة بلا بداية مبكرة: 2/4",4,"2026-07-07:2@9300 | 2026-07-25:2@9813 | 2026-08-01:4@8932 | 2026-09-03:4@9250",9250,
3400949483518,"Polygynax supp",,د — غير محدد,"كميات مختلفة بلا بداية مبكرة: 1/3/2",4,"2026-07-07:1@9985 | 2026-07-11:1@9985 | 2026-08-13:3@9985 | 2026-09-16:2@9980",9980,
6251875000501,"Piodol 125mg/5ml syr",,د — غير محدد,"كميات مختلفة بلا بداية مبكرة: 2/4/10/7",4,"2026-07-07:2@1150 | 2026-07-15:4@1120 | 2026-08-03:10@1060 | 2026-09-03:7@1120",1120,
Glucovance 500\5,"Glucovance 500\5",,د — غير محدد,"كميات مختلفة بلا بداية مبكرة: 4/10/6",4,"2026-07-08:4@4005 | 2026-08-02:10@4005 | 2026-08-13:4@4005 | 2026-09-03:6@4005",4005,
6251875001829,"Midagyl 500mg tab",,د — غير محدد,"كميات مختلفة بلا بداية مبكرة: 9/10",4,"2026-07-11:9@495 | 2026-07-25:10@484 | 2026-08-16:10@492 | 2026-09-08:10@478",478,
Relaxon cap,"Relaxon cap",,د — غير محدد,"كميات مختلفة بلا بداية مبكرة: 11/15/9",4,"2026-07-11:11@1609 | 2026-07-31:15@1513 | 2026-09-02:9@1513 | 2026-09-12:15@1609",1609,
6251106161582,"Carvidol 6.25mg tab",,د — غير محدد,"كميات مختلفة بلا بداية مبكرة: 3/6/4",4,"2026-07-11:3@1390 | 2026-07-15:6@1390 | 2026-08-22:6@1390 | 2026-09-17:4@2436",2436,
8436530800568,"Apiretil 100mg/ml syr",,د — غير محدد,"كميات مختلفة بلا بداية مبكرة: 2/5/3",4,"2026-07-11:2@4608 | 2026-08-13:5@4608 | 2026-09-02:3@4608 | 2026-09-08:5@4608",4608,
6251107136015,"Mycoheal 400mg viginal supp",,د — غير محدد,"كميات مختلفة بلا بداية مبكرة: 2/3/5",4,"2026-07-11:2@2000 | 2026-07-27:3@1990 | 2026-08-04:5@2633 | 2026-09-14:3@2633",2633,
3583313242178,"Acupan amp",,د — غير محدد,"كميات مختلفة بلا بداية مبكرة: 11/10/15",4,"2026-07-14:11@2454 | 2026-07-29:10@2454 | 2026-08-23:15@2454 | 2026-08-23:10@2454",2454,
6251065050125,"Divinus 10mg tab",,د — غير محدد,"كميات مختلفة بلا بداية مبكرة: 3/15",4,"2026-07-15:3@9790 | 2026-07-25:3@9790 | 2026-08-12:3@9790 | 2026-09-05:15@9790",9790,
7640153080561,"Olfen 1% gel",,د — غير محدد,"كميات مختلفة بلا بداية مبكرة: 3/5",4,"2026-07-15:3@5045 | 2026-08-02:5@5045 | 2026-08-02:5@5040 | 2026-09-17:5@5047",5047,
8002660028419,"Klacid Xl 500mg",,د — غير محدد,"كميات مختلفة بلا بداية مبكرة: 1/2",4,"2026-07-16:1@12558 | 2026-08-02:2@12560 | 2026-08-02:2@12560 | 2026-08-02:2@12560",12560,
3760245850330,"dIAMENIL V 1000/50mg tab",,د — غير محدد,"كميات مختلفة بلا بداية مبكرة: 3/6/2",4,"2026-07-19:3@6738 | 2026-08-16:6@6930 | 2026-08-18:2@6617 | 2026-09-15:3@0",0,
8002660036926,"Brufen syr",,د — غير محدد,"كميات مختلفة بلا بداية مبكرة: 4/8/5/10",4,"2026-07-19:4@4718 | 2026-07-22:8@4718 | 2026-08-04:5@4718 | 2026-09-03:10@4718",4718,
604776737810,"L-Carnitine 1000mg AMS",,د — غير محدد,"كميات مختلفة بلا بداية مبكرة: 1/2",4,"2026-07-21:1@34756 | 2026-08-06:1@34756 | 2026-08-12:1@34756 | 2026-08-13:2@34757",34757,
6251875001607,"No-vomit 100ml syr",,د — غير محدد,"كميات مختلفة بلا بداية مبكرة: 1/5/3",4,"2026-07-21:1@3289 | 2026-07-22:5@3245 | 2026-08-25:3@3707 | 2026-09-09:5@3598",3598,
5060829020202,"dolo-wise 1000mg ",,د — غير محدد,"كميات مختلفة بلا بداية مبكرة: 10/6/22",4,"2026-07-23:10@2620 | 2026-08-07:6@2620 | 2026-08-13:10@2620 | 2026-08-22:22@2382",2382,
4260095681317,"Xenical 120mg cap",,د — غير محدد,"كميات مختلفة بلا بداية مبكرة: 4/1",4,"2026-07-26:4@13748 | 2026-08-17:4@13748 | 2026-08-18:1@13748 | 2026-09-05:4@13747",13747,
6251107424754,"Mixif 400mg cap",,د — غير محدد,"كميات مختلفة بلا بداية مبكرة: 20/36/38",4,"2026-07-26:20@1670 | 2026-08-23:36@1828 | 2026-08-24:36@1828 | 2026-09-12:38@1732",1732,
3582910029243,"Tavanic 500mg tab",,د — غير محدد,"كميات مختلفة بلا بداية مبكرة: 2/3",4,"2026-07-28:2@18325 | 2026-07-29:3@18325 | 2026-09-09:3@18325 | 2026-09-09:3@18325",18325,
3582910080350,"Clexane 2000 IU",,د — غير محدد,"كميات مختلفة بلا بداية مبكرة: 20/6/10",4,"2026-07-29:20@4093 | 2026-08-30:6@4095 | 2026-09-06:6@4095 | 2026-09-16:10@4093",4093,
6251068000073,"Peptoz tab",,د — غير محدد,"كميات مختلفة بلا بداية مبكرة: 1/2",4,"2026-08-02:1@11289 | 2026-09-08:1@11289 | 2026-09-09:1@11289 | 2026-09-16:2@11290",11290,
637962641370,"Magnesium glycinate 200mg",,د — غير محدد,"كميات مختلفة بلا بداية مبكرة: 2/1",4,"2026-08-12:2@18770 | 2026-08-22:1@18770 | 2026-09-09:2@18770 | 2026-09-14:2@18770",18770,
SDI-02COO007,"Famosam 40mg tab",,د — غير محدد,"كميات مختلفة بلا بداية مبكرة: 5/1/30",3,"2026-05-02:5@650 | 2026-06-23:1@650 | 2026-08-19:30@620",620,
8002660032249,"Duspatalin 200mg cap",,د — غير محدد,"كميات مختلفة بلا بداية مبكرة: 2/6",3,"2026-05-03:2@4600 | 2026-06-29:6@4602 | 2026-09-03:6@4602",4602,
8699089066339,"Newfer oral vial",,د — غير محدد,"كميات مختلفة بلا بداية مبكرة: 9/10/30",3,"2026-05-04:9@1300 | 2026-08-01:10@1308 | 2026-08-15:30@1308",1308,
6251106210334,"Fenamic syrup",,د — غير محدد,"كميات مختلفة بلا بداية مبكرة: 1/2/4",3,"2026-05-04:1@2085 | 2026-08-05:2@2084 | 2026-09-06:4@2085",2085,
6251159031023,"Lowvasc 5mg tab",,د — غير محدد,"كميات مختلفة بلا بداية مبكرة: 1/12/8",3,"2026-05-06:1@1250 | 2026-07-21:12@1427 | 2026-07-22:8@1426",1426,
6251653070108,"co-anginet 160\12.5",,د — غير محدد,"كميات مختلفة بلا بداية مبكرة: 5/3/6",3,"2026-05-11:5@1646 | 2026-08-13:3@3292 | 2026-08-31:6@3292",3292,
8901302054246,"cefex 500mg  cap",,د — غير محدد,"كميات مختلفة بلا بداية مبكرة: 20/50",3,"2026-05-12:20@1068 | 2026-05-12:20@1068 | 2026-08-03:50@1068",1068,
3800023403744,"aquarelle fresh mint mouth wash",,د — غير محدد,"كميات مختلفة بلا بداية مبكرة: 4/3",3,"2026-05-14:4@4379 | 2026-08-25:3@4379 | 2026-08-25:3@4379",4379,
6291103402233,"TURE TRIP لاصق جروح ضد الماء ",,د — غير محدد,"كميات مختلفة بلا بداية مبكرة: 7/12",3,"2026-05-14:7@905 | 2026-07-06:12@707 | 2026-08-05:12@807",807,
685867962878,"Ketofen syr",,د — غير محدد,"كميات مختلفة بلا بداية مبكرة: 1/10",3,"2026-05-15:1@1060 | 2026-07-22:10@950 | 2026-09-07:10@1056",1056,
6251107378262,"Proctoheal oint",,د — غير محدد,"كميات مختلفة بلا بداية مبكرة: 2/4",3,"2026-05-16:2@2520 | 2026-06-22:4@2524 | 2026-08-31:2@2524",2524,
100840160022,"Aspin 81mg tab",,د — غير محدد,"كميات مختلفة بلا بداية مبكرة: 8/18/15",3,"2026-05-17:8@560 | 2026-07-25:18@560 | 2026-08-09:15@560",560,
5000167019353,"Strepsils sore throat",,د — غير محدد,"كميات مختلفة بلا بداية مبكرة: 2/4",3,"2026-05-17:2@2414 | 2026-06-01:4@2414 | 2026-07-12:4@2655",2655,
5290931002739,"Vancontil tab",,د — غير محدد,"كميات مختلفة بلا بداية مبكرة: 2/6",3,"2026-05-17:2@1100 | 2026-06-21:2@1110 | 2026-06-21:6@1097",1097,
4048846022073,"Twynsta 80/10mg",,د — غير محدد,"كميات مختلفة بلا بداية مبكرة: 1/4/8",3,"2026-05-19:1@5635 | 2026-06-02:4@5635 | 2026-07-22:8@5635",5635,
4048846022080,"Micardis 80mg tab",,د — غير محدد,"كميات مختلفة بلا بداية مبكرة: 4/8",3,"2026-05-19:4@4450 | 2026-05-30:8@4450 | 2026-09-09:8@4407",4407,
panadol cold flu,"panadol cold flu ",,د — غير محدد,"كميات مختلفة بلا بداية مبكرة: 11/6",3,"2026-05-23:11@1750 | 2026-07-15:6@1748 | 2026-09-03:6@2425",2425,
6251106160752,"Diostar-plus 160/12.5mg tab",,د — غير محدد,"كميات مختلفة بلا بداية مبكرة: 1/2/15",3,"2026-05-23:1@3550 | 2026-06-21:2@3547 | 2026-08-02:15@3545",3545,
8901571011001,"Eno ",,د — غير محدد,"كميات مختلفة بلا بداية مبكرة: 1/2",3,"2026-05-23:1@3990 | 2026-06-04:2@3740 | 2026-07-02:1@4160",4160,
6221508171922,"Dexamethasone-MUP amp",,د — غير محدد,"كميات مختلفة بلا بداية مبكرة: 6/10/2",3,"2026-05-24:6@171 | 2026-07-25:10@514 | 2026-09-08:2@513",513,
5000158060630,"Gaviscon 200ml syrp",,د — غير محدد,"كميات مختلفة بلا بداية مبكرة: 2/5",3,"2026-05-24:2@5486 | 2026-07-02:2@5486 | 2026-08-02:5@5485",5485,
8433042002169,"Anginovage mouth 10ml spray Ferrer",,د — غير محدد,"كميات مختلفة بلا بداية مبكرة: 1/2",3,"2026-05-27:1@8119 | 2026-08-02:2@8119 | 2026-08-19:2@8119",8119,
6251875000679,"Piocine syr",,د — غير محدد,"كميات مختلفة بلا بداية مبكرة: 8/5/10",3,"2026-05-27:8@1728 | 2026-08-16:5@1700 | 2026-09-17:10@2313",2313,
7640153080349,"Lofral 5mg tab",,د — غير محدد,"كميات مختلفة بلا بداية مبكرة: 1/6/12",3,"2026-05-27:1@2750 | 2026-07-11:6@2743 | 2026-08-13:12@2743",2743,
8901175016181,"Koact 625mg  tab",,د — غير محدد,"كميات مختلفة بلا بداية مبكرة: 6/28/66",3,"2026-05-29:6@1416 | 2026-07-17:28@1011 | 2026-08-20:66@1072",1072,
6295120041390,"Gaviscon chewable",,د — غير محدد,"كميات مختلفة بلا بداية مبكرة: 24/25/80",3,"2026-05-30:24@1000 | 2026-06-25:25@933 | 2026-07-17:80@932",932,
9780201379853,"Vomi cure 8mg",,د — غير محدد,"كميات مختلفة بلا بداية مبكرة: 5/6/10",3,"2026-05-30:5@1178 | 2026-08-10:6@1850 | 2026-08-16:10@1850",1850,
8901111079270,"Empadil 10mg tab",,د — غير محدد,"كميات مختلفة بلا بداية مبكرة: 1/7/6",3,"2026-05-31:1@7260 | 2026-06-25:7@7260 | 2026-08-05:6@7260",7260,
3664798032000,"Telfast 120mg tab",,د — غير محدد,"كميات مختلفة بلا بداية مبكرة: 2/1",3,"2026-05-31:2@11260 | 2026-07-25:1@11250 | 2026-08-06:2@11249",11249,
6251106806087,"Newstar 160/5mg tab",,د — غير محدد,"كميات مختلفة بلا بداية مبكرة: 2/8/12",3,"2026-06-01:2@3325 | 2026-07-06:8@3324 | 2026-08-05:12@3323",3323,
6251106803253,"Newstar plus 160/5/12.5mg tab",,د — غير محدد,"كميات مختلفة بلا بداية مبكرة: 1/4",3,"2026-06-01:1@3725 | 2026-06-15:4@3722 | 2026-06-15:4@3722",3722,
6211247022050,"Hayanil tab",,د — غير محدد,"كميات مختلفة بلا بداية مبكرة: 1/10/20",3,"2026-06-01:1@339 | 2026-08-23:10@1018 | 2026-09-17:20@1000",1000,
8654810243755,"playboy Epiphany",,د — غير محدد,"كميات مختلفة بلا بداية مبكرة: 1/2",3,"2026-06-04:1@3850 | 2026-06-04:2@3850 | 2026-08-12:2@3889",3889,
6251065019849,"suprax syrp",,د — غير محدد,"كميات مختلفة بلا بداية مبكرة: 1/5/7",3,"2026-06-04:1@6582 | 2026-08-17:5@9210 | 2026-08-17:7@6582",6582,
3582910017646,"Apidra Solostar pen",,د — غير محدد,"كميات مختلفة بلا بداية مبكرة: 2/1/5",3,"2026-06-05:2@11000 | 2026-06-16:1@11071 | 2026-08-05:5@11071",11071,
Ceftriaxone Iv LDP,"Ceftriaxone Iv LDP",,د — غير محدد,"كميات مختلفة بلا بداية مبكرة: 6/2/5",3,"2026-06-07:6@3850 | 2026-06-23:2@3840 | 2026-06-23:5@3844",3844,
6221032353306,"Ojoblick  eye drop",,د — غير محدد,"كميات مختلفة بلا بداية مبكرة: 2/4/10",3,"2026-06-07:2@3500 | 2026-07-06:4@3292 | 2026-08-25:10@3291",3291,
3400970000999,"Tothema 20amp",,د — غير محدد,"كميات مختلفة بلا بداية مبكرة: 10/1/20",3,"2026-06-07:10@1029 | 2026-07-21:1@1023 | 2026-07-25:20@1029",1029,
6251065034071,"Onlefit 120mg cap",,د — غير محدد,"كميات مختلفة بلا بداية مبكرة: 2/8",3,"2026-06-07:2@7000 | 2026-07-22:8@7056 | 2026-08-30:8@6745",6745,
5060098730284,"Katya 30/75 Coated tab",,د — غير محدد,"كميات مختلفة بلا بداية مبكرة: 1/3/9",3,"2026-06-08:1@6617 | 2026-07-24:3@6613 | 2026-08-02:9@6613",6613,
5017007601289,"Sudocrem 125g",,د — غير محدد,"كميات مختلفة بلا بداية مبكرة: 1/4/5",3,"2026-06-09:1@6270 | 2026-07-15:4@7690 | 2026-09-06:5@7780",7780,
3400937104524,"sinergial tab",,د — غير محدد,"كميات مختلفة بلا بداية مبكرة: 1/5/2",3,"2026-06-09:1@9875 | 2026-07-25:5@9875 | 2026-09-03:2@9875",9875,
685867962830,"Flagimel 500mg",,د — غير محدد,"كميات مختلفة بلا بداية مبكرة: 1/20",3,"2026-06-10:1@500 | 2026-07-14:20@463 | 2026-08-11:20@462",462,
Metrocidal syr,"Metrocidal syr",,د — غير محدد,"كميات مختلفة بلا بداية مبكرة: 7/4/8",3,"2026-06-10:7@1320 | 2026-06-10:4@1200 | 2026-07-13:8@1320",1320,
6251651002088,"Fusicure 20g oint",,د — غير محدد,"كميات مختلفة بلا بداية مبكرة: 2/10",3,"2026-06-10:2@1980 | 2026-08-24:10@1980 | 2026-09-09:10@1980",1980,
9641996010119,"Safagyl syr",,د — غير محدد,"كميات مختلفة بلا بداية مبكرة: 2/1/10",3,"2026-06-10:2@1320 | 2026-06-29:1@1400 | 2026-08-11:10@1320",1320,
89023991073621,"Vermx 10ml susp",,د — غير محدد,"كميات مختلفة بلا بداية مبكرة: 3/18/20",3,"2026-06-10:3@850 | 2026-06-13:18@850 | 2026-08-20:20@850",850,
6251107027016,"Myogesix 485mg tab",,د — غير محدد,"كميات مختلفة بلا بداية مبكرة: 3/6/12",3,"2026-06-10:3@1050 | 2026-08-02:6@1045 | 2026-08-23:12@1043",1043,
Procto-Synalar N,"Procto-Synalar N",,د — غير محدد,"كميات مختلفة بلا بداية مبكرة: 2/1/3",3,"2026-06-13:2@4720 | 2026-09-03:1@4719 | 2026-09-13:3@4718",4718,
6291100080045,"Adol 250mg sup julphar",,د — غير محدد,"كميات مختلفة بلا بداية مبكرة: 2/10/20",3,"2026-06-13:2@554 | 2026-06-28:10@1079 | 2026-08-26:20@1097",1097,
8002660035349,"Brufen 400mg tab",,د — غير محدد,"كميات مختلفة بلا بداية مبكرة: 1/8/18",3,"2026-06-14:1@2311 | 2026-07-12:8@2312 | 2026-07-26:18@2311",2311,
6251875003212,"piopenem 1g",,د — غير محدد,"كميات مختلفة بلا بداية مبكرة: 2/10/5",3,"2026-06-15:2@4920 | 2026-07-14:10@4100 | 2026-08-13:5@4920",4920,
Hydrocortisone amp,"Hydrocortisone amp",,د — غير محدد,"كميات مختلفة بلا بداية مبكرة: 5/15",3,"2026-06-15:5@1950 | 2026-08-19:5@1950 | 2026-09-05:15@1850",1850,
100873360031,"libroxide 5",,د — غير محدد,"كميات مختلفة بلا بداية مبكرة: 8/6/15",3,"2026-06-16:8@396 | 2026-08-23:6@403 | 2026-08-23:15@391",391,
5055565789018,"Ferrous Sulfate 200mg",,د — غير محدد,"كميات مختلفة بلا بداية مبكرة: 4/6/10",3,"2026-06-17:4@1820 | 2026-08-03:6@1811 | 2026-09-14:10@1811",1811,
5021265254347,"Osteocare tab",,د — غير محدد,"كميات مختلفة بلا بداية مبكرة: 5/6/4",3,"2026-06-17:5@4060 | 2026-08-02:6@4060 | 2026-09-08:4@4060",4060,
8901111003633,"Perobar Soap 5%",,د — غير محدد,"كميات مختلفة بلا بداية مبكرة: 3/2/5",3,"2026-06-19:3@5075 | 2026-08-24:2@5151 | 2026-08-25:5@5075",5075,
2000,"2000",,د — غير محدد,"كميات مختلفة بلا بداية مبكرة: 489/30/1000",3,"2026-06-20:489@1500 | 2026-08-12:30@0 | 2026-08-14:1000@1250",1250,
6213019311874,"Diacolin Max XR\25\5\1000",,د — غير محدد,"كميات مختلفة بلا بداية مبكرة: 1/3",3,"2026-06-21:1@13513 | 2026-07-03:3@13516 | 2026-08-23:3@13516",13516,
7640153080981,"Clopacin TM 75mg tab",,د — غير محدد,"كميات مختلفة بلا بداية مبكرة: 2/4",3,"2026-06-21:2@6136 | 2026-07-12:4@6136 | 2026-09-03:4@6136",6136,
7640153080622,"Olfen 100mg SR cap",,د — غير محدد,"كميات مختلفة بلا بداية مبكرة: 2/6/10",3,"2026-06-22:2@3358 | 2026-07-19:6@3358 | 2026-08-16:10@3358",3358,
3594456400011,"Daflon 500mg tab",,د — غير محدد,"كميات مختلفة بلا بداية مبكرة: 1/6",3,"2026-06-22:1@5050 | 2026-06-28:1@5047 | 2026-06-30:6@5045",5045,
5021265245765,"Feroglobin B12 200ml syr",,د — غير محدد,"كميات مختلفة بلا بداية مبكرة: 1/2",3,"2026-06-22:1@10640 | 2026-08-04:2@10635 | 2026-08-04:1@10635",10635,
7640153083128,"Paraconica 1000mg IV",,د — غير محدد,"كميات مختلفة بلا بداية مبكرة: 9/10",3,"2026-06-22:9@3670 | 2026-07-27:10@3670 | 2026-09-05:10@3643",3643,
810157850102,"Magnesium Citrate",,د — غير محدد,"كميات مختلفة بلا بداية مبكرة: 1/3",3,"2026-06-23:1@15950 | 2026-07-31:1@15032 | 2026-08-27:3@15950",15950,
100171230012,"Zinc 25mg tab sdi",,د — غير محدد,"كميات مختلفة بلا بداية مبكرة: 2/6/15",3,"2026-06-25:2@1283 | 2026-07-12:6@1283 | 2026-07-25:15@1133",1133,
08961102260995,"TELMIS-A",,د — غير محدد,"كميات مختلفة بلا بداية مبكرة: 4/2",3,"2026-06-25:4@11420 | 2026-06-29:4@11365 | 2026-09-13:2@11745",11745,
8901111985113,"Aprazole-40mg cap ajanta",,د — غير محدد,"كميات مختلفة بلا بداية مبكرة: 2/6/10",3,"2026-06-25:2@1514 | 2026-07-31:6@1514 | 2026-09-02:10@1513",1513,
9780201379839,"D Colax",,د — غير محدد,"كميات مختلفة بلا بداية مبكرة: 7/9/15",3,"2026-06-27:7@1123 | 2026-09-03:9@1167 | 2026-09-05:15@1167",1167,
3664798006544,"Dulcolax 5mg tab",,د — غير محدد,"كميات مختلفة بلا بداية مبكرة: 3/9/6",3,"2026-06-27:3@1438 | 2026-08-08:9@1437 | 2026-08-26:6@1419",1419,
6224000911621,"DELCABRIN 0.5MG",,د — غير محدد,"كميات مختلفة بلا بداية مبكرة: 1/2/4",3,"2026-06-27:1@4800 | 2026-08-05:2@2414 | 2026-08-05:4@2316",2316,
6251107130013,"Diclogesic 12.5mg supp",,د — غير محدد,"كميات مختلفة بلا بداية مبكرة: 4/10/13",3,"2026-06-27:4@987 | 2026-07-22:10@988 | 2026-09-10:13@1000",1000,
6251107424112,"ciprodar drop 0.3% 5ml drop",,د — غير محدد,"كميات مختلفة بلا بداية مبكرة: 1/3",3,"2026-06-27:1@2200 | 2026-07-09:3@2194 | 2026-08-31:1@2194",2194,
Glucophage 500Xr,"Glucophage 500Xr",,د — غير محدد,"كميات مختلفة بلا بداية مبكرة: 4/10",3,"2026-06-27:4@2745 | 2026-08-15:4@2743 | 2026-08-22:10@2743",2743,
7640144122362,"Mydocalm 150mg tab",,د — غير محدد,"كميات مختلفة بلا بداية مبكرة: 3/6",3,"2026-06-27:3@5796 | 2026-08-02:6@5781 | 2026-08-27:3@5795",5795,
4031571076169,"panto-Denk 20mg",,د — غير محدد,"كميات مختلفة بلا بداية مبكرة: 1/3",3,"2026-06-27:1@5600 | 2026-07-11:1@5595 | 2026-09-03:3@5595",5595,
8901111978115,"Aprazol-20mg cap ajanta",,د — غير محدد,"كميات مختلفة بلا بداية مبكرة: 3/5",3,"2026-06-27:3@1395 | 2026-07-31:3@1295 | 2026-08-15:5@1295",1295,
4031571063787,"FLUCONA DENK 150",,د — غير محدد,"كميات مختلفة بلا بداية مبكرة: 2/1/5",3,"2026-06-27:2@4060 | 2026-07-26:1@4060 | 2026-09-08:5@4060",4060,
6221068201916,"Proximol simple effe 60mg",,د — غير محدد,"كميات مختلفة بلا بداية مبكرة: 3/2",3,"2026-06-27:3@2743 | 2026-08-11:3@2743 | 2026-08-11:2@2740",2740,
6291109120681,"Panadol 240mg syr",,د — غير محدد,"كميات مختلفة بلا بداية مبكرة: 1/4/5",3,"2026-06-28:1@5815 | 2026-07-19:4@5815 | 2026-09-09:5@5815",5815,
8697927091604,"Aircomb 5/10mg tab",,د — غير محدد,"كميات مختلفة بلا بداية مبكرة: 14/15/30",3,"2026-06-28:14@2751 | 2026-08-15:15@2752 | 2026-08-15:30@2752",2752,
6291100087969,"Scopinal amp",,د — غير محدد,"كميات مختلفة بلا بداية مبكرة: 12/4/7",3,"2026-06-29:12@878 | 2026-08-20:4@878 | 2026-09-16:7@0",0,
neurobion tab,"neurobion tab",,د — غير محدد,"كميات مختلفة بلا بداية مبكرة: 3/9",3,"2026-06-30:3@3472 | 2026-08-09:3@3438 | 2026-08-30:9@2407",2407,
8901175021376,"Koact 1000mg tab",,د — غير محدد,"كميات مختلفة بلا بداية مبكرة: 7/18/20",3,"2026-07-02:7@1921 | 2026-07-17:18@1920 | 2026-09-13:20@1921",1921,
7640153081490,"CoAmox Acino TM 1000",,د — غير محدد,"كميات مختلفة بلا بداية مبكرة: 4/10",3,"2026-07-03:4@5932 | 2026-07-11:4@5931 | 2026-08-23:10@5931",5931,
8901302098271,"Angizaar 50mg tab",,د — غير محدد,"كميات مختلفة بلا بداية مبكرة: 3/6/15",3,"2026-07-04:3@1865 | 2026-07-31:6@1865 | 2026-09-03:15@1865",1865,
010628512801072610DB01531126021517280215212076077006888,"Elica-M Cream",,د — غير محدد,"كميات مختلفة بلا بداية مبكرة: 5/2/10",3,"2026-07-04:5@5710 | 2026-07-26:2@5705 | 2026-09-13:10@5706",5706,
6251159028504,"Neohealar oint",,د — غير محدد,"كميات مختلفة بلا بداية مبكرة: 5/1/2",3,"2026-07-04:5@5050 | 2026-08-31:1@5047 | 2026-09-02:2@4949",4949,
3582910078951,"Amaryl 2mg tab sanofi",,د — غير محدد,"كميات مختلفة بلا بداية مبكرة: 1/10/4",3,"2026-07-05:1@5014 | 2026-07-08:10@5015 | 2026-09-02:4@5014",5014,
5000456060479,"Nexium 20mg tab",,د — غير محدد,"كميات مختلفة بلا بداية مبكرة: 2/10",3,"2026-07-05:2@5215 | 2026-07-15:10@5215 | 2026-08-11:10@5216",5216,
6251106401152,"Clipropharm 500mg tab",,د — غير محدد,"كميات مختلفة بلا بداية مبكرة: 4/5/3",3,"2026-07-05:4@2524 | 2026-08-22:5@2524 | 2026-09-03:3@2524",2524,
6251875001768,"pREDNICORT 5MG TAB",,د — غير محدد,"كميات مختلفة بلا بداية مبكرة: 10/4/15",3,"2026-07-05:10@1045 | 2026-07-06:4@1050 | 2026-09-03:15@1130",1130,
89023990052627,"Achee tab",,د — غير محدد,"كميات مختلفة بلا بداية مبكرة: 6/20",3,"2026-07-06:6@1125 | 2026-08-15:20@1125 | 2026-09-05:20@1104",1104,
8901302124307,"Bactoclav 1000mg tab",,د — غير محدد,"كميات مختلفة بلا بداية مبكرة: 2/12/10",3,"2026-07-06:2@3182 | 2026-08-07:12@3182 | 2026-09-12:10@3182",3182,
6251106401725,"Cefix 200 cap",,د — غير محدد,"كميات مختلفة بلا بداية مبكرة: 1/5",3,"2026-07-07:1@3950 | 2026-08-01:5@3950 | 2026-09-03:5@3950",3950,
3594452600521,"Diamicron MR 60mg tab",,د — غير محدد,"كميات مختلفة بلا بداية مبكرة: 1/4/10",3,"2026-07-08:1@2908 | 2026-07-11:4@2908 | 2026-07-25:10@2908",2908,
6291109120698,"Panadol Joint",,د — غير محدد,"كميات مختلفة بلا بداية مبكرة: 4/6/8",3,"2026-07-08:4@3511 | 2026-08-12:6@3515 | 2026-09-05:8@3511",3511,
6251161010221,"Uciderm cream",,د — غير محدد,"كميات مختلفة بلا بداية مبكرة: 2/7/10",3,"2026-07-08:2@2851 | 2026-07-21:7@2863 | 2026-08-30:10@2860",2860,
6251159062041,"Dexilant 60mg",,د — غير محدد,"كميات مختلفة بلا بداية مبكرة: 3/4/2",3,"2026-07-09:3@10227 | 2026-08-07:4@10226 | 2026-09-09:2@10226",10226,
8901302097304,"Plagreine 75mg tab",,د — غير محدد,"كميات مختلفة بلا بداية مبكرة: 15/5/10",3,"2026-07-11:15@1536 | 2026-09-02:5@1536 | 2026-09-17:10@1536",1536,
4048846023285,"Mobic 15mg",,د — غير محدد,"كميات مختلفة بلا بداية مبكرة: 3/2/6",3,"2026-07-11:3@3954 | 2026-07-28:2@3954 | 2026-08-13:6@3954",3954,
6251875002215,"ciproneer 0.3% 10ml drop",,د — غير محدد,"كميات مختلفة بلا بداية مبكرة: 2/1",3,"2026-07-11:2@1790 | 2026-08-31:1@1790 | 2026-09-09:2@1985",1985,
6251875001003,"Piodol 250mg/5ml syr",,د — غير محدد,"كميات مختلفة بلا بداية مبكرة: 9/10",3,"2026-07-11:9@1400 | 2026-07-12:10@1400 | 2026-08-03:10@1400",1400,
Zyloric TM 300mg,"Zyloric TM 300mg",,د — غير محدد,"كميات مختلفة بلا بداية مبكرة: 4/6/22",3,"2026-07-12:4@4663 | 2026-07-27:6@4663 | 2026-09-05:22@4240",4240,
6281056587866,"J.casanova ",,د — غير محدد,"كميات مختلفة بلا بداية مبكرة: 2/3/5",3,"2026-07-12:2@4000 | 2026-08-03:3@4200 | 2026-08-25:5@4200",4200,
8901111076859,"Sitapril M 50\500mg tab",,د — غير محدد,"كميات مختلفة بلا بداية مبكرة: 12/18",3,"2026-07-13:12@2240 | 2026-09-09:12@2200 | 2026-09-14:18@2200",2200,
Yasmin tab,"yasmin tab ",,د — غير محدد,"كميات مختلفة بلا بداية مبكرة: 5/10",3,"2026-07-14:5@10183 | 2026-07-14:5@10182 | 2026-09-06:10@10182",10182,
3337875816847,"Cicaplast B5+",,د — غير محدد,"كميات مختلفة بلا بداية مبكرة: 1/2",3,"2026-07-14:1@22000 | 2026-07-14:1@17250 | 2026-08-07:2@17250",17250,
7640153080783,"Uvamin cap",,د — غير محدد,"كميات مختلفة بلا بداية مبكرة: 8/10",3,"2026-07-14:8@3830 | 2026-08-09:10@3829 | 2026-09-17:10@3830",3830,
4008500109427,"Bepanthen Ointment 30g",,د — غير محدد,"كميات مختلفة بلا بداية مبكرة: 8/2/10",3,"2026-07-14:8@4916 | 2026-08-05:2@4973 | 2026-08-10:10@4910",4910,
8901111079300,"Empadil M 5\1000mg tab",,د — غير محدد,"كميات مختلفة بلا بداية مبكرة: 6/3",3,"2026-07-14:6@7128 | 2026-08-13:3@7260 | 2026-09-02:6@7260",7260,
5055565788882,"Lisinopril 5mg accord tab",,د — غير محدد,"كميات مختلفة بلا بداية مبكرة: 6/8/10",3,"2026-07-15:6@1843 | 2026-07-25:8@1843 | 2026-09-08:10@1844",1844,
7640153080325,"Lofral 10mg tab",,د — غير محدد,"كميات مختلفة بلا بداية مبكرة: 3/6/9",3,"2026-07-15:3@3438 | 2026-07-26:6@3438 | 2026-08-30:9@3438",3438,
3664898116662,"Coversyl 10mg",,د — غير محدد,"كميات مختلفة بلا بداية مبكرة: 2/1",3,"2026-07-15:2@7636 | 2026-07-31:1@7636 | 2026-09-08:2@7630",7630,
8901111085707,"Diazac 10/1000mg tab",,د — غير محدد,"كميات مختلفة بلا بداية مبكرة: 5/2",3,"2026-07-15:5@9720 | 2026-09-03:2@9900 | 2026-09-10:2@10620",10620,
8901175060627,"ALZYL 500MG",,د — غير محدد,"كميات مختلفة بلا بداية مبكرة: 29/17",3,"2026-07-16:29@1122 | 2026-08-03:17@1117 | 2026-08-23:17@1117",1117,
8699525094315,"FLEOXILEVO 500MG",,د — غير محدد,"كميات مختلفة بلا بداية مبكرة: 10/8/18",3,"2026-07-16:10@4266 | 2026-07-16:8@4266 | 2026-08-24:18@4266",4266,
8690506430672,"Povidone solution",,د — غير محدد,"كميات مختلفة بلا بداية مبكرة: 1/15/10",3,"2026-07-17:1@761 | 2026-08-20:15@1080 | 2026-09-16:10@896",896,
Ivf-C inj,"IVF-C inj",,د — غير محدد,"كميات مختلفة بلا بداية مبكرة: 3/2",3,"2026-07-19:3@23210 | 2026-08-01:2@23210 | 2026-08-02:3@22810",22810,
3800501091135,"Nefopam Vitapure",,د — غير محدد,"كميات مختلفة بلا بداية مبكرة: 24/15/12",3,"2026-07-19:24@2310 | 2026-07-21:15@2310 | 2026-08-15:12@2312",2312,
6251151001079,"Apisal  Dead sea",,د — غير محدد,"كميات مختلفة بلا بداية مبكرة: 2/3/5",3,"2026-07-21:2@6376 | 2026-07-22:3@3240 | 2026-09-13:5@3300",3300,
8964003537203,"Cipesta 500mg",,د — غير محدد,"كميات مختلفة بلا بداية مبكرة: 1/2",3,"2026-07-21:1@2475 | 2026-07-21:1@2475 | 2026-08-17:2@2475",2475,
Azi-Once syr,"Azi-Once syr",,د — غير محدد,"كميات مختلفة بلا بداية مبكرة: 5/12",3,"2026-07-24:5@5376 | 2026-07-27:5@5376 | 2026-08-20:12@5303",5303,
Cialis 20mg,"Cialis 20mg",,د — غير محدد,"كميات مختلفة بلا بداية مبكرة: 1/4",3,"2026-07-26:1@10345 | 2026-09-06:4@10349 | 2026-09-09:4@10349",10349,
97dc5bf7a50cc717542777fe32c67e89f3172ca1c1e61a4e00427ea4b5a3c5f719e36f434794a10d,"Coversyl plus 10/2.5",,د — غير محدد,"كميات مختلفة بلا بداية مبكرة: 2/1",3,"2026-07-26:2@11964 | 2026-08-31:1@11965 | 2026-09-12:1@11966",11966,
Elica cream,"Elica cream",,د — غير محدد,"كميات مختلفة بلا بداية مبكرة: 2/3/5",3,"2026-07-26:2@4828 | 2026-08-06:3@4827 | 2026-08-09:5@4827",4827,
3664798010466,"Doliprane 1000mg",,د — غير محدد,"كميات مختلفة بلا بداية مبكرة: 10/20",3,"2026-07-28:10@1500 | 2026-08-26:20@150 | 2026-09-17:10@1500",1500,
6251159037308,"Dentagyl tab",,د — غير محدد,"كميات مختلفة بلا بداية مبكرة: 2/6",3,"2026-07-28:2@4200 | 2026-08-24:2@0 | 2026-09-09:6@4450",4450,
8901302203101,"Apivas-2.5 mg tab",,د — غير محدد,"كميات مختلفة بلا بداية مبكرة: 1/5/6",3,"2026-07-28:1@3409 | 2026-08-20:5@3409 | 2026-08-20:6@3409",3409,
5944728004771,"Moxipharm eye drop",,د — غير محدد,"كميات مختلفة بلا بداية مبكرة: 1/2",3,"2026-08-02:1@7681 | 2026-08-02:2@7680 | 2026-08-05:1@7680",7680,
6251875003526,"DEXACURE 0.1% eye drop",,د — غير محدد,"كميات مختلفة بلا بداية مبكرة: 1/3",3,"2026-08-02:1@1115 | 2026-08-02:3@1115 | 2026-09-08:3@1193",1193,
010406526746665121595748283051728043010E218906,"Concor 5mg plus",,د — غير محدد,"كميات مختلفة بلا بداية مبكرة: 2/3",3,"2026-08-02:2@3443 | 2026-08-20:3@3443 | 2026-09-09:3@3443",3443,
6291103730275,"glovit-h cap",,د — غير محدد,"كميات مختلفة بلا بداية مبكرة: 6/2/10",3,"2026-08-04:6@3865 | 2026-08-05:2@3862 | 2026-08-07:10@3384",3384,
6285147005697,"Zeta ointment",,د — غير محدد,"كميات مختلفة بلا بداية مبكرة: 1/2/7",3,"2026-08-05:1@2195 | 2026-08-20:2@2195 | 2026-09-05:7@2195",2195,
5055565789070,"Aciclovir 200mg tab",,د — غير محدد,"كميات مختلفة بلا بداية مبكرة: 5/10",3,"2026-08-07:5@1317 | 2026-08-24:10@1317 | 2026-08-30:10@1365",1365,
3582910077220,"Flagyl 500mg",,د — غير محدد,"كميات مختلفة بلا بداية مبكرة: 4/2",3,"2026-08-20:4@2436 | 2026-08-25:2@2436 | 2026-08-25:2@2445",2445,
Panadol cold&fiu Day,"Panadol cold&fiu Day",,د — غير محدد,"كميات مختلفة بلا بداية مبكرة: 15/9",3,"2026-08-27:15@1748 | 2026-09-03:9@1748 | 2026-09-16:15@1748",1748,
5285007350777,"Diclofenac Gel",,د — غير محدد,"كميات مختلفة بلا بداية مبكرة: 9/5",2,"2026-05-02:9@858 | 2026-05-03:5@858",858,
Olmetec 20\12.5,"Olmetec 20\12.5",,د — غير محدد,"كميات مختلفة بلا بداية مبكرة: 1/3",2,"2026-05-03:1@14112 | 2026-07-02:3@14112",14112,
8684051918440,"Diclofenac sodium ALIDO amp",,د — غير محدد,"كميات مختلفة بلا بداية مبكرة: 30/20",2,"2026-05-03:30@31 | 2026-09-12:20@262",262,
8680199009620,"Apfecto drop",,د — غير محدد,"كميات مختلفة بلا بداية مبكرة: 1/2",2,"2026-05-03:1@9840 | 2026-08-02:2@9489",9489,
6221094031297,"Fever  n flu syrup",,د — غير محدد,"كميات مختلفة بلا بداية مبكرة: 1/10",2,"2026-05-04:1@2500 | 2026-09-06:10@2743",2743,
7640153087614,"Cardex TM 5mg",,د — غير محدد,"كميات مختلفة بلا بداية مبكرة: 3/9",2,"2026-05-06:3@1550 | 2026-08-12:9@1536",1536,
4010439201288,"Lacalut aktiv",,د — غير محدد,"كميات مختلفة بلا بداية مبكرة: 2/5",2,"2026-05-06:2@5985 | 2026-08-15:5@6790",6790,
5067447722518,"D- way D3 5000iu",,د — غير محدد,"كميات مختلفة بلا بداية مبكرة: 7/20",2,"2026-05-06:7@7700 | 2026-09-16:20@5000",5000,
6291103860958,"Toraject 30mg INJection",,د — غير محدد,"كميات مختلفة بلا بداية مبكرة: 2/100",2,"2026-05-08:2@0 | 2026-09-16:100@1000",1000,
Dian 35tab,"Dian 35tab",,د — غير محدد,"كميات مختلفة بلا بداية مبكرة: 1/2",2,"2026-05-09:1@3851 | 2026-09-08:2@7702",7702,
8906113370189,"Gentamycen-80",,د — غير محدد,"كميات مختلفة بلا بداية مبكرة: 8/15",2,"2026-05-10:8@900 | 2026-07-08:15@900",900,
5040273161041,"Hayax",,د — غير محدد,"كميات مختلفة بلا بداية مبكرة: 1/25",2,"2026-05-10:1@3330 | 2026-06-30:25@2500",2500,
4005292013369,"A-Z hansal ",,د — غير محدد,"كميات مختلفة بلا بداية مبكرة: 1/10",2,"2026-05-10:1@4777 | 2026-08-20:10@5290",5290,
89023991073249,"Achee syr",,د — غير محدد,"كميات مختلفة بلا بداية مبكرة: 5/28",2,"2026-05-10:5@1321 | 2026-08-23:28@1321",1321,
8720689011662,"رضاعه ايفينت 260ml",,د — غير محدد,"كميات مختلفة بلا بداية مبكرة: 2/1",2,"2026-05-10:2@12100 | 2026-05-10:1@12485",12485,
8720689012027,"ديس ايفينت 2قطرة",,د — غير محدد,"كميات مختلفة بلا بداية مبكرة: 3/2",2,"2026-05-10:3@2255 | 2026-09-14:2@5094",5094,
6211365027050,"ProctO-Cinolone 20g oint",,د — غير محدد,"كميات مختلفة بلا بداية مبكرة: 1/5",2,"2026-05-11:1@2000 | 2026-07-19:5@1870",1870,
4262422540144,"Lipozal 20mg",,د — غير محدد,"كميات مختلفة بلا بداية مبكرة: 3/5",2,"2026-05-11:3@2456 | 2026-08-11:5@2456",2456,
7804653720901,"Dutasvitae 0.5mg",,د — غير محدد,"كميات مختلفة بلا بداية مبكرة: 1/3",2,"2026-05-11:1@4867 | 2026-07-12:3@4868",4868,
DuAllerm syr,"DuAllerm syr",,د — غير محدد,"كميات مختلفة بلا بداية مبكرة: 2/5",2,"2026-05-11:2@792 | 2026-08-07:5@792",792,
6251653190004,"Atoxia 60mg tab",,د — غير محدد,"كميات مختلفة بلا بداية مبكرة: 2/1",2,"2026-05-11:2@5000 | 2026-07-09:1@5003",5003,
5907609356833,"Eveline wgitening Hand cream",,د — غير محدد,"كميات مختلفة بلا بداية مبكرة: 2/3",2,"2026-05-12:2@5650 | 2026-05-12:3@5500",5500,
6221508162715,"XAROXAN 1G IM",,د — غير محدد,"كميات مختلفة بلا بداية مبكرة: 24/26",2,"2026-05-14:24@1402 | 2026-05-24:26@1577",1577,
3800023403751,"aquarelle mouth wash gum care",,د — غير محدد,"كميات مختلفة بلا بداية مبكرة: 8/6",2,"2026-05-14:8@4379 | 2026-08-25:6@4379",4379,
6858679626700,"prednomel 5mg ",,د — غير محدد,"كميات مختلفة بلا بداية مبكرة: 7/40",2,"2026-05-15:7@435 | 2026-09-07:40@436",436,
6251651000527,"Coldad syr",,د — غير محدد,"كميات مختلفة بلا بداية مبكرة: 3/5",2,"2026-05-15:3@1254 | 2026-08-11:5@1254",1254,
PAA169509,"Detrusitol 2mg",,د — غير محدد,"كميات مختلفة بلا بداية مبكرة: 1/2",2,"2026-05-17:1@15186 | 2026-08-22:2@15186",15186,
8901111174111,"Kamagra 50mg tab",,د — غير محدد,"كميات مختلفة بلا بداية مبكرة: 2/10",2,"2026-05-18:2@1319 | 2026-07-19:10@1316",1316,
9504000086565,"ParAzar\250",,د — غير محدد,"كميات مختلفة بلا بداية مبكرة: 1/5",2,"2026-05-18:1@1511 | 2026-07-22:5@1980",1980,
Ketofien Hof syr,"Ketofien Hof syr",,د — غير محدد,"كميات مختلفة بلا بداية مبكرة: 2/5",2,"2026-05-18:2@2000 | 2026-07-22:5@2022",2022,
Butaphar syr,"Butaphar syr",,د — غير محدد,"كميات مختلفة بلا بداية مبكرة: 1/8",2,"2026-05-18:1@726 | 2026-08-11:8@726",726,
6251159023851,"Blopress Plus 8mg tab",,د — غير محدد,"كميات مختلفة بلا بداية مبكرة: 2/4",2,"2026-05-19:2@5025 | 2026-08-02:4@5048",5048,
724087789282,"Lavocestine syr",,د — غير محدد,"كميات مختلفة بلا بداية مبكرة: 2/1",2,"2026-05-19:2@8363 | 2026-07-09:1@8363",8363,
5021265254309,"Pregnacare Original tab",,د — غير محدد,"كميات مختلفة بلا بداية مبكرة: 1/4",2,"2026-05-19:1@6150 | 2026-09-06:4@6136",6136,
5281019903000,"Muscerolo 2 tab",,د — غير محدد,"كميات مختلفة بلا بداية مبكرة: 5/6",2,"2026-05-20:5@1100 | 2026-09-03:6@1098",1098,
5281019900412,"Ketonaz shampoo",,د — غير محدد,"كميات مختلفة بلا بداية مبكرة: 5/10",2,"2026-05-21:5@3489 | 2026-07-29:10@3524",3524,
6251875001560,"Pregafix 150mg cap",,د — غير محدد,"كميات مختلفة بلا بداية مبكرة: 3/9",2,"2026-05-24:3@2427 | 2026-07-25:9@4340",4340,
5012617026255,"Prednisolone 5mg",,د — غير محدد,"كميات مختلفة بلا بداية مبكرة: 1/10",2,"2026-05-24:1@413 | 2026-08-23:10@1639",1639,
8901111571118,"Amaday-10mg tab",,د — غير محدد,"كميات مختلفة بلا بداية مبكرة: 2/10",2,"2026-05-27:2@516 | 2026-07-26:10@516",516,
Azi-once syr,"Azi-once syr",,د — غير محدد,"كميات مختلفة بلا بداية مبكرة: 3/2",2,"2026-05-29:3@5376 | 2026-06-19:2@5376",5376,
096419704080,"Jamox 125mg/5ml syr",,د — غير محدد,"كميات مختلفة بلا بداية مبكرة: 1/5",2,"2026-05-30:1@1320 | 2026-08-17:5@1320",1320,
150100306902016,"Halamine lotion",,د — غير محدد,"كميات مختلفة بلا بداية مبكرة: 1/3",2,"2026-05-30:1@1584 | 2026-06-19:3@1584",1584,
3664798031997,"Telfast 180mg tab",,د — غير محدد,"كميات مختلفة بلا بداية مبكرة: 1/2",2,"2026-05-31:1@11260 | 2026-06-01:2@5625",5625,
6251106000225,"Diostar 160mg tab",,د — غير محدد,"كميات مختلفة بلا بداية مبكرة: 4/9",2,"2026-05-31:4@3660 | 2026-08-03:9@3657",3657,
6251875001751,"Motidom10mg tab",,د — غير محدد,"كميات مختلفة بلا بداية مبكرة: 5/6",2,"2026-05-31:5@735 | 2026-08-11:6@696",696,
5285006160940," suldex-A supp",,د — غير محدد,"كميات مختلفة بلا بداية مبكرة: 10/26",2,"2026-05-31:10@888 | 2026-08-23:26@444",444,
6251651003214,"Bonjour tab",,د — غير محدد,"كميات مختلفة بلا بداية مبكرة: 12/10",2,"2026-06-01:12@1408 | 2026-08-25:10@2112",2112,
5021265251339,"Jointace gel",,د — غير محدد,"كميات مختلفة بلا بداية مبكرة: 1/2",2,"2026-06-01:1@12987 | 2026-09-05:2@12987",12987,
6217863335550,"Lido plus spry 50ml",,د — غير محدد,"كميات مختلفة بلا بداية مبكرة: 3/5",2,"2026-06-01:3@2376 | 2026-08-13:5@2400",2400,
6214100000073,"Lido spray",,د — غير محدد,"كميات مختلفة بلا بداية مبكرة: 1/5",2,"2026-06-01:1@2000 | 2026-08-26:5@2400",2400,
8437020075435,"montelina ",,د — غير محدد,"كميات مختلفة بلا بداية مبكرة: 4/9",2,"2026-06-01:4@5077 | 2026-08-03:9@5437",5437,
8901111009536,"Apmol 500 amp",,د — غير محدد,"كميات مختلفة بلا بداية مبكرة: 5/10",2,"2026-06-01:5@250 | 2026-06-24:10@225",225,
8684543712389,"Melatonin 5mg",,د — غير محدد,"كميات مختلفة بلا بداية مبكرة: 5/1",2,"2026-06-01:5@1570 | 2026-07-27:1@8050",8050,
3664798030655,"Zympass 20\10",,د — غير محدد,"كميات مختلفة بلا بداية مبكرة: 1/6",2,"2026-06-02:1@11887 | 2026-08-05:6@11890",11890,
6251159026944,"Blopress 16mg tab",,د — غير محدد,"كميات مختلفة بلا بداية مبكرة: 2/4",2,"2026-06-02:2@6235 | 2026-08-13:4@6235",6235,
6945449388798,"رضاعة-Fish- زجاج 240ml ",,د — غير محدد,"كميات مختلفة بلا بداية مبكرة: 1/3",2,"2026-06-04:1@2601 | 2026-06-24:3@3220",3220,
8852916015836,"Playboy triple play",,د — غير محدد,"كميات مختلفة بلا بداية مبكرة: 1/2",2,"2026-06-04:1@3850 | 2026-06-04:2@3850",3850,
8672653096758,"Playboy G-Vibrtions",,د — غير محدد,"كميات مختلفة بلا بداية مبكرة: 1/2",2,"2026-06-04:1@3850 | 2026-08-12:2@3889",3889,
5055565789162,"Digoxin 250mg tab",,د — غير محدد,"كميات مختلفة بلا بداية مبكرة: 4/2",2,"2026-06-04:4@1482 | 2026-07-16:2@1481",1481,
6945449385537,"ملاطة حليب Fish",,د — غير محدد,"كميات مختلفة بلا بداية مبكرة: 2/4",2,"2026-06-04:2@1135 | 2026-08-31:4@925",925,
6211170017666,"Retane 10mg tab",,د — غير محدد,"كميات مختلفة بلا بداية مبكرة: 4/5",2,"2026-06-08:4@2530 | 2026-08-22:5@2420",2420,
8901302056981,"Microflox 500mg tab",,د — غير محدد,"كميات مختلفة بلا بداية مبكرة: 3/5",2,"2026-06-08:3@965 | 2026-08-23:5@965",965,
5055565759950,"Letrozole 2.5mg tab",,د — غير محدد,"كميات مختلفة بلا بداية مبكرة: 2/4",2,"2026-06-08:2@9765 | 2026-06-11:4@9715",9715,
9008732007596,"Thrombo Ass 75mg",,د — غير محدد,"كميات مختلفة بلا بداية مبكرة: 3/9",2,"2026-06-08:3@735 | 2026-06-23:9@731",731,
6251875002673,"no-vomit 4mg/2ml amp",,د — غير محدد,"كميات مختلفة بلا بداية مبكرة: 5/10",2,"2026-06-09:5@839 | 2026-07-23:10@775",775,
6858679626946,"Levofloxacin-Mel 500mg",,د — غير محدد,"كميات مختلفة بلا بداية مبكرة: 1/10",2,"2026-06-10:1@2640 | 2026-09-07:10@2376",2376,
8901111051344,"Lastavin HTZ 80/12.5mg tab",,د — غير محدد,"كميات مختلفة بلا بداية مبكرة: 3/6",2,"2026-06-11:3@1610 | 2026-08-08:6@1609",1609,
8699566753103,"Santaferron amp",,د — غير محدد,"كميات مختلفة بلا بداية مبكرة: 5/10",2,"2026-06-13:5@3302 | 2026-07-12:10@3272",3272,
Bepanthen cream,"Bepanthen cream",,د — غير محدد,"كميات مختلفة بلا بداية مبكرة: 4/5",2,"2026-06-13:4@4916 | 2026-07-21:5@4916",4916,
Primolut N,"primolut N",,د — غير محدد,"كميات مختلفة بلا بداية مبكرة: 3/6",2,"2026-06-13:3@3950 | 2026-07-21:6@3896",3896,
8901111045718,"Zaha 200mg/5ml syr",,د — غير محدد,"كميات مختلفة بلا بداية مبكرة: 1/3",2,"2026-06-13:1@2750 | 2026-06-18:3@2633",2633,
8901086260239,"Zecuf herbal",,د — غير محدد,"كميات مختلفة بلا بداية مبكرة: 2/3",2,"2026-06-14:2@1041 | 2026-09-12:3@1075",1075,
8906113370103,"Amikacen-500",,د — غير محدد,"كميات مختلفة بلا بداية مبكرة: 4/15",2,"2026-06-14:4@1380 | 2026-07-08:15@1430",1430,
8699514550174,"Brequal 50/250mcg",,د — غير محدد,"كميات مختلفة بلا بداية مبكرة: 6/1",2,"2026-06-15:6@2723 | 2026-07-29:1@2727",2727,
Glucophage 1000mg,"Glucophage 1000mg",,د — غير محدد,"كميات مختلفة بلا بداية مبكرة: 3/5",2,"2026-06-15:3@2855 | 2026-06-30:5@2853",2853,
6251106803338,"Newstar plus 160/10/12.5 tab",,د — غير محدد,"كميات مختلفة بلا بداية مبكرة: 8/4",2,"2026-06-16:8@3722 | 2026-06-25:4@3725",3725,
6215466546281,"fresh eye lens ",,د — غير محدد,"كميات مختلفة بلا بداية مبكرة: 2/5",2,"2026-06-16:2@1262 | 2026-08-10:5@1055",1055,
Colchicum-Dispert 0.5,"Colchicum-Dispert 0.5",,د — غير محدد,"كميات مختلفة بلا بداية مبكرة: 3/5",2,"2026-06-17:3@1098 | 2026-07-08:5@2194",2194,
2802105302014,"Adelone eye drop",,د — غير محدد,"كميات مختلفة بلا بداية مبكرة: 1/3",2,"2026-06-18:1@3291 | 2026-07-23:3@3292",3292,
ketesse 25mg sashet,"ketesse sashet",,د — غير محدد,"كميات مختلفة بلا بداية مبكرة: 36/40",2,"2026-06-18:36@545 | 2026-08-12:40@545",545,
Coveram 10\5,"Coveram 10\5",,د — غير محدد,"كميات مختلفة بلا بداية مبكرة: 2/1",2,"2026-06-19:2@15580 | 2026-09-08:1@15584",15584,
6291103841551,"Nixvom tab",,د — غير محدد,"كميات مختلفة بلا بداية مبكرة: 15/20",2,"2026-06-20:15@1250 | 2026-09-16:20@1000",1000,
Olmetec 40mg,"Olmetec 40mg",,د — غير محدد,"كميات مختلفة بلا بداية مبكرة: 4/8",2,"2026-06-21:4@6170 | 2026-08-20:8@7000",7000,
marvelon tab,"marvelon tab",,د — غير محدد,"كميات مختلفة بلا بداية مبكرة: 2/5",2,"2026-06-21:2@5223 | 2026-07-21:5@5222",5222,
8682005381869,"povidone iodine 10%Spray",,د — غير محدد,"كميات مختلفة بلا بداية مبكرة: 1/10",2,"2026-06-22:1@1575 | 2026-07-17:10@1569",1569,
8904398601080,"Xylosans Adult10ml Spray",,د — غير محدد,"كميات مختلفة بلا بداية مبكرة: 1/4",2,"2026-06-22:1@1960 | 2026-07-12:4@1865",1865,
8901111080450,"Humiderm cream 100g",,د — غير محدد,"كميات مختلفة بلا بداية مبكرة: 1/3",2,"2026-06-22:1@6380 | 2026-07-05:3@6156",6156,
6291100081059,"alfacort 1% 15g cream julphar",,د — غير محدد,"كميات مختلفة بلا بداية مبكرة: 1/2",2,"2026-06-22:1@3080 | 2026-08-01:2@2040",2040,
9645537412363,"Fuciden as 20g cream",,د — غير محدد,"كميات مختلفة بلا بداية مبكرة: 1/2",2,"2026-06-22:1@1260 | 2026-07-06:2@1230",1230,
6945449302152,"Fish حلمة بدون ثقب عريض",,د — غير محدد,"كميات مختلفة بلا بداية مبكرة: 5/3",2,"2026-06-22:5@900 | 2026-09-10:3@1007",1007,
6001087357067,"vasaline lotion coca glow ",,د — غير محدد,"كميات مختلفة بلا بداية مبكرة: 1/5",2,"2026-06-23:1@3440 | 2026-08-22:5@3520",3520,
6001087357050,"vasaline lotion aloe soothe 400ml",,د — غير محدد,"كميات مختلفة بلا بداية مبكرة: 2/1",2,"2026-06-23:2@3440 | 2026-08-03:1@3720",3720,
6001087357043,"vasaline loion dry skin repair ",,د — غير محدد,"كميات مختلفة بلا بداية مبكرة: 1/3",2,"2026-06-23:1@3440 | 2026-08-03:3@3720",3720,
1000,"1000",,د — غير محدد,"كميات مختلفة بلا بداية مبكرة: 500/1000",2,"2026-06-26:500@750 | 2026-08-12:1000@750",750,
Diamicron MR 60mg,"Diamicron MR 60mg",,د — غير محدد,"كميات مختلفة بلا بداية مبكرة: 1/16",2,"2026-06-27:1@2900 | 2026-09-03:16@2908",2908,
5021265254330,"Perfectil tab",,د — غير محدد,"كميات مختلفة بلا بداية مبكرة: 1/6",2,"2026-06-27:1@9205 | 2026-07-21:6@9203",9203,
6251107425362,"Angiosar 160mg/5mg tab daraldawa",,د — غير محدد,"كميات مختلفة بلا بداية مبكرة: 4/6",2,"2026-06-27:4@4773 | 2026-09-05:6@4773",4773,
4015400671336,"always small",,د — غير محدد,"كميات مختلفة بلا بداية مبكرة: 8/16",2,"2026-06-27:8@1360 | 2026-07-19:16@1360",1360,
685867962786,"antusin syrp",,د — غير محدد,"كميات مختلفة بلا بداية مبكرة: 9/10",2,"2026-06-27:9@1254 | 2026-09-07:10@1254",1254,
6251159028450,"Neohealar supp",,د — غير محدد,"كميات مختلفة بلا بداية مبكرة: 3/4",2,"2026-06-27:3@2194 | 2026-09-02:4@2151",2151,
100818190044,"Samalfil 5mg tab",,د — غير محدد,"كميات مختلفة بلا بداية مبكرة: 2/15",2,"2026-06-28:2@2728 | 2026-08-11:15@2728",2728,
No pain tab,"No pain tab",,د — غير محدد,"كميات مختلفة بلا بداية مبكرة: 2/20",2,"2026-06-28:2@1675 | 2026-09-10:20@1250",1250,
8720648887147,"Top-Lincocin inj",,د — غير محدد,"كميات مختلفة بلا بداية مبكرة: 8/10",2,"2026-06-29:8@1566 | 2026-08-15:10@1566",1566,
6221508513210,"Spirex plus tap",,د — غير محدد,"كميات مختلفة بلا بداية مبكرة: 3/12",2,"2026-06-29:3@4115 | 2026-07-24:12@4115",4115,
Controloc 40mg tab,"Controloc 40mg tab",,د — غير محدد,"كميات مختلفة بلا بداية مبكرة: 1/2",2,"2026-06-29:1@10250 | 2026-09-05:2@10250",10250,
Lipitor 20mg,"Lipitor 20mg",,د — غير محدد,"كميات مختلفة بلا بداية مبكرة: 3/6",2,"2026-06-29:3@6650 | 2026-08-15:6@6674",6674,
8964003193119,"Gouric 80mg,g tab",,د — غير محدد,"كميات مختلفة بلا بداية مبكرة: 1/9",2,"2026-06-30:1@5917 | 2026-07-21:9@6370",6370,
Advil,"Advil cold Tab",,د — غير محدد,"كميات مختلفة بلا بداية مبكرة: 4/10",2,"2026-06-30:4@3953 | 2026-08-23:10@4079",4079,
6251875001195,"Dexacure syr",,د — غير محدد,"كميات مختلفة بلا بداية مبكرة: 5/15",2,"2026-06-30:5@900 | 2026-08-26:15@868",868,
8684543712716,"mircalcium tab ",,د — غير محدد,"كميات مختلفة بلا بداية مبكرة: 1/2",2,"2026-06-30:1@15370 | 2026-08-09:2@15370",15370,
6251875000839,"Rosva 10mg tab",,د — غير محدد,"كميات مختلفة بلا بداية مبكرة: 2/6",2,"2026-06-30:2@2179 | 2026-08-02:6@1865",1865,
6987452163269,"ture trip لاصق حراره ",,د — غير محدد,"كميات مختلفة بلا بداية مبكرة: 9/24",2,"2026-06-30:9@1571 | 2026-08-25:24@1720",1720,
Aerius 5mg tab,"Aerius 5mg tab",,د — غير محدد,"كميات مختلفة بلا بداية مبكرة: 3/6",2,"2026-06-30:3@4938 | 2026-07-23:6@4948",4948,
Glucophage 850mg,"Glucophage 850mg ",,د — غير محدد,"كميات مختلفة بلا بداية مبكرة: 3/15",2,"2026-06-30:3@2679 | 2026-08-27:15@2679",2679,
3664798030662,"Zympass 40\10",,د — غير محدد,"كميات مختلفة بلا بداية مبكرة: 3/6",2,"2026-07-01:3@13683 | 2026-08-02:6@13677",13677,
6251875001737,"Piofen 200mg tab",,د — غير محدد,"كميات مختلفة بلا بداية مبكرة: 3/6",2,"2026-07-02:3@528 | 2026-08-09:6@469",469,
6251875001713,"piofen 400mg tab",,د — غير محدد,"كميات مختلفة بلا بداية مبكرة: 3/6",2,"2026-07-02:3@510 | 2026-08-10:6@540",540,
4262422540151,"LIPOZAL 40",,د — غير محدد,"كميات مختلفة بلا بداية مبكرة: 10/5",2,"2026-07-02:10@3579 | 2026-09-08:5@3579",3579,
4031571068812,"Toras-Denk 10mg",,د — غير محدد,"كميات مختلفة بلا بداية مبكرة: 5/3",2,"2026-07-02:5@3658 | 2026-07-25:3@3657",3657,
4031571068850,"Toras-Denk 5mg tab",,د — غير محدد,"كميات مختلفة بلا بداية مبكرة: 2/9",2,"2026-07-02:2@2926 | 2026-07-12:9@2926",2926,
3664798027211,"Buscopan 10mg tab",,د — غير محدد,"كميات مختلفة بلا بداية مبكرة: 3/2",2,"2026-07-02:3@5186 | 2026-07-29:2@5296",5296,
Proviron tab,"Proviron tab",,د — غير محدد,"كميات مختلفة بلا بداية مبكرة: 2/1",2,"2026-07-02:2@4915 | 2026-08-30:1@4915",4915,
8699569280224,"Klamoks bid fort 400/57mg 70ml susp",,د — غير محدد,"كميات مختلفة بلا بداية مبكرة: 2/4",2,"2026-07-04:2@4828 | 2026-08-25:4@5158",5158,
89023998906915,"Calamine lotion",,د — غير محدد,"كميات مختلفة بلا بداية مبكرة: 1/5",2,"2026-07-04:1@1690 | 2026-07-17:5@1690",1690,
4103040144324,"Sebamed lip care",,د — غير محدد,"كميات مختلفة بلا بداية مبكرة: 3/2",2,"2026-07-04:3@3570 | 2026-08-07:2@3570",3570,
Glucophage XR 1000mg,"Glucophage XR 1000mg",,د — غير محدد,"كميات مختلفة بلا بداية مبكرة: 2/9",2,"2026-07-04:2@3657 | 2026-08-01:9@3657",3657,
8680923336343,"prtebiotic cream",,د — غير محدد,"كميات مختلفة بلا بداية مبكرة: 1/2",2,"2026-07-05:1@10275 | 2026-07-15:2@10370",10370,
6251106160776,"Diostar-plus 80/12.5mg tab",,د — غير محدد,"كميات مختلفة بلا بداية مبكرة: 2/6",2,"2026-07-05:2@2487 | 2026-07-19:6@2492",2492,
100889270010,"Prisolone  5mg tab",,د — غير محدد,"كميات مختلفة بلا بداية مبكرة: 29/30",2,"2026-07-05:29@432 | 2026-09-02:30@428",428,
5283026901499,"Tussin syr",,د — غير محدد,"كميات مختلفة بلا بداية مبكرة: 1/2",2,"2026-07-05:1@7740 | 2026-07-22:2@7374",7374,
8901111080122,"Aquasoft 50g creem ajanta",,د — غير محدد,"كميات مختلفة بلا بداية مبكرة: 4/2",2,"2026-07-06:4@3470 | 2026-07-07:2@3469",3469,
6221032110855,"Colospasmin forte 135mg tab",,د — غير محدد,"كميات مختلفة بلا بداية مبكرة: 4/22",2,"2026-07-06:4@1150 | 2026-08-02:22@1048",1048,
6251151000751,"Degas 30ml Oral Drop",,د — غير محدد,"كميات مختلفة بلا بداية مبكرة: 2/3",2,"2026-07-06:2@2194 | 2026-07-25:3@2194",2194,
9501100942081,"L-Cet 5mg tab",,د — غير محدد,"كميات مختلفة بلا بداية مبكرة: 8/20",2,"2026-07-06:8@1283 | 2026-09-09:20@1920",1920,
5055565788851,"Folic Acid 5mg tab",,د — غير محدد,"كميات مختلفة بلا بداية مبكرة: 9/10",2,"2026-07-07:9@1207 | 2026-07-26:10@1207",1207,
calridol vial,"calridol vial",,د — غير محدد,"كميات مختلفة بلا بداية مبكرة: 11/15",2,"2026-07-07:11@1724 | 2026-08-25:15@1705",1705,
6221032233813,"Dexatobrin eye drop",,د — غير محدد,"كميات مختلفة بلا بداية مبكرة: 2/1",2,"2026-07-07:2@1755 | 2026-09-02:1@1751",1751,
6221077020218,"senna lax tab",,د — غير محدد,"كميات مختلفة بلا بداية مبكرة: 5/15",2,"2026-07-07:5@764 | 2026-09-16:15@770",770,
ceftriaxone LDP 1g im,"Ceftriaxone BP I.M 1g",,د — غير محدد,"كميات مختلفة بلا بداية مبكرة: 10/22",2,"2026-07-08:10@3840 | 2026-08-23:22@3490",3490,
Ferplex 40mg 10Oral vial,"Ferplex 40mg 10Oral vial",,د — غير محدد,"كميات مختلفة بلا بداية مبكرة: 19/15",2,"2026-07-08:19@1636 | 2026-07-15:15@1636",1636,
8002660030108,"Betasec 16mg tab",,د — غير محدد,"كميات مختلفة بلا بداية مبكرة: 3/1",2,"2026-07-10:3@7417 | 2026-09-08:1@7478",7478,
8698712451313,"Gyno baking soda soap",,د — غير محدد,"كميات مختلفة بلا بداية مبكرة: 1/2",2,"2026-07-11:1@2850 | 2026-07-28:2@2923",2923,
5055565788912,"Gabapentin 300mg cap",,د — غير محدد,"كميات مختلفة بلا بداية مبكرة: 10/5",2,"2026-07-11:10@5113 | 2026-07-16:5@5113",5113,
Azi-once forte,"Azi-once forte 500mg tab",,د — غير محدد,"كميات مختلفة بلا بداية مبكرة: 1/3",2,"2026-07-11:1@3840 | 2026-07-26:3@3840",3840,
8901111003305," Actinc plas tab",,د — غير محدد,"كميات مختلفة بلا بداية مبكرة: 19/12",2,"2026-07-12:19@2995 | 2026-08-23:12@2995",2995,
8433042012106,"omacor 1000mg cap",,د — غير محدد,"كميات مختلفة بلا بداية مبكرة: 1/2",2,"2026-07-12:1@27611 | 2026-08-22:2@27610",27610,
Sinemet 25\250mg tab,"Sinemet 25\250mg tab",,د — غير محدد,"كميات مختلفة بلا بداية مبكرة: 1/2",2,"2026-07-12:1@4170 | 2026-07-12:2@4170",4170,
Brimo eye drop,"Brimo eye drop",,د — غير محدد,"كميات مختلفة بلا بداية مبكرة: 2/1",2,"2026-07-12:2@7417 | 2026-09-03:1@7417",7417,
5021265220250,"Osteocare syr",,د — غير محدد,"كميات مختلفة بلا بداية مبكرة: 1/2",2,"2026-07-12:1@10635 | 2026-08-15:2@10635",10635,
Vermox syr,"Vermox syr",,د — غير محدد,"كميات مختلفة بلا بداية مبكرة: 2/4",2,"2026-07-12:2@4432 | 2026-09-16:4@4433",4433,
6221032118790,"Cetal cold stop tab",,د — غير محدد,"كميات مختلفة بلا بداية مبكرة: 5/20",2,"2026-07-14:5@1064 | 2026-07-29:20@1064",1064,
8902399008167,"Bruzolin 0.1% adult drop",,د — غير محدد,"كميات مختلفة بلا بداية مبكرة: 3/10",2,"2026-07-14:3@1317 | 2026-08-05:10@1317",1317,
8902399005319,"Bruzolin child drop",,د — غير محدد,"كميات مختلفة بلا بداية مبكرة: 3/2",2,"2026-07-14:3@1317 | 2026-08-05:2@1317",1317,
6251875001041,"Esopraz 40mg ",,د — غير محدد,"كميات مختلفة بلا بداية مبكرة: 3/4",2,"2026-07-14:3@3875 | 2026-09-09:4@3413",3413,
4031571052163,"Doxy-denk 100mg tab",,د — غير محدد,"كميات مختلفة بلا بداية مبكرة: 7/4",2,"2026-07-14:7@3094 | 2026-09-02:4@3094",3094,
6251151001451,"Rhinomax ",,د — غير محدد,"كميات مختلفة بلا بداية مبكرة: 1/2",2,"2026-07-15:1@8778 | 2026-08-26:2@8778",8778,
6251158710004,"Osteo-Alfa",,د — غير محدد,"كميات مختلفة بلا بداية مبكرة: 3/6",2,"2026-07-15:3@2085 | 2026-08-02:6@2085",2085,
771313209823,"apo-clopidogrel 75mg",,د — غير محدد,"كميات مختلفة بلا بداية مبكرة: 3/6",2,"2026-07-15:3@4499 | 2026-08-24:6@4499",4499,
nEUROBION AMP,"nEUROBION AMP",,د — غير محدد,"كميات مختلفة بلا بداية مبكرة: 3/6",2,"2026-07-16:3@1180 | 2026-08-19:6@1814",1814,
6251600000349,"Deflate anti-gas 30ml Drop",,د — غير محدد,"كميات مختلفة بلا بداية مبكرة: 3/6",2,"2026-07-16:3@5486 | 2026-07-27:6@4572",4572,
8901175032365,"rofast 20mg ",,د — غير محدد,"كميات مختلفة بلا بداية مبكرة: 3/6",2,"2026-07-16:3@2926 | 2026-09-13:6@2926",2926,
6251158880011,"Suraxim ",,د — غير محدد,"كميات مختلفة بلا بداية مبكرة: 18/40",2,"2026-07-17:18@2194 | 2026-08-20:40@2194",2194,
6285147005598,"Winex syr ",,د — غير محدد,"كميات مختلفة بلا بداية مبكرة: 19/40",2,"2026-07-17:19@2523 | 2026-08-20:40@2523",2523,
Dibase 300.000IU,"Dibase 300.000iu",,د — غير محدد,"كميات مختلفة بلا بداية مبكرة: 4/6",2,"2026-07-19:4@4664 | 2026-08-17:6@4663",4663,
6251875002956,"Plaquneer 200mg tab",,د — غير محدد,"كميات مختلفة بلا بداية مبكرة: 4/2",2,"2026-07-19:4@2750 | 2026-08-25:2@3528",3528,
Microgynon ED,"Microgynon ED tab",,د — غير محدد,"كميات مختلفة بلا بداية مبكرة: 4/15",2,"2026-07-19:4@2341 | 2026-08-17:15@2341",2341,
6928649840211,"kodomo baby wipes",,د — غير محدد,"كميات مختلفة بلا بداية مبكرة: 3/24",2,"2026-07-19:3@1290 | 2026-08-01:24@1262",1262,
4019338607900,"Legalon fort cap",,د — غير محدد,"كميات مختلفة بلا بداية مبكرة: 4/2",2,"2026-07-19:4@6327 | 2026-08-25:2@6326",6326,
6251600002336,"Biodal 50.000iu",,د — غير محدد,"كميات مختلفة بلا بداية مبكرة: 2/1",2,"2026-07-21:2@11044 | 2026-09-03:1@11044",11044,
8964003193102,"Gouric 40mg tab",,د — غير محدد,"كميات مختلفة بلا بداية مبكرة: 3/9",2,"2026-07-21:3@4890 | 2026-08-02:9@4548",4548,
6251151000829,"Apisal 0.74 15ml spray api",,د — غير محدد,"كميات مختلفة بلا بداية مبكرة: 2/6",2,"2026-07-21:2@3103 | 2026-09-08:6@3091",3091,
6221163003989,"fucidel cream",,د — غير محدد,"كميات مختلفة بلا بداية مبكرة: 5/10",2,"2026-07-22:5@2195 | 2026-08-09:10@2195",2195,
6223003932909,"urea flex cream ",,د — غير محدد,"كميات مختلفة بلا بداية مبكرة: 2/5",2,"2026-07-22:2@2742 | 2026-08-20:5@2840",2840,
primolut n tab,"primolut N",,د — غير محدد,"كميات مختلفة بلا بداية مبكرة: 2/6",2,"2026-07-22:2@3896 | 2026-08-20:6@3895",3895,
8806498069749,"Nefopam amp",,د — غير محدد,"كميات مختلفة بلا بداية مبكرة: 40/100",2,"2026-07-22:40@1227 | 2026-09-14:100@1227",1227,
300860040025,"Allermine syr",,د — غير محدد,"كميات مختلفة بلا بداية مبكرة: 5/8",2,"2026-07-22:5@1012 | 2026-09-05:8@960",960,
Dibase 10.000 drop,"Dibase 10.000 drop",,د — غير محدد,"كميات مختلفة بلا بداية مبكرة: 1/2",2,"2026-07-22:1@7448 | 2026-08-13:2@7448",7448,
6251106800191,"Orotix 120mg",,د — غير محدد,"كميات مختلفة بلا بداية مبكرة: 2/1",2,"2026-07-23:2@7462 | 2026-09-03:1@7462",7462,
8719244901708,"maddoflox tab ",,د — غير محدد,"كميات مختلفة بلا بداية مبكرة: 1/2",2,"2026-07-24:1@10737 | 2026-09-06:2@10740",10740,
6213072083169,"trialog jel ",,د — غير محدد,"كميات مختلفة بلا بداية مبكرة: 2/1",2,"2026-07-24:2@3291 | 2026-09-16:1@3300",3300,
4260297476025,"ColicEZ drop",,د — غير محدد,"كميات مختلفة بلا بداية مبكرة: 2/5",2,"2026-07-25:2@8230 | 2026-08-07:5@8230",8230,
4015630064007,"accu-chek active",,د — غير محدد,"كميات مختلفة بلا بداية مبكرة: 2/3",2,"2026-07-26:2@14897 | 2026-08-03:3@13833",13833,
6291100083237,"Risek 40mg vial",,د — غير محدد,"كميات مختلفة بلا بداية مبكرة: 15/1",2,"2026-07-26:15@4389 | 2026-07-26:1@4400",4400,
6291100089062,"Dora syr",,د — غير محدد,"كميات مختلفة بلا بداية مبكرة: 1/5",2,"2026-07-26:1@3950 | 2026-08-07:5@3950",3950,
5206892100148,"Sinomarin adult mini spray",,د — غير محدد,"كميات مختلفة بلا بداية مبكرة: 2/1",2,"2026-07-29:2@9257 | 2026-09-08:1@9170",9170,
250280110512013,"Captopril 25-kindi",,د — غير محدد,"كميات مختلفة بلا بداية مبكرة: 6/16",2,"2026-07-29:6@545 | 2026-08-13:16@545",545,
8901111051368,"LastavinAm 5/160mg tab",,د — غير محدد,"كميات مختلفة بلا بداية مبكرة: 9/3",2,"2026-08-01:9@3292 | 2026-09-08:3@3291",3291,
3800225902168,"Revuele Facial wash gel 200ml",,د — غير محدد,"كميات مختلفة بلا بداية مبكرة: 3/8",2,"2026-08-01:3@5000 | 2026-09-02:8@5199",5199,
3760074270262,"Floxia disco unifying moisturizing milk 500ml",,د — غير محدد,"كميات مختلفة بلا بداية مبكرة: 1/2",2,"2026-08-01:1@19500 | 2026-09-16:2@20984",20984,
Nebilet 5mg tab,"Nebilet 5mg tab",,د — غير محدد,"كميات مختلفة بلا بداية مبكرة: 6/5",2,"2026-08-02:6@9408 | 2026-09-08:5@9455",9455,
3400930106280,"Lacozin ODT 5mg",,د — غير محدد,"كميات مختلفة بلا بداية مبكرة: 2/9",2,"2026-08-03:2@2375 | 2026-08-22:9@2377",2377,
8699578703011,"Osmolak",,د — غير محدد,"كميات مختلفة بلا بداية مبكرة: 1/2",2,"2026-08-03:1@4937 | 2026-08-19:2@4938",4938,
5000146980353,"Veet Strip",,د — غير محدد,"كميات مختلفة بلا بداية مبكرة: 5/8",2,"2026-08-03:5@2730 | 2026-08-24:8@2626",2626,
6260623331507,"Kapoot max delay condoms",,د — غير محدد,"كميات مختلفة بلا بداية مبكرة: 4/2",2,"2026-08-03:4@2940 | 2026-08-24:2@2997",2997,
5902205535156,"Deep sleep nutralic gummies",,د — غير محدد,"كميات مختلفة بلا بداية مبكرة: 2/1",2,"2026-08-03:2@14900 | 2026-08-16:1@16760",16760,
6253803030383,"vildanil-m 50mg/1000mg tab",,د — غير محدد,"كميات مختلفة بلا بداية مبكرة: 6/3",2,"2026-08-04:6@2800 | 2026-08-08:3@2800",2800,
8699788750355,"Diasel 10mg/2ml amp",,د — غير محدد,"كميات مختلفة بلا بداية مبكرة: 20/30",2,"2026-08-04:20@731 | 2026-08-17:30@731",731,
6251106806070,"Newstar 160/10mg tab",,د — غير محدد,"كميات مختلفة بلا بداية مبكرة: 8/12",2,"2026-08-04:8@3324 | 2026-08-05:12@3323",3323,
6251161030205,"Dcol oral drop",,د — غير محدد,"كميات مختلفة بلا بداية مبكرة: 1/3",2,"2026-08-05:1@5004 | 2026-08-23:3@5003",5003,
Optilone drop,"Optilone drop",,د — غير محدد,"كميات مختلفة بلا بداية مبكرة: 1/2",2,"2026-08-05:1@2660 | 2026-08-30:2@2630",2630,
6281102231675,"Zeta-cort cream",,د — غير محدد,"كميات مختلفة بلا بداية مبكرة: 2/10",2,"2026-08-05:2@2633 | 2026-08-17:10@2633",2633,
samalafil,"samalafil 20mg tab",,د — غير محدد,"كميات مختلفة بلا بداية مبكرة: 5/3",2,"2026-08-07:5@1675 | 2026-08-07:3@1506",1506,
8809416470245,"Acne pimple master patch cosrx",,د — غير محدد,"كميات مختلفة بلا بداية مبكرة: 10/5",2,"2026-08-09:10@3795 | 2026-08-23:5@4523",4523,
6285147000074,"Artiz ",,د — غير محدد,"كميات مختلفة بلا بداية مبكرة: 6/2",2,"2026-08-09:6@1646 | 2026-09-14:2@1650",1650,
5702191018196,"Fucidin H cream",,د — غير محدد,"كميات مختلفة بلا بداية مبكرة: 2/1",2,"2026-08-10:2@11250 | 2026-08-23:1@11160",11160,
6251651002835,"Diotril 50mg tab",,د — غير محدد,"كميات مختلفة بلا بداية مبكرة: 6/3",2,"2026-08-10:6@10120 | 2026-08-19:3@10123",10123,
6281001101192,"c;gate white",,د — غير محدد,"كميات مختلفة بلا بداية مبكرة: 3/6",2,"2026-08-11:3@1900 | 2026-08-24:6@1778",1778,
8699525162564,"Dagastrol 30mg",,د — غير محدد,"كميات مختلفة بلا بداية مبكرة: 2/3",2,"2026-08-11:2@3120 | 2026-09-16:3@3116",3116,
4031571075711,"Onda-Denk 8mg ODT",,د — غير محدد,"كميات مختلفة بلا بداية مبكرة: 1/2",2,"2026-08-12:1@9838 | 2026-08-15:2@9875",9875,
8699508270750,"Maxipen 1000mg IV amp",,د — غير محدد,"كميات مختلفة بلا بداية مبكرة: 5/10",2,"2026-08-13:5@6990 | 2026-09-10:10@6989",6989,
5040273451890,"Paraceta-B tab",,د — غير محدد,"كميات مختلفة بلا بداية مبكرة: 22/121",2,"2026-08-15:22@2500 | 2026-08-26:121@2291",2291,
6251154068017,"Doloraz 400mg cap",,د — غير محدد,"كميات مختلفة بلا بداية مبكرة: 12/48",2,"2026-08-16:12@1371 | 2026-08-17:48@1372",1372,
3806253695157,"Vas-berry sachet",,د — غير محدد,"كميات مختلفة بلا بداية مبكرة: 2/38",2,"2026-08-25:2@900 | 2026-09-13:38@825",825,
HyFresh 10ml Eye drop,"HyFresh 10ml Eye drop",,د — غير محدد,"كميات مختلفة بلا بداية مبكرة: 3/5",2,"2026-08-31:3@5267 | 2026-09-09:5@5266",5266,
Xolamol drop,"Xolamol drop",,د — غير محدد,"كميات مختلفة بلا بداية مبكرة: 1/2",2,"2026-09-08:1@10635 | 2026-09-10:2@10640",10640,
rodogyl,"Rodogyl saint maur",,د — غير محدد,"كميات مختلفة بلا بداية مبكرة: 6/4",2,"2026-09-09:6@5400 | 2026-09-09:4@5400",5400,
8680199009613,"Bivoxa_D drop",,د — غير محدد,"دفعة واحدة خارج نافذة البدايات",1,"2026-05-03:1@12240",12240,
3000702617220,"Gortic 80mg",,د — غير محدد,"دفعة واحدة خارج نافذة البدايات",1,"2026-05-03:6@2650",2650,
Mervelon,"Mervelon.",,د — غير محدد,"دفعة واحدة خارج نافذة البدايات",1,"2026-05-03:2@5220",5220,
6223003975234,"Megafen tab",,د — غير محدد,"دفعة واحدة خارج نافذة البدايات",1,"2026-05-03:1@336",336,
6251651001647,"Herbal cough syrup",,د — غير محدد,"دفعة واحدة خارج نافذة البدايات",1,"2026-05-04:2@2270",2270,
5902706291322,"Purles 132 Smart cream 50ml",,د — غير محدد,"دفعة واحدة خارج نافذة البدايات",1,"2026-05-04:1@25897",25897,
8719244901289,"Exart 80mg",,د — غير محدد,"دفعة واحدة خارج نافذة البدايات",1,"2026-05-04:3@4070",4070,
9504000014100,"AwaNelin",,د — غير محدد,"دفعة واحدة خارج نافذة البدايات",1,"2026-05-04:2@1980",1980,
6251161010153,"Metroza gel",,د — غير محدد,"دفعة واحدة خارج نافذة البدايات",1,"2026-05-04:2@3731",3731,
8683229235389,"Avoferr 40mg Oral Vial",,د — غير محدد,"دفعة واحدة خارج نافذة البدايات",1,"2026-05-04:15@1100",1100,
8906045943062,"Allefex 180mg tap ",,د — غير محدد,"دفعة واحدة خارج نافذة البدايات",1,"2026-05-05:1@1525",1525,
omega3 AG,"omega3 AG",,د — غير محدد,"دفعة واحدة خارج نافذة البدايات",1,"2026-05-05:1@10972",10972,
8809416471112,"Salicylic acid daily 150ml",,د — غير محدد,"دفعة واحدة خارج نافذة البدايات",1,"2026-05-05:2@12000",12000,
3594455800010,"Vastarel MR tab",,د — غير محدد,"دفعة واحدة خارج نافذة البدايات",1,"2026-05-05:3@6750",6750,
9502930975294,"Parodontax",,د — غير محدد,"دفعة واحدة خارج نافذة البدايات",1,"2026-05-06:1@5070",5070,
D-Life,"D-Life 300000IU\ml",,د — غير محدد,"دفعة واحدة خارج نافذة البدايات",1,"2026-05-06:16@1250",1250,
5010957838934,"D-way D3 50.000iu ",,د — غير محدد,"دفعة واحدة خارج نافذة البدايات",1,"2026-05-06:7@7700",7700,
5000167090192,"Strepsils extra",,د — غير محدد,"دفعة واحدة خارج نافذة البدايات",1,"2026-05-09:2@1839",1839,
4019338609645,"Librax 5/2.5mg",,د — غير محدد,"دفعة واحدة خارج نافذة البدايات",1,"2026-05-10:2@7150",7150,
08964002070411,"It-cap 100mg cap",,د — غير محدد,"دفعة واحدة خارج نافذة البدايات",1,"2026-05-10:11@4230",4230,
8720689009850,"حلمة مميه افينت",,د — غير محدد,"دفعة واحدة خارج نافذة البدايات",1,"2026-05-10:3@3190",3190,
8684543715007,"MAXX COLLAGEN SYRP",,د — غير محدد,"دفعة واحدة خارج نافذة البدايات",1,"2026-05-10:1@32340",32340,
5026143989199,"eVENING PRIMROSE 500MG",,د — غير محدد,"دفعة واحدة خارج نافذة البدايات",1,"2026-05-11:1@10920",10920,
MPI-VOMI,"Vomiron syr",,د — غير محدد,"دفعة واحدة خارج نافذة البدايات",1,"2026-05-11:5@1650",1650,
6251875001621,"Acilox plus tab",,د — غير محدد,"دفعة واحدة خارج نافذة البدايات",1,"2026-05-11:6@468",468,
Evining pill,"Evining pill",,د — غير محدد,"دفعة واحدة خارج نافذة البدايات",1,"2026-05-11:4@5585",5585,
Xarelto 10MG,"Xarelto 10MG",,د — غير محدد,"دفعة واحدة خارج نافذة البدايات",1,"2026-05-11:1@35722",35722,
8901111350133,"Novaten 100",,د — غير محدد,"دفعة واحدة خارج نافذة البدايات",1,"2026-05-11:4@358",358,
8681116613067,"Permethrine 2.5% 30ml Cream",,د — غير محدد,"دفعة واحدة خارج نافذة البدايات",1,"2026-05-11:4@2100",2100,
9641996013110,"Safadol Child syr",,د — غير محدد,"دفعة واحدة خارج نافذة البدايات",1,"2026-05-11:1@1584",1584,
5000456065306,"Kombiglyze XR 5\1000",,د — غير محدد,"دفعة واحدة خارج نافذة البدايات",1,"2026-05-11:4@11500",11500,
6251875001010,"Piostan 50mg/5ml syr",,د — غير محدد,"دفعة واحدة خارج نافذة البدايات",1,"2026-05-12:3@1349",1349,
680080318004020,"RENEIH KINDI",,د — غير محدد,"دفعة واحدة خارج نافذة البدايات",1,"2026-05-12:8@486",486,
5901761967944,"EVELINE REVITALIUM 25% 75ML",,د — غير محدد,"دفعة واحدة خارج نافذة البدايات",1,"2026-05-12:1@5650",5650,
3701129800096,"Bioderma Pigmentbio",,د — غير محدد,"دفعة واحدة خارج نافذة البدايات",1,"2026-05-12:1@29750",29750,
6215468498793,"CLOTRIMAZOLE  POWDER ",,د — غير محدد,"دفعة واحدة خارج نافذة البدايات",1,"2026-05-12:1@1358",1358,
3337875543248,"VICHY MINERAL 89",,د — غير محدد,"دفعة واحدة خارج نافذة البدايات",1,"2026-05-12:1@35500",35500,
SELSUN LOTION,"SULSUN LOTION ",,د — غير محدد,"دفعة واحدة خارج نافذة البدايات",1,"2026-05-13:1@3382",3382,
500,"500",,د — غير محدد,"دفعة واحدة خارج نافذة البدايات",1,"2026-05-13:612@350",350,
8901117321434,"flazole vial",,د — غير محدد,"دفعة واحدة خارج نافذة البدايات",1,"2026-05-14:1@910",910,
8683744497866,"C-ZINC SYRUP",,د — غير محدد,"دفعة واحدة خارج نافذة البدايات",1,"2026-05-14:1@10470",10470,
XALATAN  0.005 DROP,"Xalatan 0.005% eye drop",,د — غير محدد,"دفعة واحدة خارج نافذة البدايات",1,"2026-05-14:2@16853",16853,
6291103402202,"TURE TRIP لاصق جروح",,د — غير محدد,"دفعة واحدة خارج نافذة البدايات",1,"2026-05-14:4@905",905,
6291103402219,"TURE TRIP لاصق جروح متنوعه",,د — غير محدد,"دفعة واحدة خارج نافذة البدايات",1,"2026-05-14:6@905",905,
6291103402257,"ture trip لصقة جروح حساسه",,د — غير محدد,"دفعة واحدة خارج نافذة البدايات",1,"2026-05-14:8@905",905,
6291103402226,"لصقة جروح نسيج ture trip",,د — غير محدد,"دفعة واحدة خارج نافذة البدايات",1,"2026-05-14:7@905",905,
6291103402240,"TURE TRIP لاصق جروح اطفال ",,د — غير محدد,"دفعة واحدة خارج نافذة البدايات",1,"2026-05-14:6@849",849,
8904492707565,"gynofoam intimate cleanser ",,د — غير محدد,"دفعة واحدة خارج نافذة البدايات",1,"2026-05-14:5@5000",5000,
8904492707541,"gynofoam with vitamin ",,د — غير محدد,"دفعة واحدة خارج نافذة البدايات",1,"2026-05-14:4@5629",5629,
3664798012804,"clexan 6000 ",,د — غير محدد,"دفعة واحدة خارج نافذة البدايات",1,"2026-05-14:4@9165",9165,
087614115214,"potassium aspartate ",,د — غير محدد,"دفعة واحدة خارج نافذة البدايات",1,"2026-05-15:2@17330",17330,
8680701242248,"joint care plus",,د — غير محدد,"دفعة واحدة خارج نافذة البدايات",1,"2026-05-15:8@6500",6500,
6291100081141,"Enoxirt 1g IM",,د — غير محدد,"دفعة واحدة خارج نافذة البدايات",1,"2026-05-16:11@2630",2630,
8901302054727,"Fexofast-120mg tab",,د — غير محدد,"دفعة واحدة خارج نافذة البدايات",1,"2026-05-16:2@1960",1960,
8683229235457,"GHR syr AVO",,د — غير محدد,"دفعة واحدة خارج نافذة البدايات",1,"2026-05-16:1@14250",14250,
933083762,"Visinal cap",,د — غير محدد,"دفعة واحدة خارج نافذة البدايات",1,"2026-05-16:2@6995",6995,
8719244902354,"Exsartazide 160\25",,د — غير محدد,"دفعة واحدة خارج نافذة البدايات",1,"2026-05-16:3@4750",4750,
8906113372015,"OCEAXIT CARE",,د — غير محدد,"دفعة واحدة خارج نافذة البدايات",1,"2026-05-16:1@2400",2400,
6221094081636,"Prevet 120ml syr",,د — غير محدد,"دفعة واحدة خارج نافذة البدايات",1,"2026-05-16:3@1737",1737,
8720689009669,"AVENT ANTI COLIC",,د — غير محدد,"دفعة واحدة خارج نافذة البدايات",1,"2026-05-17:2@11825",11825,
6953395501833,"silkzincoxide",,د — غير محدد,"دفعة واحدة خارج نافذة البدايات",1,"2026-05-17:10@700",700,
6953395501857,"silk zincoxide ",,د — غير محدد,"دفعة واحدة خارج نافذة البدايات",1,"2026-05-17:3@1260",1260,
6953395501840,"pipal tree 5",,د — غير محدد,"دفعة واحدة خارج نافذة البدايات",1,"2026-05-17:4@70",70,
6251151000348,"ciprocin eye drop",,د — غير محدد,"دفعة واحدة خارج نافذة البدايات",1,"2026-05-17:1@4400",4400,
9504000087890,"Drycough Awa",,د — غير محدد,"دفعة واحدة خارج نافذة البدايات",1,"2026-05-17:2@1580",1580,
8699525752253,"Dikloron 75mg/3ml amp",,د — غير محدد,"دفعة واحدة خارج نافذة البدايات",1,"2026-05-17:77@500",500,
Viagrtaba 100mg,"Viagrtaba 100mg",,د — غير محدد,"دفعة واحدة خارج نافذة البدايات",1,"2026-05-17:8@1981",1981,
300846090044,"Antipyrol syr",,د — غير محدد,"دفعة واحدة خارج نافذة البدايات",1,"2026-05-18:3@960",960,
308700701002008,"Broncophylin syr.",,د — غير محدد,"دفعة واحدة خارج نافذة البدايات",1,"2026-05-18:4@1162",1162,
diclofenac sodium amp gland,"diclofenac sodium amp gland",,د — غير محدد,"دفعة واحدة خارج نافذة البدايات",1,"2026-05-18:20@110",110,
6211245524006,"NO LICE shampoo",,د — غير محدد,"دفعة واحدة خارج نافذة البدايات",1,"2026-05-18:2@2079",2079,
8034140140052,"SiderAL drop",,د — غير محدد,"دفعة واحدة خارج نافذة البدايات",1,"2026-05-18:1@10960",10960,
Panadol cold&flu all in one,"Panadol cold&flu all in one",,د — غير محدد,"دفعة واحدة خارج نافذة البدايات",1,"2026-05-18:1@2085",2085,
9641996011116,"Tussicure syr",,د — غير محدد,"دفعة واحدة خارج نافذة البدايات",1,"2026-05-18:1@1320",1320,
8698712454833,"Germ X",,د — غير محدد,"دفعة واحدة خارج نافذة البدايات",1,"2026-05-18:2@5940",5940,
6215731332014,"Falez cream",,د — غير محدد,"دفعة واحدة خارج نافذة البدايات",1,"2026-05-18:3@1560",1560,
5285008937557,"Mio skin acne cleanser",,د — غير محدد,"دفعة واحدة خارج نافذة البدايات",1,"2026-05-19:1@7363",7363,
6223013531079,"sensodyne complet 75 ml",,د — غير محدد,"دفعة واحدة خارج نافذة البدايات",1,"2026-05-20:2@3713",3713,
8906120316286,"tamoxifen wise 20mg ",,د — غير محدد,"دفعة واحدة خارج نافذة البدايات",1,"2026-05-21:6@4317",4317,
All in one,"panadol all in one ",,د — غير محدد,"دفعة واحدة خارج نافذة البدايات",1,"2026-05-23:6@2087",2087,
5464344520535,"فرشاة تنظيف مميات",,د — غير محدد,"دفعة واحدة خارج نافذة البدايات",1,"2026-05-23:1@1110",1110,
5281018001240," فراولة Beesline lip car",,د — غير محدد,"دفعة واحدة خارج نافذة البدايات",1,"2026-05-23:1@4000",4000,
aspineas tab,"aspineas tab",,د — غير محدد,"دفعة واحدة خارج نافذة البدايات",1,"2026-05-23:10@140",140,
8809576261172,"Centella Capsule 100ml amp",,د — غير محدد,"دفعة واحدة خارج نافذة البدايات",1,"2026-05-23:1@17110",17110,
6953350930067,"lipe palm",,د — غير محدد,"دفعة واحدة خارج نافذة البدايات",1,"2026-05-23:36@118",118,
9554100191072,"royal honey",,د — غير محدد,"دفعة واحدة خارج نافذة البدايات",1,"2026-05-23:10@1641",1641,
ketro aqmp,"ketro amp",,د — غير محدد,"دفعة واحدة خارج نافذة البدايات",1,"2026-05-23:4@1534",1534,
Etumax,"Etumax",,د — غير محدد,"دفعة واحدة خارج نافذة البدايات",1,"2026-05-24:47@896",896,
89023999884359,"Metharan N drop",,د — غير محدد,"دفعة واحدة خارج نافذة البدايات",1,"2026-05-24:2@1756",1756,
6210872086420,"Beta-Salic 30ml sol",,د — غير محدد,"دفعة واحدة خارج نافذة البدايات",1,"2026-05-24:3@3292",3292,
Cefotaxime IM,"Cefotaxime IM",,د — غير محدد,"دفعة واحدة خارج نافذة البدايات",1,"2026-05-24:3@3292",3292,
5012251011341,"Interdental brushes 0.45",,د — غير محدد,"دفعة واحدة خارج نافذة البدايات",1,"2026-05-24:2@2632",2632,
2025010609065,"furalgin forte 500mg tab",,د — غير محدد,"دفعة واحدة خارج نافذة البدايات",1,"2026-05-24:107@250",250,
8906161742884,"Pacilav 1g tab",,د — غير محدد,"دفعة واحدة خارج نافذة البدايات",1,"2026-05-24:3@250",250,
furagesic,"furagesic tab",,د — غير محدد,"دفعة واحدة خارج نافذة البدايات",1,"2026-05-24:93@250",250,
ciprox,"ciprox  500 tab",,د — غير محدد,"دفعة واحدة خارج نافذة البدايات",1,"2026-05-24:82@250",250,
5206938000197,"Hemafer tab",,د — غير محدد,"دفعة واحدة خارج نافذة البدايات",1,"2026-05-25:4@2195",2195,
8904151826941," Etoricoxib 90tab",,د — غير محدد,"دفعة واحدة خارج نافذة البدايات",1,"2026-05-25:37@6855",6855,
8964003535018,"Savesto 50mg 100tab",,د — غير محدد,"دفعة واحدة خارج نافذة البدايات",1,"2026-05-27:5@9675",9675,
303160227066,"panOxyl 4%",,د — غير محدد,"دفعة واحدة خارج نافذة البدايات",1,"2026-05-27:1@18300",18300,
Dibase 100000IU,"Dibase 100000IU\ml",,د — غير محدد,"دفعة واحدة خارج نافذة البدايات",1,"2026-05-27:3@1353",1353,
8901111175118,"Kamagra 100mg tab",,د — غير محدد,"دفعة واحدة خارج نافذة البدايات",1,"2026-05-27:7@1873",1873,
8433042020842,"Dermofix 20g cream",,د — غير محدد,"دفعة واحدة خارج نافذة البدايات",1,"2026-05-29:2@7200",7200,
8699569750215,"Ferimax amp",,د — غير محدد,"دفعة واحدة خارج نافذة البدايات",1,"2026-05-29:17@351",351,
Esomeprazole 40mg vial,"esomeprazole 40mg vial",,د — غير محدد,"دفعة واحدة خارج نافذة البدايات",1,"2026-05-30:9@4355",4355,
6291109121060,"Centrum WOMEN",,د — غير محدد,"دفعة واحدة خارج نافذة البدايات",1,"2026-05-30:1@16370",16370,
8906113371711,"Ferocen plus amp",,د — غير محدد,"دفعة واحدة خارج نافذة البدايات",1,"2026-05-30:15@200",200,
301002101102017,"Tussinam syr",,د — غير محدد,"دفعة واحدة خارج نافذة البدايات",1,"2026-05-30:10@1220",1220,
5280270045184,"Glycerin lotion 430ml",,د — غير محدد,"دفعة واحدة خارج نافذة البدايات",1,"2026-05-30:2@2870",2870,
8809738316412,"Beuty of joson Green tea serum",,د — غير محدد,"دفعة واحدة خارج نافذة البدايات",1,"2026-05-30:2@14500",14500,
4260393340145,"plaster med ",,د — غير محدد,"دفعة واحدة خارج نافذة البدايات",1,"2026-05-30:3@1899",1899,
769915190311,"Ordinary niacinamide 10%",,د — غير محدد,"دفعة واحدة خارج نافذة البدايات",1,"2026-05-30:1@13500",13500,
Fastum gel,"Fastum gel",,د — غير محدد,"دفعة واحدة خارج نافذة البدايات",1,"2026-05-30:5@3819",3819,
Glucophage Xr 500mg,"Glucophage Xr 500mg",,د — غير محدد,"دفعة واحدة خارج نافذة البدايات",1,"2026-05-30:3@1372",1372,
55200200300517,"Meclokindin syrup ",,د — غير محدد,"دفعة واحدة خارج نافذة البدايات",1,"2026-05-30:9@875",875,
4902470171036,"شفرات للوجه",,د — غير محدد,"دفعة واحدة خارج نافذة البدايات",1,"2026-05-30:4@540",540,
ONDA UR syr,"ONDA UR syr",,د — غير محدد,"دفعة واحدة خارج نافذة البدايات",1,"2026-05-30:10@2883",2883,
7640154981591,"Mera Omega3 + Vitamin E 1000mg",,د — غير محدد,"دفعة واحدة خارج نافذة البدايات",1,"2026-05-30:8@1750",1750,
8684051918846,"avocold cold flu",,د — غير محدد,"دفعة واحدة خارج نافذة البدايات",1,"2026-05-31:40@693",693,
501161350015,"Urokal powder",,د — غير محدد,"دفعة واحدة خارج نافذة البدايات",1,"2026-05-31:1@2090",2090,
6223005441836,"Solofresh drop",,د — غير محدد,"دفعة واحدة خارج نافذة البدايات",1,"2026-05-31:1@4610",4610,
5285006160957,"suldex-B supp",,د — غير محدد,"دفعة واحدة خارج نافذة البدايات",1,"2026-05-31:18@992",992,
Microgynon tab,"Microgynon tab",,د — غير محدد,"دفعة واحدة خارج نافذة البدايات",1,"2026-06-01:8@468",468,
5055565789124,"Furosemide 40mg",,د — غير محدد,"دفعة واحدة خارج نافذة البدايات",1,"2026-06-01:3@1100",1100,
Glucophage 750xr,"Glucophage 750xr",,د — غير محدد,"دفعة واحدة خارج نافذة البدايات",1,"2026-06-01:3@4250",4250,
Spasmomen,"spasmomen 40mg tab",,د — غير محدد,"دفعة واحدة خارج نافذة البدايات",1,"2026-06-01:8@3500",3500,
6285147003730,"Rapidus 50mg tab",,د — غير محدد,"دفعة واحدة خارج نافذة البدايات",1,"2026-06-01:4@1225",1225,
6221151000891,"Farcolin 20ml solution",,د — غير محدد,"دفعة واحدة خارج نافذة البدايات",1,"2026-06-01:1@2670",2670,
8901302100608,"Hipril-A tab",,د — غير محدد,"دفعة واحدة خارج نافذة البدايات",1,"2026-06-01:5@424",424,
Betafos amp,"Betafos amp",,د — غير محدد,"دفعة واحدة خارج نافذة البدايات",1,"2026-06-01:2@2016",2016,
8901302098226,"Esofage 20mg",,د — غير محدد,"دفعة واحدة خارج نافذة البدايات",1,"2026-06-01:8@321",321,
8901302098233,"Esofage 40mg",,د — غير محدد,"دفعة واحدة خارج نافذة البدايات",1,"2026-06-01:8@487",487,
8682974982043,"Powerland oral vial",,د — غير محدد,"دفعة واحدة خارج نافذة البدايات",1,"2026-06-01:163@1500",1500,
8906148421887,"Phenagone syr",,د — غير محدد,"دفعة واحدة خارج نافذة البدايات",1,"2026-06-01:4@340",340,
6210872046585,"Beta-Salic 30ml oint",,د — غير محدد,"دفعة واحدة خارج نافذة البدايات",1,"2026-06-02:1@3292",3292,
6290202588107,"alcohol spray",,د — غير محدد,"دفعة واحدة خارج نافذة البدايات",1,"2026-06-02:11@710",710,
5012345624907,"Colorax tab",,د — غير محدد,"دفعة واحدة خارج نافذة البدايات",1,"2026-06-03:113@2125",2125,
6223013103764,"milga advance tab",,د — غير محدد,"دفعة واحدة خارج نافذة البدايات",1,"2026-06-03:7@3583",3583,
5021265221608,"cardioace",,د — غير محدد,"دفعة واحدة خارج نافذة البدايات",1,"2026-06-03:2@7976",7976,
Dibase300000IU\ml,"Dibase 100000IU\ml",,د — غير محدد,"دفعة واحدة خارج نافذة البدايات",1,"2026-06-04:10@4663",4663,
100888220030,"Butadin syrp",,د — غير محدد,"دفعة واحدة خارج نافذة البدايات",1,"2026-06-04:4@899",899,
8852961013252,"playboy ultra thin",,د — غير محدد,"دفعة واحدة خارج نافذة البدايات",1,"2026-06-04:2@3740",3740,
playboy,"playboy Paradise",,د — غير محدد,"دفعة واحدة خارج نافذة البدايات",1,"2026-06-04:2@3850",3850,
771313232067,"Apo-Rosuvaststin 20mg",,د — غير محدد,"دفعة واحدة خارج نافذة البدايات",1,"2026-06-04:3@4431",4431,
8053259620507,"Apital 150ml syr",,د — غير محدد,"دفعة واحدة خارج نافذة البدايات",1,"2026-06-04:2@12275",12275,
8906113370714,"PROGECEN-50 AMP",,د — غير محدد,"دفعة واحدة خارج نافذة البدايات",1,"2026-06-04:5@726",726,
609788968092,"Mfs plus cap",,د — غير محدد,"دفعة واحدة خارج نافذة البدايات",1,"2026-06-06:1@90000",90000,
lyktorol,"lyketorol amp",,د — غير محدد,"دفعة واحدة خارج نافذة البدايات",1,"2026-06-06:13@1070",1070,
Novomix,"NovoMix ",,د — غير محدد,"دفعة واحدة خارج نافذة البدايات",1,"2026-06-07:4@12502",12502,
6251651001807,"salisone oint",,د — غير محدد,"دفعة واحدة خارج نافذة البدايات",1,"2026-06-07:5@2046",2046,
8699578340629,"Dicol 1% gel",,د — غير محدد,"دفعة واحدة خارج نافذة البدايات",1,"2026-06-07:5@2766",2766,
6223007359351,"Artofenac drop",,د — غير محدد,"دفعة واحدة خارج نافذة البدايات",1,"2026-06-07:1@6586",6586,
Diovan 160mg,"Diovan 160mg",,د — غير محدد,"دفعة واحدة خارج نافذة البدايات",1,"2026-06-08:4@5000",5000,
6214283075363,"Gynostrogen 0.625 cream",,د — غير محدد,"دفعة واحدة خارج نافذة البدايات",1,"2026-06-08:1@23000",23000,
5000456078757,"Nolvadex-d",,د — غير محدد,"دفعة واحدة خارج نافذة البدايات",1,"2026-06-08:2@8500",8500,
3665763355896,"Doliprane 1000mg tab",,د — غير محدد,"دفعة واحدة خارج نافذة البدايات",1,"2026-06-08:3@175",175,
8904472100478,"gentamicin eye oint",,د — غير محدد,"دفعة واحدة خارج نافذة البدايات",1,"2026-06-08:2@1180",1180,
8906045949613,"Tetracycline eye oint",,د — غير محدد,"دفعة واحدة خارج نافذة البدايات",1,"2026-06-08:3@1250",1250,
6291103730138,"Glomox 500mg",,د — غير محدد,"دفعة واحدة خارج نافذة البدايات",1,"2026-06-08:93@100",100,
9780201379440,"Omega3 sea",,د — غير محدد,"دفعة واحدة خارج نافذة البدايات",1,"2026-06-08:2@3733",3733,
Diane35,"Diane35",,د — غير محدد,"دفعة واحدة خارج نافذة البدايات",1,"2026-06-08:2@7703",7703,
evening pill,"eveninig pill",,د — غير محدد,"دفعة واحدة خارج نافذة البدايات",1,"2026-06-09:1@5742",5742,
7640154981775,"Meratrum B Complex ",,د — غير محدد,"دفعة واحدة خارج نافذة البدايات",1,"2026-06-09:4@1742",1742,
6223005445902,"Trillerg eye drop",,د — غير محدد,"دفعة واحدة خارج نافذة البدايات",1,"2026-06-09:2@2880",2880,
8682005385584,"eros rozanz",,د — غير محدد,"دفعة واحدة خارج نافذة البدايات",1,"2026-06-09:1@3249",3249,
6251060004222,"BEBE calme syr",,د — غير محدد,"دفعة واحدة خارج نافذة البدايات",1,"2026-06-10:3@4275",4275,
8901138030711,"Systone TM",,د — غير محدد,"دفعة واحدة خارج نافذة البدايات",1,"2026-06-10:3@6802",6802,
5060806460359,"Energized calcium tab",,د — غير محدد,"دفعة واحدة خارج نافذة البدايات",1,"2026-06-10:2@5625",5625,
Pulmocod syr,"Pulmocod syr",,د — غير محدد,"دفعة واحدة خارج نافذة البدايات",1,"2026-06-10:2@2068",2068,
9504000087869,"Albenzol-s awa syr",,د — غير محدد,"دفعة واحدة خارج نافذة البدايات",1,"2026-06-10:3@870",870,
370002200801013,"calcium-Kindi tab",,د — غير محدد,"دفعة واحدة خارج نافذة البدايات",1,"2026-06-10:10@300",300,
8699569090564,"Diloxol tab",,د — غير محدد,"دفعة واحدة خارج نافذة البدايات",1,"2026-06-10:2@9217",9217,
1500,"1500",,د — غير محدد,"دفعة واحدة خارج نافذة البدايات",1,"2026-06-11:945@1000",1000,
3760074270491,"Floxia Osmosia deep moisturizing gel 125ml",,د — غير محدد,"دفعة واحدة خارج نافذة البدايات",1,"2026-06-11:1@15761",15761,
hidrocil filac drop,"hidrocil filac drop",,د — غير محدد,"دفعة واحدة خارج نافذة البدايات",1,"2026-06-11:1@9720",9720,
8902399003964,"Diclobrawn gel",,د — غير محدد,"دفعة واحدة خارج نافذة البدايات",1,"2026-06-13:6@1330",1330,
9641996041717,"Safalax 10mg tab",,د — غير محدد,"دفعة واحدة خارج نافذة البدايات",1,"2026-06-13:3@1530",1530,
6295143000824,"Sarfast 180mg",,د — غير محدد,"دفعة واحدة خارج نافذة البدايات",1,"2026-06-13:1@3080",3080,
3664798019735,"depakine 200",,د — غير محدد,"دفعة واحدة خارج نافذة البدايات",1,"2026-06-13:1@4470",4470,
6291100087976,"dandasha 20mg",,د — غير محدد,"دفعة واحدة خارج نافذة البدايات",1,"2026-06-13:1@8778",8778,
4005900088413,"Nivea men roll",,د — غير محدد,"دفعة واحدة خارج نافذة البدايات",1,"2026-06-13:2@2680",2680,
611851290139,"Hero care silk ",,د — غير محدد,"دفعة واحدة خارج نافذة البدايات",1,"2026-06-13:6@1370",1370,
Acretin0.05%,"Acretin0.05%",,د — غير محدد,"دفعة واحدة خارج نافذة البدايات",1,"2026-06-13:2@4169",4169,
4009932923537,"A-Z Depot tab",,د — غير محدد,"دفعة واحدة خارج نافذة البدايات",1,"2026-06-13:4@2930",2930,
Controloc40mgtab,"Controloc40mgtab",,د — غير محدد,"دفعة واحدة خارج نافذة البدايات",1,"2026-06-13:1@10246",10246,
4016369546505,"Lacalut  aktiv Mouth wash",,د — غير محدد,"دفعة واحدة خارج نافذة البدايات",1,"2026-06-13:2@9181",9181,
6211164020375,"Spasmocholonase tab",,د — غير محدد,"دفعة واحدة خارج نافذة البدايات",1,"2026-06-13:2@2460",2460,
6210338011812,"Zomitan 2.5",,د — غير محدد,"دفعة واحدة خارج نافذة البدايات",1,"2026-06-13:1@4025",4025,
Dibase 300.000iu,"Dibase 300.000iu",,د — غير محدد,"دفعة واحدة خارج نافذة البدايات",1,"2026-06-14:1@4663",4663,
3582910077558,"lasix 20mg amp",,د — غير محدد,"دفعة واحدة خارج نافذة البدايات",1,"2026-06-14:10@1018",1018,
8719244901784,"Rovast 20mg tab",,د — غير محدد,"دفعة واحدة خارج نافذة البدايات",1,"2026-06-14:7@5100",5100,
Trium free drop,"trium free drop",,د — غير محدد,"دفعة واحدة خارج نافذة البدايات",1,"2026-06-14:1@23674",23674,
8681735790163,"Omex 40mg iv vial",,د — غير محدد,"دفعة واحدة خارج نافذة البدايات",1,"2026-06-14:2@3300",3300,
6221032113429,"Isosorbide Dinitrare 10mg tab",,د — غير محدد,"دفعة واحدة خارج نافذة البدايات",1,"2026-06-15:5@870",870,
Ceftriaxone Im,"Ceftriaxone IM LDP",,د — غير محدد,"دفعة واحدة خارج نافذة البدايات",1,"2026-06-15:10@3844",3844,
4031571076619,"Levo-Denk 500mg tab",,د — غير محدد,"دفعة واحدة خارج نافذة البدايات",1,"2026-06-15:2@13294",13294,
5056227207659,"Zestril 5mg tab",,د — غير محدد,"دفعة واحدة خارج نافذة البدايات",1,"2026-06-15:4@3100",3100,
8680199003932,"Slezol Fort eye drop",,د — غير محدد,"دفعة واحدة خارج نافذة البدايات",1,"2026-06-16:2@10281",10281,
6291103402370,"wound dressing 10+30",,د — غير محدد,"دفعة واحدة خارج نافذة البدايات",1,"2026-06-16:12@562",562,
6629384637035,"aveat مميه",,د — غير محدد,"دفعة واحدة خارج نافذة البدايات",1,"2026-06-16:1@1490",1490,
8690712019784,"Magnessium glycerophosphate",,د — غير محدد,"دفعة واحدة خارج نافذة البدايات",1,"2026-06-17:3@5580",5580,
6211170071392,"Retane 5mg",,د — غير محدد,"دفعة واحدة خارج نافذة البدايات",1,"2026-06-17:5@3210",3210,
8433042020194,"Somazina 1000mg sachet",,د — غير محدد,"دفعة واحدة خارج نافذة البدايات",1,"2026-06-17:6@3988",3988,
8699569750185,"Zeloxim amp",,د — غير محدد,"دفعة واحدة خارج نافذة البدايات",1,"2026-06-17:4@686",686,
8699525044013,"Pandev 20mg tab",,د — غير محدد,"دفعة واحدة خارج نافذة البدايات",1,"2026-06-17:5@1272",1272,
5021265254491,"Ultra magnesium",,د — غير محدد,"دفعة واحدة خارج نافذة البدايات",1,"2026-06-17:5@1158",1158,
6221508019613,"Alertam 180mg tab",,د — غير محدد,"دفعة واحدة خارج نافذة البدايات",1,"2026-06-18:28@1383",1383,
6221508200516,"Miconaz oral 20g gel",,د — غير محدد,"دفعة واحدة خارج نافذة البدايات",1,"2026-06-18:8@1668",1668,
7515221892127,"Citro D3 300,000IU 1amp",,د — غير محدد,"دفعة واحدة خارج نافذة البدايات",1,"2026-06-18:42@1650",1650,
6251159062072,"Edarbyclor 40\12.5",,د — غير محدد,"دفعة واحدة خارج نافذة البدايات",1,"2026-06-18:8@8689",8689,
100956200018,"medazole 500",,د — غير محدد,"دفعة واحدة خارج نافذة البدايات",1,"2026-06-18:3@430",430,
6221079000218,"zithroriv syrp",,د — غير محدد,"دفعة واحدة خارج نافذة البدايات",1,"2026-06-18:7@2424",2424,
6251065013632,"zomzx syrp",,د — غير محدد,"دفعة واحدة خارج نافذة البدايات",1,"2026-06-18:3@3292",3292,
8699525043931,"Pandev 40mg tab",,د — غير محدد,"دفعة واحدة خارج نافذة البدايات",1,"2026-06-19:6@2085",2085,
6291100781560,"medacin t ",,د — غير محدد,"دفعة واحدة خارج نافذة البدايات",1,"2026-06-19:3@4389",4389,
6251151002687,"Linda soulutin",,د — غير محدد,"دفعة واحدة خارج نافذة البدايات",1,"2026-06-19:5@5490",5490,
5011451103863,"simple refreshing facial wash ",,د — غير محدد,"دفعة واحدة خارج نافذة البدايات",1,"2026-06-20:2@4930",4930,
D-life,"D-Life 300000IU\ml",,د — غير محدد,"دفعة واحدة خارج نافذة البدايات",1,"2026-06-20:46@1250",1250,
5294271160319,"Kamdmiron 0.5\0.4mg tap",,د — غير محدد,"دفعة واحدة خارج نافذة البدايات",1,"2026-06-21:1@30900",30900,
8680923354262,"dr clinic لاصق حب شباب",,د — غير محدد,"دفعة واحدة خارج نافذة البدايات",1,"2026-06-21:1@4487",4487,
5000146055853,"veet strip",,د — غير محدد,"دفعة واحدة خارج نافذة البدايات",1,"2026-06-21:3@5000",5000,
Elica crem,"Elica crem",,د — غير محدد,"دفعة واحدة خارج نافذة البدايات",1,"2026-06-21:3@4828",4828,
5060098730475,"Sunys 20/75 coated tab",,د — غير محدد,"دفعة واحدة خارج نافذة البدايات",1,"2026-06-21:8@6130",6130,
8680525622905,"povidone iodine 100ml solution",,د — غير محدد,"دفعة واحدة خارج نافذة البدايات",1,"2026-06-22:5@1346",1346,
84011975,"Omega Crest",,د — غير محدد,"دفعة واحدة خارج نافذة البدايات",1,"2026-06-22:27@1833",1833,
5061003690686,"Nurobtin tab",,د — غير محدد,"دفعة واحدة خارج نافذة البدايات",1,"2026-06-22:18@6500",6500,
6936461325427,"Radian ZG cream",,د — غير محدد,"دفعة واحدة خارج نافذة البدايات",1,"2026-06-22:5@1080",1080,
Cooling patch,"Cooling patch",,د — غير محدد,"دفعة واحدة خارج نافذة البدايات",1,"2026-06-22:6@700",700,
5000456065283,"Kombiglyze XR 2.5/1000mg",,د — غير محدد,"دفعة واحدة خارج نافذة البدايات",1,"2026-06-22:8@5750",5750,
6251651001951,"Metazone cream",,د — غير محدد,"دفعة واحدة خارج نافذة البدايات",1,"2026-06-22:2@2650",2650,
6300900000198,"Canditrim creem1%",,د — غير محدد,"دفعة واحدة خارج نافذة البدايات",1,"2026-06-22:2@2270",2270,
8683744497026,"Mir-Hans tab",,د — غير محدد,"دفعة واحدة خارج نافذة البدايات",1,"2026-06-22:1@17640",17640,
9504000088644,"Fusidat cream",,د — غير محدد,"دفعة واحدة خارج نافذة البدايات",1,"2026-06-22:1@2040",2040,
8904472100270,"paracetamol INJ ",,د — غير محدد,"دفعة واحدة خارج نافذة البدايات",1,"2026-06-23:20@470",470,
6118000013259,"Diamox 250mg tab",,د — غير محدد,"دفعة واحدة خارج نافذة البدايات",1,"2026-06-23:3@7833",7833,
6221025004833,"Apidone syrp",,د — غير محدد,"دفعة واحدة خارج نافذة البدايات",1,"2026-06-23:2@4250",4250,
5096091333825,"Tempratol drops",,د — غير محدد,"دفعة واحدة خارج نافذة البدايات",1,"2026-06-23:3@2000",2000,
5280133701004,"Geisha cream",,د — غير محدد,"دفعة واحدة خارج نافذة البدايات",1,"2026-06-23:1@11380",11380,
presol 5mg,"presol 5mg",,د — غير محدد,"دفعة واحدة خارج نافذة البدايات",1,"2026-06-23:11@572",572,
5281018093320,"Beesline lip care",,د — غير محدد,"دفعة واحدة خارج نافذة البدايات",1,"2026-06-23:2@3456",3456,
5081234567830,"Febaz 40mg ",,د — غير محدد,"دفعة واحدة خارج نافذة البدايات",1,"2026-06-23:12@2557",2557,
8682520190830,"aquanza cream",,د — غير محدد,"دفعة واحدة خارج نافذة البدايات",1,"2026-06-23:4@3333",3333,
89023990049139,"fucibran cream ",,د — غير محدد,"دفعة واحدة خارج نافذة البدايات",1,"2026-06-23:5@1536",1536,
6291100785261,"loflam tab",,د — غير محدد,"دفعة واحدة خارج نافذة البدايات",1,"2026-06-23:6@2414",2414,
6221508163118,"Xoraxon 1g I.V",,د — غير محدد,"دفعة واحدة خارج نافذة البدايات",1,"2026-06-24:7@2524",2524,
Ryzodeg flexpen,"Ryzodeg flexpen",,د — غير محدد,"دفعة واحدة خارج نافذة البدايات",1,"2026-06-24:5@29200",29200,
Centrum tab,"Centrum tab",,د — غير محدد,"دفعة واحدة خارج نافذة البدايات",1,"2026-06-24:1@17000",17000,
6221035406085,"Tussivan 125ml syr",,د — غير محدد,"دفعة واحدة خارج نافذة البدايات",1,"2026-06-24:1@3500",3500,
6261670805836,"Fish 240ml",,د — غير محدد,"دفعة واحدة خارج نافذة البدايات",1,"2026-06-24:4@3219",3219,
6945449389740,"fish 150ml glass",,د — غير محدد,"دفعة واحدة خارج نافذة البدايات",1,"2026-06-24:3@1450",1450,
Ceftazidime IM," Ceftazidime IM",,د — غير محدد,"دفعة واحدة خارج نافذة البدايات",1,"2026-06-25:10@5048",5048,
Amaryl 6mg,"amaryl6mg",,د — غير محدد,"دفعة واحدة خارج نافذة البدايات",1,"2026-06-25:2@6500",6500,
V5ZFFU,"سرنجة انسولين 1ml",,د — غير محدد,"دفعة واحدة خارج نافذة البدايات",1,"2026-06-25:5@2020",2020,
300841050043,"tussiram syrp",,د — غير محدد,"دفعة واحدة خارج نافذة البدايات",1,"2026-06-25:3@1484",1484,
9504000430009,"normal saline 500ml",,د — غير محدد,"دفعة واحدة خارج نافذة البدايات",1,"2026-06-25:8@662",662,
6291103842237,"empazin-L 25\5",,د — غير محدد,"دفعة واحدة خارج نافذة البدايات",1,"2026-06-25:1@9753",9753,
-03886814,"Skinoren cream",,د — غير محدد,"دفعة واحدة خارج نافذة البدايات",1,"2026-06-27:1@16900",16900,
8720689009997,"Avent ",,د — غير محدد,"دفعة واحدة خارج نافذة البدايات",1,"2026-06-27:2@3712",3712,
6295199811078,"Cosmo Hawaiian dream ",,د — غير محدد,"دفعة واحدة خارج نافذة البدايات",1,"2026-06-27:1@5000",5000,
6295199811146,"Cosmo Berry delight",,د — غير محدد,"دفعة واحدة خارج نافذة البدايات",1,"2026-06-27:1@5000",5000,
5281001313398,"FRSHDAYS GREN",,د — غير محدد,"دفعة واحدة خارج نافذة البدايات",1,"2026-06-27:2@2475",2475,
5281001315644,"FRESHDAYS BLUE",,د — غير محدد,"دفعة واحدة خارج نافذة البدايات",1,"2026-06-27:2@2475",2475,
5281001313428,"FRESHDAYS PINK",,د — غير محدد,"دفعة واحدة خارج نافذة البدايات",1,"2026-06-27:2@2475",2475,
8720689012058,"aVENT +6",,د — غير محدد,"دفعة واحدة خارج نافذة البدايات",1,"2026-06-27:2@4463",4463,
8720689012034,"aVENT +1",,د — غير محدد,"دفعة واحدة خارج نافذة البدايات",1,"2026-06-27:2@8951",8951,
5060464502675,"spironolactone 50mg",,د — غير محدد,"دفعة واحدة خارج نافذة البدايات",1,"2026-06-27:2@9265",9265,
8680923360317,"dr.clinic Intense roughness",,د — غير محدد,"دفعة واحدة خارج نافذة البدايات",1,"2026-06-28:1@10769",10769,
8680923353234,"dr.clinic moisturizing lotion",,د — غير محدد,"دفعة واحدة خارج نافذة البدايات",1,"2026-06-28:1@10769",10769,
8717644328040,"Rexona spray",,د — غير محدد,"دفعة واحدة خارج نافذة البدايات",1,"2026-06-28:2@3080",3080,
6211112010106,"Duvilane 10mg",,د — غير محدد,"دفعة واحدة خارج نافذة البدايات",1,"2026-06-28:4@2000",2000,
3582910077909,"Rodogyl tab",,د — غير محدد,"دفعة واحدة خارج نافذة البدايات",1,"2026-06-28:2@3500",3500,
4031571077838,"Axaban-Denk 2.5mg",,د — غير محدد,"دفعة واحدة خارج نافذة البدايات",1,"2026-06-28:3@17719",17719,
6251651000596,"Cyprodad 100ml syr",,د — غير محدد,"دفعة واحدة خارج نافذة البدايات",1,"2026-06-29:5@1000",1000,
378500300202014,"Duspaline 135mg",,د — غير محدد,"دفعة واحدة خارج نافذة البدايات",1,"2026-06-29:9@1200",1200,
6291103841698,"Zuloxet 30mg tab",,د — غير محدد,"دفعة واحدة خارج نافذة البدايات",1,"2026-06-29:2@4977",4977,
8902399003490,"Quatrobrawn cream ",,د — غير محدد,"دفعة واحدة خارج نافذة البدايات",1,"2026-06-29:7@1098",1098,
7640153082701,"Metracin 50Mg",,د — غير محدد,"دفعة واحدة خارج نافذة البدايات",1,"2026-06-29:6@2414",2414,
Lipitor 40mg,"Lipitor 40mg",,د — غير محدد,"دفعة واحدة خارج نافذة البدايات",1,"2026-06-29:3@10300",10300,
8699514096535,"epixx 500mg",,د — غير محدد,"دفعة واحدة خارج نافذة البدايات",1,"2026-06-30:4@5300",5300,
8901302097175,"Divon 30g gel",,د — غير محدد,"دفعة واحدة خارج نافذة البدايات",1,"2026-06-30:8@1850",1850,
5010622005012,"oral-b",,د — غير محدد,"دفعة واحدة خارج نافذة البدايات",1,"2026-06-30:1@2193",2193,
8699525095756,"doxafin tab",,د — غير محدد,"دفعة واحدة خارج نافذة البدايات",1,"2026-06-30:6@1097",1097,
9504000430023,"ringer sol ",,د — غير محدد,"دفعة واحدة خارج نافذة البدايات",1,"2026-06-30:7@685",685,
785714034885,"Omega-3 Fish Oil cap",,د — غير محدد,"دفعة واحدة خارج نافذة البدايات",1,"2026-06-30:3@6584",6584,
9645500000559,"quadroderm cream 15g",,د — غير محدد,"دفعة واحدة خارج نافذة البدايات",1,"2026-06-30:10@1217",1217,
8901111263129,"apifen 200mg tab ajanta",,د — غير محدد,"دفعة واحدة خارج نافذة البدايات",1,"2026-06-30:20@274",274,
6251875002345,"Ursocholin 300mg tab",,د — غير محدد,"دفعة واحدة خارج نافذة البدايات",1,"2026-06-30:5@2415",2415,
6251653300601,"Senergy plus 5/160/12.5 tab",,د — غير محدد,"دفعة واحدة خارج نافذة البدايات",1,"2026-06-30:6@5044",5044,
6251151000133,"Phenicol eye drop",,د — غير محدد,"دفعة واحدة خارج نافذة البدايات",1,"2026-07-01:1@1317",1317,
89023990013871,"pelicol eye drop",,د — غير محدد,"دفعة واحدة خارج نافذة البدايات",1,"2026-07-01:1@2194",2194,
8699569350026,"Ketoral cream ",,د — غير محدد,"دفعة واحدة خارج نافذة البدايات",1,"2026-07-02:5@2875",2875,
6251106150197,"simvatin 20mg tab",,د — غير محدد,"دفعة واحدة خارج نافذة البدايات",1,"2026-07-02:3@1536",1536,
8436026215555,"sensi Kin",,د — غير محدد,"دفعة واحدة خارج نافذة البدايات",1,"2026-07-02:2@6161",6161,
810157850126,"magnesium glycinate",,د — غير محدد,"دفعة واحدة خارج نافذة البدايات",1,"2026-07-02:1@15032",15032,
609788968962,"Biotin 10000mcg AMS tab",,د — غير محدد,"دفعة واحدة خارج نافذة البدايات",1,"2026-07-02:1@43875",43875,
3337875597371,"Cerave Moisturising creem 169 oz\50ml",,د — غير محدد,"دفعة واحدة خارج نافذة البدايات",1,"2026-07-02:1@8910",8910,
8901526652907,"cedrave moisturising lotion 236ml",,د — غير محدد,"دفعة واحدة خارج نافذة البدايات",1,"2026-07-02:1@22435",22435,
8436026210758,"KIN sensi mouth wash",,د — غير محدد,"دفعة واحدة خارج نافذة البدايات",1,"2026-07-02:1@9563",9563,
6218967851014,"sulsun shampoo",,د — غير محدد,"دفعة واحدة خارج نافذة البدايات",1,"2026-07-02:5@3416",3416,
89023994544661,"warfbran 1mg",,د — غير محدد,"دفعة واحدة خارج نافذة البدايات",1,"2026-07-03:6@1000",1000,
89023999889163,"warfbran3mg ",,د — غير محدد,"دفعة واحدة خارج نافذة البدايات",1,"2026-07-03:6@1167",1167,
6251106400681,"Cefodox 100mg",,د — غير محدد,"دفعة واحدة خارج نافذة البدايات",1,"2026-07-03:1@6120",6120,
8901111002421,"Actinac 100mg tab ajanta",,د — غير محدد,"دفعة واحدة خارج نافذة البدايات",1,"2026-07-04:1@1975",1975,
8699569280064,"klamoks 156mg/5ml 100ml syrp",,د — غير محدد,"دفعة واحدة خارج نافذة البدايات",1,"2026-07-04:1@4170",4170,
6922704202631,"Vasalaine lip therapy",,د — غير محدد,"دفعة واحدة خارج نافذة البدايات",1,"2026-07-04:6@1390",1390,
9644451552469,"Amoxycillin 250-AS",,د — غير محدد,"دفعة واحدة خارج نافذة البدايات",1,"2026-07-04:3@1500",1500,
Samadol extra,"Samadol extra tab",,د — غير محدد,"دفعة واحدة خارج نافذة البدايات",1,"2026-07-04:4@701",701,
5000456007832,"xigduo tm XR 5/1000mg tab",,د — غير محدد,"دفعة واحدة خارج نافذة البدايات",1,"2026-07-05:19@6938",6938,
6251106610240,"Sefarin 100ml syrp",,د — غير محدد,"دفعة واحدة خارج نافذة البدايات",1,"2026-07-05:3@13293",13293,
6251106800375,"Sefarin syr",,د — غير محدد,"دفعة واحدة خارج نافذة البدايات",1,"2026-07-05:1@8119",8119,
3665051000033,"Esolina 40mg",,د — غير محدد,"دفعة واحدة خارج نافذة البدايات",1,"2026-07-05:1@3579",3579,
9641996010416,"Irosaf syrup 120ml SAFA",,د — غير محدد,"دفعة واحدة خارج نافذة البدايات",1,"2026-07-05:1@2840",2840,
3582910080367,"Clexan4000",,د — غير محدد,"دفعة واحدة خارج نافذة البدايات",1,"2026-07-05:1@6615",6615,
8901177101502,"Moov 150ml Spray",,د — غير محدد,"دفعة واحدة خارج نافذة البدايات",1,"2026-07-05:6@3530",3530,
096419704103,"Jamox 250mg/5ml syr",,د — غير محدد,"دفعة واحدة خارج نافذة البدايات",1,"2026-07-05:1@1320",1320,
01189042205042961727073110CKL44011210429A0178089,"Onver8",,د — غير محدد,"دفعة واحدة خارج نافذة البدايات",1,"2026-07-05:9@1083",1083,
8699514096092,"ONCEAIR 10MG TAB",,د — غير محدد,"دفعة واحدة خارج نافذة البدايات",1,"2026-07-05:4@5318",5318,
8600097003452,"Presolol 50mg tab",,د — غير محدد,"دفعة واحدة خارج نافذة البدايات",1,"2026-07-05:11@1438",1438,
Hiquin 2% cream,"Hiquin 2% cream",,د — غير محدد,"دفعة واحدة خارج نافذة البدايات",1,"2026-07-06:2@4170",4170,
6285147004881,"Toprazole 40mg",,د — غير محدد,"دفعة واحدة خارج نافذة البدايات",1,"2026-07-06:2@3510",3510,
8400044891688,"Telmico 40mg",,د — غير محدد,"دفعة واحدة خارج نافذة البدايات",1,"2026-07-06:3@1560",1560,
8684543711597,"Melatonin sleep drops",,د — غير محدد,"دفعة واحدة خارج نافذة البدايات",1,"2026-07-06:2@8050",8050,
4270003705905,"Matrixa 160/5mg",,د — غير محدد,"دفعة واحدة خارج نافذة البدايات",1,"2026-07-06:3@5797",5797,
Glucophage 850mg ,"Glucophage 850mg ",,د — غير محدد,"دفعة واحدة خارج نافذة البدايات",1,"2026-07-06:14@2679",2679,
7640154981126,"Mera ice 100ml gel",,د — غير محدد,"دفعة واحدة خارج نافذة البدايات",1,"2026-07-06:1@5590",5590,
7321839722103,"betaloc ZOK 25mg tab",,د — غير محدد,"دفعة واحدة خارج نافذة البدايات",1,"2026-07-07:2@3950",3950,
6251068000417,"peptoz susp 240ml",,د — غير محدد,"دفعة واحدة خارج نافذة البدايات",1,"2026-07-07:1@10533",10533,
peptoz tab,"peptoz tab",,د — غير محدد,"دفعة واحدة خارج نافذة البدايات",1,"2026-07-07:1@11290",11290,
609788968214,"Q-well 10 400mg",,د — غير محدد,"دفعة واحدة خارج نافذة البدايات",1,"2026-07-07:1@56160",56160,
ASWAR FOLIC ACID 5MG,"ASWAR FOLIC ACID ",,د — غير محدد,"دفعة واحدة خارج نافذة البدايات",1,"2026-07-07:3@198",198,
6931930288012,"SAKARIA LANCET",,د — غير محدد,"دفعة واحدة خارج نافذة البدايات",1,"2026-07-07:2@1100",1100,
682607535118,"On call plus",,د — غير محدد,"دفعة واحدة خارج نافذة البدايات",1,"2026-07-07:2@15000",15000,
8901111053850,"Aquasoft 100g cream ajanta",,د — غير محدد,"دفعة واحدة خارج نافذة البدايات",1,"2026-07-07:1@5203",5203,
http://www.shreevenkatesh.com,"evening pill",,د — غير محدد,"دفعة واحدة خارج نافذة البدايات",1,"2026-07-07:9@5585",5585,
8809447256221,"dr althea cream ",,د — غير محدد,"دفعة واحدة خارج نافذة البدايات",1,"2026-07-07:1@22750",22750,
6251107132017,"diclogesic 100 supp",,د — غير محدد,"دفعة واحدة خارج نافذة البدايات",1,"2026-07-08:1@1162",1162,
8906113370691,"Progest_Depot-250",,د — غير محدد,"دفعة واحدة خارج نافذة البدايات",1,"2026-07-08:2@5565",5565,
Xolamol eye drop,"Xolamol eye drop",,د — غير محدد,"دفعة واحدة خارج نافذة البدايات",1,"2026-07-08:1@10635",10635,
Arcoxia 60mg tab,"Arcoxia 60mg tab",,د — غير محدد,"دفعة واحدة خارج نافذة البدايات",1,"2026-07-08:2@4587",4587,
ceftriaxone BP I.V 1g,"ceftriaxone BP I.V 1g",,د — غير محدد,"دفعة واحدة خارج نافذة البدايات",1,"2026-07-08:20@3844",3844,
6251875001539,"Pregafix 75mg tab",,د — غير محدد,"دفعة واحدة خارج نافذة البدايات",1,"2026-07-08:2@3050",3050,
8698712459791,"Anti-Hair looss 10% spray",,د — غير محدد,"دفعة واحدة خارج نافذة البدايات",1,"2026-07-08:2@11600",11600,
6291107470177,"Vesitone 5mg",,د — غير محدد,"دفعة واحدة خارج نافذة البدايات",1,"2026-07-09:3@3657",3657,
5298003860119,"Genyamicin amp opis",,د — غير محدد,"دفعة واحدة خارج نافذة البدايات",1,"2026-07-09:12@163",163,
6984651325665,"Smiling foot",,د — غير محدد,"دفعة واحدة خارج نافذة البدايات",1,"2026-07-09:2@1160",1160,
8684051918525,"Amikacin sulfat amp",,د — غير محدد,"دفعة واحدة خارج نافذة البدايات",1,"2026-07-09:10@1183",1183,
6297001331361,"Expren 400mg ",,د — غير محدد,"دفعة واحدة خارج نافذة البدايات",1,"2026-07-09:2@2048",2048,
6251653320302,"antagra syrp ",,د — غير محدد,"دفعة واحدة خارج نافذة البدايات",1,"2026-07-09:1@33850",33850,
6253810390623,"Mero scar cream",,د — غير محدد,"دفعة واحدة خارج نافذة البدايات",1,"2026-07-09:2@12700",12700,
8410207100052,"Juhnson baby oil",,د — غير محدد,"دفعة واحدة خارج نافذة البدايات",1,"2026-07-09:3@2700",2700,
6212260072039,"onfran tab",,د — غير محدد,"دفعة واحدة خارج نافذة البدايات",1,"2026-07-11:4@1000",1000,
6251106804946,"Revma 10mg ab",,د — غير محدد,"دفعة واحدة خارج نافذة البدايات",1,"2026-07-11:1@13750",13750,
00700065,"Cefotaxime BP I.M 1g vial",,د — غير محدد,"دفعة واحدة خارج نافذة البدايات",1,"2026-07-11:7@3290",3290,
6251060001443,"Baby cone 25ml susp",,د — غير محدد,"دفعة واحدة خارج نافذة البدايات",1,"2026-07-11:1@3500",3500,
Panadol cold&fiu,"Panadol cold&fiu",,د — غير محدد,"دفعة واحدة خارج نافذة البدايات",1,"2026-07-11:6@2425",2425,
6251653190103,"Atoxia 90mg tab",,د — غير محدد,"دفعة واحدة خارج نافذة البدايات",1,"2026-07-11:2@5640",5640,
5281019904564,"Reli-flu",,د — غير محدد,"دفعة واحدة خارج نافذة البدايات",1,"2026-07-11:3@1262",1262,
Cefepime im,"Cefepime im",,د — غير محدد,"دفعة واحدة خارج نافذة البدايات",1,"2026-07-11:9@7460",7460,
6251159062027,"Dexilant 30mg cap",,د — غير محدد,"دفعة واحدة خارج نافذة البدايات",1,"2026-07-11:4@6031",6031,
6251065063774,"ivinusmet",,د — غير محدد,"دفعة واحدة خارج نافذة البدايات",1,"2026-07-11:2@26584",26584,
6291100087167,"Xemaderm0.1%",,د — غير محدد,"دفعة واحدة خارج نافذة البدايات",1,"2026-07-12:2@4388",4388,
6291100087402,"Xemaderm 0.1% oint",,د — غير محدد,"دفعة واحدة خارج نافذة البدايات",1,"2026-07-12:2@4169",4169,
6251159031726,"Indicardin 10mg",,د — غير محدد,"دفعة واحدة خارج نافذة البدايات",1,"2026-07-12:8@972",972,
6211366015711,"xenistat 120mg cap",,د — غير محدد,"دفعة واحدة خارج نافذة البدايات",1,"2026-07-12:2@9900",9900,
4103040117298,"Seba med Hair care",,د — غير محدد,"دفعة واحدة خارج نافذة البدايات",1,"2026-07-12:1@13330",13330,
7640144122454,"Binosto 70mg",,د — غير محدد,"دفعة واحدة خارج نافذة البدايات",1,"2026-07-12:1@6136",6136,
6251875000686,"Decopect 100ml syr",,د — غير محدد,"دفعة واحدة خارج نافذة البدايات",1,"2026-07-12:10@1200",1200,
7804653721151,"Dutamsuvita 0.5\0.4",,د — غير محدد,"دفعة واحدة خارج نافذة البدايات",1,"2026-07-12:5@6179",6179,
6251159024612,"Actos 15mg tab",,د — غير محدد,"دفعة واحدة خارج نافذة البدايات",1,"2026-07-12:1@22252",22252,
8699514011699,"Tensart 16mg tab",,د — غير محدد,"دفعة واحدة خارج نافذة البدايات",1,"2026-07-12:4@3731",3731,
6251875001485,"Piodol green tab",,د — غير محدد,"دفعة واحدة خارج نافذة البدايات",1,"2026-07-12:3@925",925,
100171230067,"Zinc 50mg tab",,د — غير محدد,"دفعة واحدة خارج نافذة البدايات",1,"2026-07-12:8@1558",1558,
8710447493885,"Rexona spray for men",,د — غير محدد,"دفعة واحدة خارج نافذة البدايات",1,"2026-07-13:5@3225",3225,
3401353791220,"Bioderma 100ml blue cleansing gel",,د — غير محدد,"دفعة واحدة خارج نافذة البدايات",1,"2026-07-13:1@7800",7800,
8719992068104,"NEO follics hair growth tab",,د — غير محدد,"دفعة واحدة خارج نافذة البدايات",1,"2026-07-13:5@10738",10738,
5065014101742,"Zinc 25mg tab BRISTOL",,د — غير محدد,"دفعة واحدة خارج نافذة البدايات",1,"2026-07-13:1@8832",8832,
5065014101766,"Zinc sulphate 220mg tab BRISTOL",,د — غير محدد,"دفعة واحدة خارج نافذة البدايات",1,"2026-07-13:1@11200",11200,
6253803721069,"Biozinc 25mg Bio Energy",,د — غير محدد,"دفعة واحدة خارج نافذة البدايات",1,"2026-07-13:2@6584",6584,
8999999594381,"Dove anti-perspirant",,د — غير محدد,"دفعة واحدة خارج نافذة البدايات",1,"2026-07-13:3@2070",2070,
9351089000308,"Nose strip",,د — غير محدد,"دفعة واحدة خارج نافذة البدايات",1,"2026-07-14:5@1680",1680,
5055565789186,"Pizotifen0.5mg",,د — غير محدد,"دفعة واحدة خارج نافذة البدايات",1,"2026-07-14:4@2195",2195,
6251161010207,"Uciderm oint",,د — غير محدد,"دفعة واحدة خارج نافذة البدايات",1,"2026-07-14:7@2808",2808,
811079030146,"Cranberry with vit c tab",,د — غير محدد,"دفعة واحدة خارج نافذة البدايات",1,"2026-07-14:2@20452",20452,
6251649000454,"Jofen syr",,د — غير محدد,"دفعة واحدة خارج نافذة البدايات",1,"2026-07-14:4@2190",2190,
8699514086079,"Onceair 4mg",,د — غير محدد,"دفعة واحدة خارج نافذة البدايات",1,"2026-07-14:2@3950",3950,
6251857706889,"aspitect tab",,د — غير محدد,"دفعة واحدة خارج نافذة البدايات",1,"2026-07-14:2@6499",6499,
6291109120988,"centrum adult",,د — غير محدد,"دفعة واحدة خارج نافذة البدايات",1,"2026-07-14:1@15278",15278,
5904016012819,"doxycyclinum 100mg",,د — غير محدد,"دفعة واحدة خارج نافذة البدايات",1,"2026-07-15:3@3160",3160,
6251875001515,"Larius syr",,د — غير محدد,"دفعة واحدة خارج نافذة البدايات",1,"2026-07-15:1@1915",1915,
8680923345109,"prebiotic face wash",,د — غير محدد,"دفعة واحدة خارج نافذة البدايات",1,"2026-07-15:1@8360",8360,
4260393340626,"early pregnancy test",,د — غير محدد,"دفعة واحدة خارج نافذة البدايات",1,"2026-07-15:2@1850",1850,
8680131201099,"gigles large",,د — غير محدد,"دفعة واحدة خارج نافذة البدايات",1,"2026-07-15:1@18750",18750,
7640154981768,"Meratrum Vitamin B12 ",,د — غير محدد,"دفعة واحدة خارج نافذة البدايات",1,"2026-07-15:14@1670",1670,
5000309002601,"veet cream normal skin ",,د — غير محدد,"دفعة واحدة خارج نافذة البدايات",1,"2026-07-15:2@2667",2667,
BERNY SACHET,"BERNY SACHET",,د — غير محدد,"دفعة واحدة خارج نافذة البدايات",1,"2026-07-16:2@6136",6136,
4260297475943,"Vitan drop",,د — غير محدد,"دفعة واحدة خارج نافذة البدايات",1,"2026-07-16:1@7473",7473,
5021265254255,"Wellbaby drop",,د — غير محدد,"دفعة واحدة خارج نافذة البدايات",1,"2026-07-16:1@9876",9876,
6251910000046,"Diabeten mg",,د — غير محدد,"دفعة واحدة خارج نافذة البدايات",1,"2026-07-16:3@11585",11585,
6251106160721,"Nevotic 500mg tab ",,د — غير محدد,"دفعة واحدة خارج نافذة البدايات",1,"2026-07-16:2@7900",7900,
705632983195,"HEMOHEAL PLUS",,د — غير محدد,"دفعة واحدة خارج نافذة البدايات",1,"2026-07-16:1@20000",20000,
6251144020865,"PROGESTA 400mg SUPP",,د — غير محدد,"دفعة واحدة خارج نافذة البدايات",1,"2026-07-16:6@6135",6135,
8699514540014,"Risonel 0.05% nasal",,د — غير محدد,"دفعة واحدة خارج نافذة البدايات",1,"2026-07-16:1@8399",8399,
8906113384513,"GAVDILAN 10MG",,د — غير محدد,"دفعة واحدة خارج نافذة البدايات",1,"2026-07-16:40@2061",2061,
8055515902587,"URO 3",,د — غير محدد,"دفعة واحدة خارج نافذة البدايات",1,"2026-07-16:24@1475",1475,
8901111060407,"LASTAVIN AM PLUS 160\5\25",,د — غير محدد,"دفعة واحدة خارج نافذة البدايات",1,"2026-07-16:6@3292",3292,
6211127351812,"LEVOTREX 500MG",,د — غير محدد,"دفعة واحدة خارج نافذة البدايات",1,"2026-07-16:5@4320",4320,
NORVASC 5MG,"Norvasc 5mg tab",,د — غير محدد,"دفعة واحدة خارج نافذة البدايات",1,"2026-07-16:3@3845",3845,
8901138713799,"cyctone syrp",,د — غير محدد,"دفعة واحدة خارج نافذة البدايات",1,"2026-07-17:1@5486",5486,
6291103841438,"empazin 25mg",,د — غير محدد,"دفعة واحدة خارج نافذة البدايات",1,"2026-07-17:4@6681",6681,
6291103841469,"empazin-m 12.5/1000mg",,د — غير محدد,"دفعة واحدة خارج نافذة البدايات",1,"2026-07-17:4@6113",6113,
6291103841452,"empazin-m 850\12.5",,د — غير محدد,"دفعة واحدة خارج نافذة البدايات",1,"2026-07-17:4@5613",5613,
8429979432933,"azelac ru ",,د — غير محدد,"دفعة واحدة خارج نافذة البدايات",1,"2026-07-17:1@40835",40835,
procoralan 5mg,"procoralan 5mg",,د — غير محدد,"دفعة واحدة خارج نافذة البدايات",1,"2026-07-17:3@7670",7670,
6285147004867,"Toprazole 20mg",,د — غير محدد,"دفعة واحدة خارج نافذة البدايات",1,"2026-07-17:2@4389",4389,
8470002043961,"isdin cicapost ",,د — غير محدد,"دفعة واحدة خارج نافذة البدايات",1,"2026-07-17:1@40700",40700,
6251107131010,"declogfesic 50mg",,د — غير محدد,"دفعة واحدة خارج نافذة البدايات",1,"2026-07-17:6@1262",1262,
8682005381777,"Povidone 10% solution",,د — غير محدد,"دفعة واحدة خارج نافذة البدايات",1,"2026-07-17:7@1601",1601,
6221508140720,"Calamyl lotion",,د — غير محدد,"دفعة واحدة خارج نافذة البدايات",1,"2026-07-17:10@1063",1063,
8699514015840,"Tensart 16/12.5mg",,د — غير محدد,"دفعة واحدة خارج نافذة البدايات",1,"2026-07-17:4@3731",3731,
6251107241016,"Clavodar 1g tab ",,د — غير محدد,"دفعة واحدة خارج نافذة البدايات",1,"2026-07-17:14@3338",3338,
9178714970887,"Zithro-med 500mg",,د — غير محدد,"دفعة واحدة خارج نافذة البدايات",1,"2026-07-17:12@3052",3052,
6902024050013,"حقنة شرجية صغير",,د — غير محدد,"دفعة واحدة خارج نافذة البدايات",1,"2026-07-18:1@4425",4425,
6902024050020,"حقنة شرجية وسط",,د — غير محدد,"دفعة واحدة خارج نافذة البدايات",1,"2026-07-18:1@5400",5400,
6902024050037,"حقنة شرجية كبير",,د — غير محدد,"دفعة واحدة خارج نافذة البدايات",1,"2026-07-18:1@5780",5780,
4103040902788,"Sebamed anti-hairloss shampoo",,د — غير محدد,"دفعة واحدة خارج نافذة البدايات",1,"2026-07-18:1@13100",13100,
3664798021899,"Depakine 500mg",,د — غير محدد,"دفعة واحدة خارج نافذة البدايات",1,"2026-07-19:2@8076",8076,
6251875002475,"Dorzilol drop",,د — غير محدد,"دفعة واحدة خارج نافذة البدايات",1,"2026-07-19:1@6310",6310,
6223014770217," Flopadex ",,د — غير محدد,"دفعة واحدة خارج نافذة البدايات",1,"2026-07-19:3@7432",7432,
Kerto amp,"Kerto amp",,د — غير محدد,"دفعة واحدة خارج نافذة البدايات",1,"2026-07-19:20@1534",1534,
6251870048119,"Quel 100mg",,د — غير محدد,"دفعة واحدة خارج نافذة البدايات",1,"2026-07-19:3@4022",4022,
Bepanthen Cream,"Bepanthen Cream",,د — غير محدد,"دفعة واحدة خارج نافذة البدايات",1,"2026-07-19:10@4915",4915,
8901111051313,"Lastavin 80mg tab",,د — غير محدد,"دفعة واحدة خارج نافذة البدايات",1,"2026-07-19:6@1465",1465,
Protizol eye drop,"Protizol eye drop",,د — غير محدد,"دفعة واحدة خارج نافذة البدايات",1,"2026-07-19:1@10533",10533,
6946357144766,"Lotus فرشة اسنان سيت",,د — غير محدد,"دفعة واحدة خارج نافذة البدايات",1,"2026-07-19:1@945",945,
8698712454475,"Gyno Foam",,د — غير محدد,"دفعة واحدة خارج نافذة البدايات",1,"2026-07-19:5@6076",6076,
6251651003641,"Broquium syr",,د — غير محدد,"دفعة واحدة خارج نافذة البدايات",1,"2026-07-19:5@3234",3234,
6251106161346,"Lukast 10mg",,د — غير محدد,"دفعة واحدة خارج نافذة البدايات",1,"2026-07-19:6@3657",3657,
Aldosam,"Aldosam 250mg tab",,د — غير محدد,"دفعة واحدة خارج نافذة البدايات",1,"2026-07-19:10@1250",1250,
8901111079287,"Empadil 25mg",,د — غير محدد,"دفعة واحدة خارج نافذة البدايات",1,"2026-07-19:6@7128",7128,
8901175032686,"M-kast 5",,د — غير محدد,"دفعة واحدة خارج نافذة البدايات",1,"2026-07-19:3@2487",2487,
6285147000784,"Co-Tabuvan 80/12.5mg tab",,د — غير محدد,"دفعة واحدة خارج نافذة البدايات",1,"2026-07-19:5@2414",2414,
8680199003680,"Flubord eye drop",,د — غير محدد,"دفعة واحدة خارج نافذة البدايات",1,"2026-07-19:1@7877",7877,
6223003812348,"Polo TM 10cm بلاستر",,د — غير محدد,"دفعة واحدة خارج نافذة البدايات",1,"2026-07-19:9@1665",1665,
5281019903710,"Neurexal 75mg tab ",,د — غير محدد,"دفعة واحدة خارج نافذة البدايات",1,"2026-07-19:2@3512",3512,
3401572288297,"micellar water bioderma oily/combination skin",,د — غير محدد,"دفعة واحدة خارج نافذة البدايات",1,"2026-07-19:1@15260",15260,
6281053214987,"Nunu baby shampoo 1000ml",,د — غير محدد,"دفعة واحدة خارج نافذة البدايات",1,"2026-07-19:3@4274",4274,
9504000089634,"Ibuprofen",,د — غير محدد,"دفعة واحدة خارج نافذة البدايات",1,"2026-07-19:4@1850",1850,
8683400273155,"sleep well fine's gummies",,د — غير محدد,"دفعة واحدة خارج نافذة البدايات",1,"2026-07-19:1@17384",17384,
6012546267124,"TureTrip لاصق مسمار قدم",,د — غير محدد,"دفعة واحدة خارج نافذة البدايات",1,"2026-07-19:5@1589",1589,
3401399694127,"Bioderma  hydrabio H2O 250ml",,د — غير محدد,"دفعة واحدة خارج نافذة البدايات",1,"2026-07-19:1@14330",14330,
3701129812068,"Bioderma Sensibio H2O 250ml",,د — غير محدد,"دفعة واحدة خارج نافذة البدايات",1,"2026-07-19:1@14470",14470,
5060565107397,"Revuele prebiotics foam cleanser",,د — غير محدد,"دفعة واحدة خارج نافذة البدايات",1,"2026-07-19:1@7210",7210,
4010439201431,"Lacalut sensitive toothpaste",,د — غير محدد,"دفعة واحدة خارج نافذة البدايات",1,"2026-07-19:1@5355",5355,
https://qrs.ly/4tfqmq6,"Yenikid syr",,د — غير محدد,"دفعة واحدة خارج نافذة البدايات",1,"2026-07-19:1@6590",6590,
8699527150101,"Duloxx tab",,د — غير محدد,"دفعة واحدة خارج نافذة البدايات",1,"2026-07-20:2@6250",6250,
6921875050522,"Paracetamol  500/5ml amp",,د — غير محدد,"دفعة واحدة خارج نافذة البدايات",1,"2026-07-20:18@750",750,
430470201202016,"Fugedene cram",,د — غير محدد,"دفعة واحدة خارج نافذة البدايات",1,"2026-07-21:10@858",858,
8901111014110,"Pacroma cream",,د — غير محدد,"دفعة واحدة خارج نافذة البدايات",1,"2026-07-21:1@4389",4389,
6251161030113,"Pelargos syr",,د — غير محدد,"دفعة واحدة خارج نافذة البدايات",1,"2026-07-21:5@5486",5486,
5060781540169,"Skyvit D3 10000iu",,د — غير محدد,"دفعة واحدة خارج نافذة البدايات",1,"2026-07-21:2@6300",6300,
6251151001802,"Apisal 0.9%",,د — غير محدد,"دفعة واحدة خارج نافذة البدايات",1,"2026-07-21:2@3130",3130,
6251875000983,"Napron 500mg",,د — غير محدد,"دفعة واحدة خارج نافذة البدايات",1,"2026-07-21:8@1290",1290,
Paracetamol 1000mg tab,"Paracetamol 1000mg tab",,د — غير محدد,"دفعة واحدة خارج نافذة البدايات",1,"2026-07-21:5@1690",1690,
6251875004370,"Pio-Vit D3 50.000",,د — غير محدد,"دفعة واحدة خارج نافذة البدايات",1,"2026-07-21:1@4852",4852,
8005500200143,"Bonto delay condom",,د — غير محدد,"دفعة واحدة خارج نافذة البدايات",1,"2026-07-21:1@1925",1925,
9647803651858,"itooth",,د — غير محدد,"دفعة واحدة خارج نافذة البدايات",1,"2026-07-21:1@4650",4650,
5290931002340,"Nautisol 5mg tab",,د — غير محدد,"دفعة واحدة خارج نافذة البدايات",1,"2026-07-21:4@855",855,
8901111827215,"Loxim 15mg tab",,د — غير محدد,"دفعة واحدة خارج نافذة البدايات",1,"2026-07-21:4@545",545,
Elica Oint,"Elica oint",,د — غير محدد,"دفعة واحدة خارج نافذة البدايات",1,"2026-07-21:2@4827",4827,
6251875000723,"Pioverin 135mg tab",,د — غير محدد,"دفعة واحدة خارج نافذة البدايات",1,"2026-07-21:10@717",717,
6946357125741,"Oral cleaning kit",,د — غير محدد,"دفعة واحدة خارج نافذة البدايات",1,"2026-07-21:4@1050",1050,
4030538567504,"Mobile Mountian gel",,د — غير محدد,"دفعة واحدة خارج نافذة البدايات",1,"2026-07-21:5@16771",16771,
8809052589714,"لاصق انف ازالة الرؤوس السوداء",,د — غير محدد,"دفعة واحدة خارج نافذة البدايات",1,"2026-07-22:3@2392",2392,
8809052589707,"لاصق انف لازالة الرؤوس السوداء",,د — غير محدد,"دفعة واحدة خارج نافذة البدايات",1,"2026-07-22:2@2392",2392,
300549260010,"Coldin syr sdi",,د — غير محدد,"دفعة واحدة خارج نافذة البدايات",1,"2026-07-22:9@1190",1190,
Acretin 0.025%,"acretin 0.025 cream ",,د — غير محدد,"دفعة واحدة خارج نافذة البدايات",1,"2026-07-22:2@3511",3511,
6221032158666,"Epigesic tab",,د — غير محدد,"دفعة واحدة خارج نافذة البدايات",1,"2026-07-22:10@878",878,
ketess sachet,"ketess sachet ",,د — غير محدد,"دفعة واحدة خارج نافذة البدايات",1,"2026-07-22:20@535",535,
lamifen cream,"lamifen cream ",,د — غير محدد,"دفعة واحدة خارج نافذة البدايات",1,"2026-07-22:5@4389",4389,
6224009747481,"Relaxiged",,د — غير محدد,"دفعة واحدة خارج نافذة البدايات",1,"2026-07-22:15@1317",1317,
5034593030200,"Eros cream",,د — غير محدد,"دفعة واحدة خارج نافذة البدايات",1,"2026-07-22:4@3105",3105,
42164104,"nivea cream معدني ",,د — غير محدد,"دفعة واحدة خارج نافذة البدايات",1,"2026-07-22:5@1465",1465,
6291100081080,"Scopinal 100ml syr",,د — غير محدد,"دفعة واحدة خارج نافذة البدايات",1,"2026-07-22:3@2523",2523,
6251875000310,"Captoneer 50mg tab",,د — غير محدد,"دفعة واحدة خارج نافذة البدايات",1,"2026-07-22:8@736",736,
MPI-PROF,"ProfePain",,د — غير محدد,"دفعة واحدة خارج نافذة البدايات",1,"2026-07-22:13@3000",3000,
6251875001782,"Motidon 100ml syr",,د — غير محدد,"دفعة واحدة خارج نافذة البدايات",1,"2026-07-22:3@1664",1664,
8699578703455,"Piyeloseptyl syp ",,د — غير محدد,"دفعة واحدة خارج نافذة البدايات",1,"2026-07-22:1@8229",8229,
6251151000836,"Fencil oral 30ml drop",,د — غير محدد,"دفعة واحدة خارج نافذة البدايات",1,"2026-07-22:5@2194",2194,
6210872077206,"Denti-cort",,د — غير محدد,"دفعة واحدة خارج نافذة البدايات",1,"2026-07-23:4@2195",2195,
6221508172011,"synthecortin ampoule ",,د — غير محدد,"دفعة واحدة خارج نافذة البدايات",1,"2026-07-23:2@3840",3840,
8058090019541,"محرار الكتروني ",,د — غير محدد,"دفعة واحدة خارج نافذة البدايات",1,"2026-07-23:2@4400",4400,
b2835662cb0f89c3a040602c45f4d72a18984c203bec51b40aac058b36e03a87632be048edb43af3,"Olmetec plus 40\25mg",,د — غير محدد,"دفعة واحدة خارج نافذة البدايات",1,"2026-07-23:4@8979",8979,
5056227207635,"Zestril 10mg",,د — غير محدد,"دفعة واحدة خارج نافذة البدايات",1,"2026-07-23:4@4830",4830,
8683229235754,"avoferro plus tab",,د — غير محدد,"دفعة واحدة خارج نافذة البدايات",1,"2026-07-23:2@3445",3445,
panadol cold&flu الاصفر,"panadol cold&flu الاصفر",,د — غير محدد,"دفعة واحدة خارج نافذة البدايات",1,"2026-07-23:30@1750",1750,
4031571067068,"Clopi-Denk 75mg",,د — غير محدد,"دفعة واحدة خارج نافذة البدايات",1,"2026-07-24:6@4499",4499,
4262422540236,"Gluvecta M 50\850",,د — غير محدد,"دفعة واحدة خارج نافذة البدايات",1,"2026-07-24:6@3767",3767,
4006000017358,"anti-pigment eucerin ",,د — غير محدد,"دفعة واحدة خارج نافذة البدايات",1,"2026-07-24:1@22570",22570,
clinical thermometer,"clinical thermometer",,د — غير محدد,"دفعة واحدة خارج نافذة البدايات",1,"2026-07-24:12@988",988,
6281008515121,"sofy فوط نسائيه",,د — غير محدد,"دفعة واحدة خارج نافذة البدايات",1,"2026-07-24:16@1400",1400,
5cc844e27d7e42076a29d1d0096f842e4b66dfdc104ece6327ec05490d84e77fe446f488cde6711e,"ceftriaxone 1g ldp im ",,د — غير محدد,"دفعة واحدة خارج نافذة البدايات",1,"2026-07-24:20@3423",3423,
010628509400024021000000079373881729063010F250671,"olmetec 40\25",,د — غير محدد,"دفعة واحدة خارج نافذة البدايات",1,"2026-07-24:4@8979",8979,
6251151001185,"Apisal Stuffy nose",,د — غير محدد,"دفعة واحدة خارج نافذة البدايات",1,"2026-07-24:2@3780",3780,
4262422540243,"Gluvecta M 50\1000",,د — غير محدد,"دفعة واحدة خارج نافذة البدايات",1,"2026-07-25:6@3960",3960,
5903137540478,"Vita C 1000mg MADAMAR",,د — غير محدد,"دفعة واحدة خارج نافذة البدايات",1,"2026-07-25:4@3566",3566,
9178714970870,"levo-mid 500mg tab",,د — غير محدد,"دفعة واحدة خارج نافذة البدايات",1,"2026-07-25:2@9788",9788,
2802104090271,"Dexatob drop",,د — غير محدد,"دفعة واحدة خارج نافذة البدايات",1,"2026-07-25:2@6255",6255,
4a62af60a909c04e30ab65b2c1776db30bb99ed89421ea73561800e5cfa9a8a6e0971bed1ffa7780,"Voxin vial 1g",,د — غير محدد,"دفعة واحدة خارج نافذة البدايات",1,"2026-07-25:1@9875",9875,
5065013748146,"Deslora 5mg",,د — غير محدد,"دفعة واحدة خارج نافذة البدايات",1,"2026-07-25:1@3230",3230,
733739014184,"Berberine  glucose support NOW",,د — غير محدد,"دفعة واحدة خارج نافذة البدايات",1,"2026-07-25:1@62380",62380,
6957855102790,"Amoxillin-500mg vial ",,د — غير محدد,"دفعة واحدة خارج نافذة البدايات",1,"2026-07-25:1@720",720,
8699525759832,"Gentamisin 80/2ml amp",,د — غير محدد,"دفعة واحدة خارج نافذة البدايات",1,"2026-07-25:30@505",505,
205003140207020,"Vitamin C kindi 500mg",,د — غير محدد,"دفعة واحدة خارج نافذة البدايات",1,"2026-07-25:10@995",995,
4009932924848,"Active-Meno ",,د — غير محدد,"دفعة واحدة خارج نافذة البدايات",1,"2026-07-25:3@5113",5113,
4051849632545,"lincomycin600",,د — غير محدد,"دفعة واحدة خارج نافذة البدايات",1,"2026-07-25:10@2300",2300,
6285147004898,"Toprazole 40mg",,د — غير محدد,"دفعة واحدة خارج نافذة البدايات",1,"2026-07-25:2@6342",6342,
8436026213797,"KIN B5",,د — غير محدد,"دفعة واحدة خارج نافذة البدايات",1,"2026-07-25:2@9872",9872,
6251160060050,"Betixim 100mg syr",,د — غير محدد,"دفعة واحدة خارج نافذة البدايات",1,"2026-07-25:13@3207",3207,
6251007012051,"كفوف طبية",,د — غير محدد,"دفعة واحدة خارج نافذة البدايات",1,"2026-07-25:4@5390",5390,
3582910068969,"Aprovasc 300/10mg",,د — غير محدد,"دفعة واحدة خارج نافذة البدايات",1,"2026-07-26:2@11658",11658,
Calridol,"Calridol 1000mg/100ml ",,د — غير محدد,"دفعة واحدة خارج نافذة البدايات",1,"2026-07-26:15@1820",1820,
9633e3b439e6392eae4d81064f4bb7b9fec023aeacca9b4d73898ed68a69302c02308c4c72e075d2,"Omeprazol Azevedos 40mg vial",,د — غير محدد,"دفعة واحدة خارج نافذة البدايات",1,"2026-07-26:10@5499",5499,
6921756490539," جهاز On Call Plus ",,د — غير محدد,"دفعة واحدة خارج نافذة البدايات",1,"2026-07-26:2@15000",15000,
5310090014012,"Ginkolex plus",,د — غير محدد,"دفعة واحدة خارج نافذة البدايات",1,"2026-07-26:1@13300",13300,
6291100080977,"Cetralon syr",,د — غير محدد,"دفعة واحدة خارج نافذة البدايات",1,"2026-07-26:2@2660",2660,
6291100087372,"Ivy-Calm syr",,د — غير محدد,"دفعة واحدة خارج نافذة البدايات",1,"2026-07-26:1@3990",3990,
6291100080427,"Profinal 100mg/5ml syr",,د — غير محدد,"دفعة واحدة خارج نافذة البدايات",1,"2026-07-26:3@2200",2200,
9780201379884,"Cefuroxa-500mg tab",,د — غير محدد,"دفعة واحدة خارج نافذة البدايات",1,"2026-07-26:4@5750",5750,
852510005668,"Vitamin C vita ground 500mg tab",,د — غير محدد,"دفعة واحدة خارج نافذة البدايات",1,"2026-07-26:1@16895",16895,
3059944020701,"veet strip",,د — غير محدد,"دفعة واحدة خارج نافذة البدايات",1,"2026-07-26:5@4386",4386,
311845171054,"NAC 500mg",,د — غير محدد,"دفعة واحدة خارج نافذة البدايات",1,"2026-07-27:1@29400",29400,
4569632586321,"Mycoyat supp",,د — غير محدد,"دفعة واحدة خارج نافذة البدايات",1,"2026-07-27:3@1460",1460,
6291103841704,"Nabixium 20mg tab",,د — غير محدد,"دفعة واحدة خارج نافذة البدايات",1,"2026-07-28:2@125",125,
6118000042044,"Mobic 15mg tab",,د — غير محدد,"دفعة واحدة خارج نافذة البدايات",1,"2026-07-28:2@4500",4500,
5944728005952,"Retinarom cap",,د — غير محدد,"دفعة واحدة خارج نافذة البدايات",1,"2026-07-28:2@7277",7277,
Metforal 500mg,"Metforal 500mg",,د — غير محدد,"دفعة واحدة خارج نافذة البدايات",1,"2026-07-28:10@834",834,
4260393341524,"cooling patch adult",,د — غير محدد,"دفعة واحدة خارج نافذة البدايات",1,"2026-07-29:10@1600",1600,
4260393341531,"Coling patch ",,د — غير محدد,"دفعة واحدة خارج نافذة البدايات",1,"2026-07-29:10@1600",1600,
6980100520049,"Dental floss",,د — غير محدد,"دفعة واحدة خارج نافذة البدايات",1,"2026-07-29:24@3680",3680,
*SDI-01EOO003*,"Captosam",,د — غير محدد,"دفعة واحدة خارج نافذة البدايات",1,"2026-07-29:9@391",391,
soolan syrp,"soolan syrp",,د — غير محدد,"دفعة واحدة خارج نافذة البدايات",1,"2026-07-31:2@2195",2195,
فوط مانع تعرق,"0",,د — غير محدد,"دفعة واحدة خارج نافذة البدايات",1,"2026-07-31:2@1235",1235,
087614018546,"nac  swason ",,د — غير محدد,"دفعة واحدة خارج نافذة البدايات",1,"2026-07-31:1@34760",34760,
087614112510,"C_1000",,د — غير محدد,"دفعة واحدة خارج نافذة البدايات",1,"2026-07-31:1@14135",14135,
4014009356903,"delay spray",,د — غير محدد,"دفعة واحدة خارج نافذة البدايات",1,"2026-07-31:2@2660",2660,
4014009357030,"delay spray",,د — غير محدد,"دفعة واحدة خارج نافذة البدايات",1,"2026-07-31:1@2660",2660,
5000158107540,"strepsils  hony&lemon ",,د — غير محدد,"دفعة واحدة خارج نافذة البدايات",1,"2026-07-31:16@3402",3402,
5000158106130,"strepsils strawberry ",,د — غير محدد,"دفعة واحدة خارج نافذة البدايات",1,"2026-07-31:16@2414",2414,
2f6a5c2267bf018c23296c58f2da1bd22cc1c193a7391d89ddb2d47b4a77375ba61a69ae44578cf7,"claritine 10mg tab",,د — غير محدد,"دفعة واحدة خارج نافذة البدايات",1,"2026-07-31:2@5706",5706,
a8ea734e8b9e1996ff26dc985fbe0882c864c12e626032a3d064837b1797a7f7c899c0083d404b98,"Panadol Sinus",,د — غير محدد,"دفعة واحدة خارج نافذة البدايات",1,"2026-07-31:10@2568",2568,
6920354812859,"Colgate معجون اسنان اطفال",,د — غير محدد,"دفعة واحدة خارج نافذة البدايات",1,"2026-08-01:5@960",960,
8718951350885,"Colgate charcoal toothpaste",,د — غير محدد,"دفعة واحدة خارج نافذة البدايات",1,"2026-08-01:2@2750",2750,
8718951291010,"Colgate max fresh toothpaste blue",,د — غير محدد,"دفعة واحدة خارج نافذة البدايات",1,"2026-08-01:4@1500",1500,
8718951289987,"Colgate max fresh toothpaste red",,د — غير محدد,"دفعة واحدة خارج نافذة البدايات",1,"2026-08-01:2@1500",1500,
6920354824845,"Colgate max white toothpaste",,د — غير محدد,"دفعة واحدة خارج نافذة البدايات",1,"2026-08-01:4@1500",1500,
8850002807440,"Kodomo بودرة اطفال عطر",,د — غير محدد,"دفعة واحدة خارج نافذة البدايات",1,"2026-08-01:5@1450",1450,
9644488555563,"Aswarfocen ointment",,د — غير محدد,"دفعة واحدة خارج نافذة البدايات",1,"2026-08-01:10@1375",1375,
6251875000747,"Valsart 80mg tab",,د — غير محدد,"دفعة واحدة خارج نافذة البدايات",1,"2026-08-01:4@2538",2538,
9556564883531,"Carex flavours condom",,د — غير محدد,"دفعة واحدة خارج نافذة البدايات",1,"2026-08-01:1@2530",2530,
6291103730701,"Atorlip 40mg",,د — غير محدد,"دفعة واحدة خارج نافذة البدايات",1,"2026-08-01:3@5113",5113,
6251870085039,"Edrak 10mg tab",,د — غير محدد,"دفعة واحدة خارج نافذة البدايات",1,"2026-08-01:2@12407",12407,
3600541729711,"Garnier micellar water",,د — غير محدد,"دفعة واحدة خارج نافذة البدايات",1,"2026-08-01:2@5985",5985,
3574661303925,"Listerine total carw",,د — غير محدد,"دفعة واحدة خارج نافذة البدايات",1,"2026-08-01:1@2505",2505,
964202103283,"Fucidec acid",,د — غير محدد,"دفعة واحدة خارج نافذة البدايات",1,"2026-08-01:10@1410",1410,
flamozeen-d,"Flamozeen-D cream",,د — غير محدد,"دفعة واحدة خارج نافذة البدايات",1,"2026-08-01:4@1096",1096,
6251875001836,"Valsart plus 160/12.5",,د — غير محدد,"دفعة واحدة خارج نافذة البدايات",1,"2026-08-01:4@3303",3303,
3594456600305,"Coversyl 5mg tab",,د — غير محدد,"دفعة واحدة خارج نافذة البدايات",1,"2026-08-02:2@7461",7461,
6251651002095,"Acne-off 0.025% cream",,د — غير محدد,"دفعة واحدة خارج نافذة البدايات",1,"2026-08-02:2@2640",2640,
Septrin syr,"Septrin syr",,د — غير محدد,"دفعة واحدة خارج نافذة البدايات",1,"2026-08-02:2@7374",7374,
4010439211430,"Lacalute aktiv toothpaste",,د — غير محدد,"دفعة واحدة خارج نافذة البدايات",1,"2026-08-02:3@5445",5445,
8964003535025,"Savesto 200mg",,د — غير محدد,"دفعة واحدة خارج نافذة البدايات",1,"2026-08-02:4@10908",10908,
5944728006812,"Aciclorom 250mg vial",,د — غير محدد,"دفعة واحدة خارج نافذة البدايات",1,"2026-08-02:1@10080",10080,
3500180012017,"Reyabal co. tab",,د — غير محدد,"دفعة واحدة خارج نافذة البدايات",1,"2026-08-02:4@1000",1000,
3664798006117,"Cordarone 200mg tab",,د — غير محدد,"دفعة واحدة خارج نافذة البدايات",1,"2026-08-02:2@5420",5420,
6211160041848,"Dupalina asia 135 mg tab",,د — غير محدد,"دفعة واحدة خارج نافذة البدايات",1,"2026-08-02:4@1210",1210,
5091236013204,"colonex tab",,د — غير محدد,"دفعة واحدة خارج نافذة البدايات",1,"2026-08-03:10@6370",6370,
8033011160106,"Sideral tab",,د — غير محدد,"دفعة واحدة خارج نافذة البدايات",1,"2026-08-03:3@7840",7840,
8906063987246,"Hyzoxin-10",,د — غير محدد,"دفعة واحدة خارج نافذة البدايات",1,"2026-08-03:6@1192",1192,
5060068552014,"Cotton Buds ",,د — غير محدد,"دفعة واحدة خارج نافذة البدايات",1,"2026-08-03:6@1775",1775,
6260623331163,"Kapoot choco sensitive condom",,د — غير محدد,"دفعة واحدة خارج نافذة البدايات",1,"2026-08-03:2@2940",2940,
6260623331002,"Kapoot classic lubricated condoms",,د — غير محدد,"دفعة واحدة خارج نافذة البدايات",1,"2026-08-03:2@2940",2940,
6260623331101,"Kapoot viagris delay condoms",,د — غير محدد,"دفعة واحدة خارج نافذة البدايات",1,"2026-08-03:2@2940",2940,
6223002146215,"Kerella lotion",,د — غير محدد,"دفعة واحدة خارج نافذة البدايات",1,"2026-08-03:2@2630",2630,
8712561485548,"Vasaline hands and nails",,د — غير محدد,"دفعة واحدة خارج نافذة البدايات",1,"2026-08-03:3@3600",3600,
6251991000256,"MELATON 5MG tab",,د — غير محدد,"دفعة واحدة خارج نافذة البدايات",1,"2026-08-03:6@2926",2926,
6972947346142,"Aloe Vera gel 300mg",,د — غير محدد,"دفعة واحدة خارج نافذة البدايات",1,"2026-08-03:3@1590",1590,
Acretin 0.025% cream,"Acretin 0.025% cream",,د — غير محدد,"دفعة واحدة خارج نافذة البدايات",1,"2026-08-03:2@3512",3512,
5021265254477,"ultra cranberry tab",,د — غير محدد,"دفعة واحدة خارج نافذة البدايات",1,"2026-08-04:4@5322",5322,
6291100080953,"scopinal 10mg 20tab JULPHAR",,د — غير محدد,"دفعة واحدة خارج نافذة البدايات",1,"2026-08-04:3@1900",1900,
8710103868453,"Avent anti-colic رضاعه مزدوج 260 ml",,د — غير محدد,"دفعة واحدة خارج نافذة البدايات",1,"2026-08-04:2@10325",10325,
8720689012188,"رضاعة زجاجAvent",,د — غير محدد,"دفعة واحدة خارج نافذة البدايات",1,"2026-08-04:1@16229",16229,
8720689011747,"Avent natural response رضاعه",,د — غير محدد,"دفعة واحدة خارج نافذة البدايات",1,"2026-08-04:2@14160",14160,
6291103730244,"Glovit cap",,د — غير محدد,"دفعة واحدة خارج نافذة البدايات",1,"2026-08-04:6@3950",3950,
8710103985129,"حلمة ممة Avent Natural response  3 نقط",,د — غير محدد,"دفعة واحدة خارج نافذة البدايات",1,"2026-08-04:4@4100",4100,
5012654110276,"Corn Caps",,د — غير محدد,"دفعة واحدة خارج نافذة البدايات",1,"2026-08-04:5@600",600,
6945449315374,"زنجيل ملهية fish",,د — غير محدد,"دفعة واحدة خارج نافذة البدايات",1,"2026-08-04:5@1400",1400,
3805690532186,"Fexovas 180mg",,د — غير محدد,"دفعة واحدة خارج نافذة البدايات",1,"2026-08-04:6@2750",2750,
6972480970071,"Carex condom",,د — غير محدد,"دفعة واحدة خارج نافذة البدايات",1,"2026-08-04:15@990",990,
5060409580959,"Nutrigen IQ syr.",,د — غير محدد,"دفعة واحدة خارج نافذة البدايات",1,"2026-08-04:1@15300",15300,
6921756490577,"شرائح on call plus",,د — غير محدد,"دفعة واحدة خارج نافذة البدايات",1,"2026-08-05:5@4790",4790,
6954267103087,"فرشاة اسنان",,د — غير محدد,"دفعة واحدة خارج نافذة البدايات",1,"2026-08-05:12@192",192,
5291171000196,"Fluxil 20mg ",,د — غير محدد,"دفعة واحدة خارج نافذة البدايات",1,"2026-08-05:3@2583",2583,
300651418392,"tears naturale eye drop",,د — غير محدد,"دفعة واحدة خارج نافذة البدايات",1,"2026-08-05:2@8200",8200,
6211170027665,"Retane 20mg tab",,د — غير محدد,"دفعة واحدة خارج نافذة البدايات",1,"2026-08-05:5@3852",3852,
5901643176006,"Dermedic antipersprent roll-on",,د — غير محدد,"دفعة واحدة خارج نافذة البدايات",1,"2026-08-05:2@9558",9558,
6251151001895,"Apisal menthol nasal spray",,د — غير محدد,"دفعة واحدة خارج نافذة البدايات",1,"2026-08-05:4@3510",3510,
6291100081301,"Risek 40mg cap",,د — غير محدد,"دفعة واحدة خارج نافذة البدايات",1,"2026-08-05:1@6803",6803,
6251653370208,"Scolta 10mg",,د — غير محدد,"دفعة واحدة خارج نافذة البدايات",1,"2026-08-05:3@2853",2853,
5283023302169,"Silastic underpads",,د — غير محدد,"دفعة واحدة خارج نافذة البدايات",1,"2026-08-05:1@15000",15000,
6211371015331,"Viramed 20g cream.medeco syria",,د — غير محدد,"دفعة واحدة خارج نافذة البدايات",1,"2026-08-05:2@3900",3900,
5901643174170,"capilatre dermodic",,د — غير محدد,"دفعة واحدة خارج نافذة البدايات",1,"2026-08-05:1@12938",12938,
5060058590644,"anchor clove power toothpaste",,د — غير محدد,"دفعة واحدة خارج نافذة البدايات",1,"2026-08-05:2@1303",1303,
8697711701009,"Bio balance facial cleansing gel",,د — غير محدد,"دفعة واحدة خارج نافذة البدايات",1,"2026-08-05:1@11936",11936,
4016369561966,"Lacalut multi effect plus toothpaste",,د — غير محدد,"دفعة واحدة خارج نافذة البدايات",1,"2026-08-05:1@7669",7669,
4016369546246,"Lacalut multi-effect",,د — غير محدد,"دفعة واحدة خارج نافذة البدايات",1,"2026-08-05:1@7984",7984,
8905013000073,"Hyzoxin-25",,د — غير محدد,"دفعة واحدة خارج نافذة البدايات",1,"2026-08-05:6@1350",1350,
9008732006759,"thrombo ass 100mg 30tab.",,د — غير محدد,"دفعة واحدة خارج نافذة البدايات",1,"2026-08-05:12@914",914,
749921062604,"تروبيكانا سلم ستيفيا اصفر 100 مغلف",,د — غير محدد,"دفعة واحدة خارج نافذة البدايات",1,"2026-08-05:1@7429",7429,
4030571003854,"Recugel",,د — غير محدد,"دفعة واحدة خارج نافذة البدايات",1,"2026-08-05:1@13000",13000,
6285095004612,"Avogain 2% solution",,د — غير محدد,"دفعة واحدة خارج نافذة البدايات",1,"2026-08-05:2@6495",6495,
5022496181501,"Dabur herbil ",,د — غير محدد,"دفعة واحدة خارج نافذة البدايات",1,"2026-08-05:2@1752",1752,
6972865710346,"فرشاة اسنان goodaete",,د — غير محدد,"دفعة واحدة خارج نافذة البدايات",1,"2026-08-05:12@475",475,
5060064173381,"Neomercazole 5mg",,د — غير محدد,"دفعة واحدة خارج نافذة البدايات",1,"2026-08-05:2@18975",18975,
cerazette tab,"cerazette tab",,د — غير محدد,"دفعة واحدة خارج نافذة البدايات",1,"2026-08-06:2@7572",7572,
8964003535315,"Razodex 60mg",,د — غير محدد,"دفعة واحدة خارج نافذة البدايات",1,"2026-08-06:6@4950",4950,
5281018000014,"Beesline lip care",,د — غير محدد,"دفعة واحدة خارج نافذة البدايات",1,"2026-08-06:1@2655",2655,
8053259620637,"FloraCyst ",,د — غير محدد,"دفعة واحدة خارج نافذة البدايات",1,"2026-08-07:8@1330",1330,
5281018090596,"Beesline lip care",,د — غير محدد,"دفعة واحدة خارج نافذة البدايات",1,"2026-08-07:4@1728",1728,
4103040017116,"seba med lip care",,د — غير محدد,"دفعة واحدة خارج نافذة البدايات",1,"2026-08-07:2@4080",4080,
8901111051351,"Lastavin HTZ 160/12.5MG 30tab",,د — غير محدد,"دفعة واحدة خارج نافذة البدايات",1,"2026-08-08:6@2194",2194,
8901111074275,"Ralef 60mg",,د — غير محدد,"دفعة واحدة خارج نافذة البدايات",1,"2026-08-08:2@3512",3512,
016185128958,"كولاجين كبسول نيو سيل",,د — غير محدد,"دفعة واحدة خارج نافذة البدايات",1,"2026-08-08:1@29190",29190,
8684543715205,"vita  b12",,د — غير محدد,"دفعة واحدة خارج نافذة البدايات",1,"2026-08-08:10@1604",1604,
087614026725,"K2",,د — غير محدد,"دفعة واحدة خارج نافذة البدايات",1,"2026-08-08:1@20750",20750,
Nexquin,"Nexquin 500mg",,د — غير محدد,"دفعة واحدة خارج نافذة البدايات",1,"2026-08-08:5@7461",7461,
8809416470009,"Cosrx Advanced snail 96",,د — غير محدد,"دفعة واحدة خارج نافذة البدايات",1,"2026-08-09:1@13000",13000,
3760095250182,"ACM novophane شامبو ضد القشرة",,د — غير محدد,"دفعة واحدة خارج نافذة البدايات",1,"2026-08-09:1@18935",18935,
6223013530287,"Parodontax غرغرة",,د — غير محدد,"دفعة واحدة خارج نافذة البدايات",1,"2026-08-09:1@7030",7030,
3337871311292,"Vichy Dercos شامبو ضد تساقط الشعر",,د — غير محدد,"دفعة واحدة خارج نافذة البدايات",1,"2026-08-09:1@23000",23000,
5999895677266,"Zalan tab",,د — غير محدد,"دفعة واحدة خارج نافذة البدايات",1,"2026-08-09:9@4203",4203,
Berberine 500mg GOLD,"Berberine 500mg GOLD",,د — غير محدد,"دفعة واحدة خارج نافذة البدايات",1,"2026-08-09:1@27010",27010,
7795337900361,"Mio virobron",,د — غير محدد,"دفعة واحدة خارج نافذة البدايات",1,"2026-08-09:4@10920",10920,
063935016232,"Calcium plus 600mg ",,د — غير محدد,"دفعة واحدة خارج نافذة البدايات",1,"2026-08-09:1@10840",10840,
063935013996,"Fiber Plus",,د — غير محدد,"دفعة واحدة خارج نافذة البدايات",1,"2026-08-09:1@11248",11248,
6251107427069,"Gizlan Duo 300/5",,د — غير محدد,"دفعة واحدة خارج نافذة البدايات",1,"2026-08-09:3@3657",3657,
4031571075537,"Ibuprofen Denk 600mg",,د — غير محدد,"دفعة واحدة خارج نافذة البدايات",1,"2026-08-09:6@3292",3292,
janumet 50\1000,"janumet 50\1000",,د — غير محدد,"دفعة واحدة خارج نافذة البدايات",1,"2026-08-09:16@4422",4422,
 Norvasc 5mg," Norvasc 5mg",,د — غير محدد,"دفعة واحدة خارج نافذة البدايات",1,"2026-08-09:3@3845",3845,
8853976008059,"DR.james Acne and freckle soap",,د — غير محدد,"دفعة واحدة خارج نافذة البدايات",1,"2026-08-09:6@987",987,
300652439334,"Systane Ultra",,د — غير محدد,"دفعة واحدة خارج نافذة البدايات",1,"2026-08-09:1@17876",17876,
berberine 1000,"Berberine 1000mg",,د — غير محدد,"دفعة واحدة خارج نافذة البدايات",1,"2026-08-09:1@35450",35450,
676194992294,"Bio-Cal 600+D3 tab",,د — غير محدد,"دفعة واحدة خارج نافذة البدايات",1,"2026-08-09:1@15862",15862,
6223005180131,"Fermed 100mg/5ml",,د — غير محدد,"دفعة واحدة خارج نافذة البدايات",1,"2026-08-09:5@2863",2863,
8680097040206,"Tounge depressor ",,د — غير محدد,"دفعة واحدة خارج نافذة البدايات",1,"2026-08-09:4@1111",1111,
Progeva 200mg supp&tab,"Progeva 200mg supp&tab",,د — غير محدد,"دفعة واحدة خارج نافذة البدايات",1,"2026-08-09:3@16361",16361,
8901111085448,"Amikacin inj. 500mg",,د — غير محدد,"دفعة واحدة خارج نافذة البدايات",1,"2026-08-09:10@1343",1343,
Fucicot,"Fucicot cream ",,د — غير محدد,"دفعة واحدة خارج نافذة البدايات",1,"2026-08-09:15@1334",1334,
6251651001692,"Fusicure 20g cream",,د — غير محدد,"دفعة واحدة خارج نافذة البدايات",1,"2026-08-09:10@1980",1980,
6221045999935,"Otrivin nasal drops adult",,د — غير محدد,"دفعة واحدة خارج نافذة البدايات",1,"2026-08-10:2@2850",2850,
8699808010056,"Euthyrox 150mg ",,د — غير محدد,"دفعة واحدة خارج نافذة البدايات",1,"2026-08-10:6@4713",4713,
8699808010070,"Euthyrox 75mg",,د — غير محدد,"دفعة واحدة خارج نافذة البدايات",1,"2026-08-10:6@4550",4550,
6223003990602,"Flagyl 500mg 20tab $",,د — غير محدد,"دفعة واحدة خارج نافذة البدايات",1,"2026-08-10:10@2375",2375,
optipred,"Optiiperd",,د — غير محدد,"دفعة واحدة خارج نافذة البدايات",1,"2026-08-10:1@1670",1670,
5056129103578,"Vitamine c 1000mg Organic",,د — غير محدد,"دفعة واحدة خارج نافذة البدايات",1,"2026-08-10:1@10500",10500,
8806717068324,"vancomycin vial 500mg",,د — غير محدد,"دفعة واحدة خارج نافذة البدايات",1,"2026-08-10:10@2906",2906,
5065014101933,"Vitamine c 1000mg movx",,د — غير محدد,"دفعة واحدة خارج نافذة البدايات",1,"2026-08-10:1@12600",12600,
6286740000584,"Corega adhesive cream",,د — غير محدد,"دفعة واحدة خارج نافذة البدايات",1,"2026-08-10:6@4918",4918,
7640153082053,"Ortacta 10mg",,د — غير محدد,"دفعة واحدة خارج نافذة البدايات",1,"2026-08-10:4@24136",24136,
152072201102018,"Xylocane 2% gel",,د — غير محدد,"دفعة واحدة خارج نافذة البدايات",1,"2026-08-11:5@3850",3850,
8002140037559,"capitano sensitive",,د — غير محدد,"دفعة واحدة خارج نافذة البدايات",1,"2026-08-11:2@8510",8510,
8680923346144,"dr.clinic prebiotic cream ",,د — غير محدد,"دفعة واحدة خارج نافذة البدايات",1,"2026-08-11:1@10530",10530,
6224000911553,"Socare cream",,د — غير محدد,"دفعة واحدة خارج نافذة البدايات",1,"2026-08-11:5@2166",2166,
6251653060208,"Anginet 160mg",,د — غير محدد,"دفعة واحدة خارج نافذة البدايات",1,"2026-08-11:3@3292",3292,
685867962809,"CYPRODINE  sy",,د — غير محدد,"دفعة واحدة خارج نافذة البدايات",1,"2026-08-11:10@990",990,
685867962854,"Flagimel sy",,د — غير محدد,"دفعة واحدة خارج نافذة البدايات",1,"2026-08-11:10@1320",1320,
3400930249710,"Enerdy 200,00 IU amp",,د — غير محدد,"دفعة واحدة خارج نافذة البدايات",1,"2026-08-12:5@2630",2630,
8850002804890,"Kodomo  غسول ملابس اطفال",,د — غير محدد,"دفعة واحدة خارج نافذة البدايات",1,"2026-08-12:6@5420",5420,
8852961013221,"Play Boy condom",,د — غير محدد,"دفعة واحدة خارج نافذة البدايات",1,"2026-08-12:2@3889",3889,
8852961013306,"Playboy condom prolonged play",,د — غير محدد,"دفعة واحدة خارج نافذة البدايات",1,"2026-08-12:2@3889",3889,
8852961013238,"playboy studded pleasure",,د — غير محدد,"دفعة واحدة خارج نافذة البدايات",1,"2026-08-12:2@3889",3889,
6291100080014,"Adol 125mg syr",,د — غير محدد,"دفعة واحدة خارج نافذة البدايات",1,"2026-08-13:5@4500",4500,
4260297474991,"Irovit drops",,د — غير محدد,"دفعة واحدة خارج نافذة البدايات",1,"2026-08-13:2@7460",7460,
8033219751717,"Rino calyptol nasal spray",,د — غير محدد,"دفعة واحدة خارج نافذة البدايات",1,"2026-08-13:2@6370",6370,
7540257002462,"Olania ODT 10mg",,د — غير محدد,"دفعة واحدة خارج نافذة البدايات",1,"2026-08-13:9@3657",3657,
6251106804960,"Revma 15mg",,د — غير محدد,"دفعة واحدة خارج نافذة البدايات",1,"2026-08-13:4@7445",7445,
3059944025102,"VEET SENSTIVE 20WAX STRIPS BODY&LEGS",,د — غير محدد,"دفعة واحدة خارج نافذة البدايات",1,"2026-08-13:4@4126",4126,
6281080006494,"Tilax 2mg",,د — غير محدد,"دفعة واحدة خارج نافذة البدايات",1,"2026-08-13:3@2377",2377,
6281080006500,"Tilax 4mg",,د — غير محدد,"دفعة واحدة خارج نافذة البدايات",1,"2026-08-13:3@3109",3109,
Dibase 300000Iu,"Dibase 300000Iu",,د — غير محدد,"دفعة واحدة خارج نافذة البدايات",1,"2026-08-13:2@4663",4663,
3808022679306,"Fexovas 120mg",,د — غير محدد,"دفعة واحدة خارج نافذة البدايات",1,"2026-08-13:4@2698",2698,
6251151001017,"Tobrason eye ointment",,د — غير محدد,"دفعة واحدة خارج نافذة البدايات",1,"2026-08-13:10@4391",4391,
Ferplex 40mg oral vial,"Ferplex 40mg oral vial",,د — غير محدد,"دفعة واحدة خارج نافذة البدايات",1,"2026-08-15:20@1636",1636,
8906176620870,"Panol Extra",,د — غير محدد,"دفعة واحدة خارج نافذة البدايات",1,"2026-08-15:4@928",928,
8906176620887,"Panol night ",,د — غير محدد,"دفعة واحدة خارج نافذة البدايات",1,"2026-08-15:4@928",928,
8683845774620,"Monticomb ",,د — غير محدد,"دفعة واحدة خارج نافذة البدايات",1,"2026-08-15:3@4983",4983,
4016369546840,"Lacalut aktiv gentle white toothpaste",,د — غير محدد,"دفعة واحدة خارج نافذة البدايات",1,"2026-08-15:2@7870",7870,
4016369546062,"Lacalut aktiv sensitivity toothpaste",,د — غير محدد,"دفعة واحدة خارج نافذة البدايات",1,"2026-08-15:3@7870",7870,
3582910076360,"Tritace 5mg",,د — غير محدد,"دفعة واحدة خارج نافذة البدايات",1,"2026-08-15:2@9165",9165,
10001783,"Ceftriaxone BP I.M 1g",,د — غير محدد,"دفعة واحدة خارج نافذة البدايات",1,"2026-08-15:22@3490",3490,
7611272001799,"Peral sachets",,د — غير محدد,"دفعة واحدة خارج نافذة البدايات",1,"2026-08-15:56@657",657,
900682400016,"Zinc caster oil ointment",,د — غير محدد,"دفعة واحدة خارج نافذة البدايات",1,"2026-08-15:10@1089",1089,
8901086260208,"Zecuf lozenges strawberry",,د — غير محدد,"دفعة واحدة خارج نافذة البدايات",1,"2026-08-15:1@1097",1097,
93eb33463846531d132b4db3a595c50ecc959b5148c0b34501d8b455d91c1340f50dabf2fb110223,"Aylide 1mg",,د — غير محدد,"دفعة واحدة خارج نافذة البدايات",1,"2026-08-15:2@1756",1756,
8901138140625,"Mentat syr",,د — غير محدد,"دفعة واحدة خارج نافذة البدايات",1,"2026-08-15:1@8778",8778,
8684543713133,"Avoxia 120 tab",,د — غير محدد,"دفعة واحدة خارج نافذة البدايات",1,"2026-08-16:2@8620",8620,
6213131979877,"Soft skin",,د — غير محدد,"دفعة واحدة خارج نافذة البدايات",1,"2026-08-16:12@950",950,
6251148010626,"Magnacef-400mg",,د — غير محدد,"دفعة واحدة خارج نافذة البدايات",1,"2026-08-16:15@2194",2194,
3337871330262,"Vichy Dercos anti dandruff shampoo",,د — غير محدد,"دفعة واحدة خارج نافذة البدايات",1,"2026-08-16:1@17500",17500,
6215587786115,"Lido spray",,د — غير محدد,"دفعة واحدة خارج نافذة البدايات",1,"2026-08-17:6@2250",2250,
3661434005862,"Uriage gel surgras 500ml cleanser",,د — غير محدد,"دفعة واحدة خارج نافذة البدايات",1,"2026-08-17:1@31250",31250,
6211361013057,"Laxamid 5 supp.",,د — غير محدد,"دفعة واحدة خارج نافذة البدايات",1,"2026-08-17:20@2000",2000,
5061003690266,"Colocure-elka",,د — غير محدد,"دفعة واحدة خارج نافذة البدايات",1,"2026-08-17:30@2283",2283,
5055565788967,"Glyceryl Trinitrate 500mcg ",,د — غير محدد,"دفعة واحدة خارج نافذة البدايات",1,"2026-08-17:2@10635",10635,
8680881094064,"Alatab 600mg",,د — غير محدد,"دفعة واحدة خارج نافذة البدايات",1,"2026-08-17:6@3817",3817,
5285007350548,"Nystacodain cream",,د — غير محدد,"دفعة واحدة خارج نافذة البدايات",1,"2026-08-17:10@1452",1452,
3600542368094,"Garnier micellar water",,د — غير محدد,"دفعة واحدة خارج نافذة البدايات",1,"2026-08-17:3@5985",5985,
3574661287263,"Neutrogena 50ml gel",,د — غير محدد,"دفعة واحدة خارج نافذة البدايات",1,"2026-08-17:1@8000",8000,
sumo oint,"sumo oint",,د — غير محدد,"دفعة واحدة خارج نافذة البدايات",1,"2026-08-18:1@6500",6500,
6251875000488,"Laritin 100ml syr",,د — غير محدد,"دفعة واحدة خارج نافذة البدايات",1,"2026-08-18:5@1310",1310,
Ceftazidime Bp iv,"Ceftazidime Bp iv",,د — غير محدد,"دفعة واحدة خارج نافذة البدايات",1,"2026-08-18:10@5047",5047,
Sumo oint,"Sumo oint",,د — غير محدد,"دفعة واحدة خارج نافذة البدايات",1,"2026-08-18:2@6583",6583,
8053259620613,"OmiVit",,د — غير محدد,"دفعة واحدة خارج نافذة البدايات",1,"2026-08-19:2@4390",4390,
8684457070131,"لافندر شامبو زيت الكيراتين",,د — غير محدد,"دفعة واحدة خارج نافذة البدايات",1,"2026-08-19:1@7530",7530,
8684457070032,"Lavander Honey and propolis shampoo",,د — غير محدد,"دفعة واحدة خارج نافذة البدايات",1,"2026-08-19:1@7400",7400,
8684457070148,"Lavander shampoo peppermint",,د — غير محدد,"دفعة واحدة خارج نافذة البدايات",1,"2026-08-19:1@7530",7530,
8684457070025,"Lavander shampoo eggs",,د — غير محدد,"دفعة واحدة خارج نافذة البدايات",1,"2026-08-19:1@7400",7400,
8684457070063,"Lavander shampoo tar",,د — غير محدد,"دفعة واحدة خارج نافذة البدايات",1,"2026-08-19:1@7530",7530,
8684457070124,"شامبو لافندر جذر الجنسنغ",,د — غير محدد,"دفعة واحدة خارج نافذة البدايات",1,"2026-08-19:1@7400",7400,
8684457070117,"Lavander shampoo pomegranante peel",,د — غير محدد,"دفعة واحدة خارج نافذة البدايات",1,"2026-08-19:1@7400",7400,
8684457070094,"Lavander shampoo garlic",,د — غير محدد,"دفعة واحدة خارج نافذة البدايات",1,"2026-08-19:1@7530",7530,
8719244902323,"Exsartz",,د — غير محدد,"دفعة واحدة خارج نافذة البدايات",1,"2026-08-20:3@4917",4917,
5993589507570,"Marcell",,د — غير محدد,"دفعة واحدة خارج نافذة البدايات",1,"2026-08-20:2@6638",6638,
8809536357020,"Fresh care سائل عدسات",,د — غير محدد,"دفعة واحدة خارج نافذة البدايات",1,"2026-08-20:4@1870",1870,
6932102110919,"عضاضة اطفال ",,د — غير محدد,"دفعة واحدة خارج نافذة البدايات",1,"2026-08-22:1@2720",2720,
8888300193507,"Kodomo غسول رضاعه",,د — غير محدد,"دفعة واحدة خارج نافذة البدايات",1,"2026-08-22:4@4410",4410,
Acretin 0.05% cream,"Acretin 0.05% cream",,د — غير محدد,"دفعة واحدة خارج نافذة البدايات",1,"2026-08-22:2@4169",4169,
7791293046631,"Rexona 200ml ",,د — غير محدد,"دفعة واحدة خارج نافذة البدايات",1,"2026-08-22:8@3080",3080,
01076134210539011727063010TYX952110003672684454,"Co-Diovan 160/12.5",,د — غير محدد,"دفعة واحدة خارج نافذة البدايات",1,"2026-08-23:4@9750",9750,
01076134210538881728043010TMRR12110983022536269,"Co-diovan 80/12.5",,د — غير محدد,"دفعة واحدة خارج نافذة البدايات",1,"2026-08-23:4@10675",10675,
900776400014,"Lidocaine ointment 5%",,د — غير محدد,"دفعة واحدة خارج نافذة البدايات",1,"2026-08-24:10@2700",2700,
saridon,"Saridon tab",,د — غير محدد,"دفعة واحدة خارج نافذة البدايات",1,"2026-08-24:5@8650",8650,
6910086182665,"خيط اسنان مائي",,د — غير محدد,"دفعة واحدة خارج نافذة البدايات",1,"2026-08-24:1@17250",17250,
MPI-HIST,"Hisa pollen syr",,د — غير محدد,"دفعة واحدة خارج نافذة البدايات",1,"2026-08-24:12@1100",1100,
0100840149672153211XKRHPPF821728093010NT8427,"Lipitor 80mg tab",,د — غير محدد,"دفعة واحدة خارج نافذة البدايات",1,"2026-08-24:3@10298",10298,
Marvelon,"Marvelon",,د — غير محدد,"دفعة واحدة خارج نافذة البدايات",1,"2026-08-24:2@5222",5222,
6920354833434,"Colgate max fresh toothpaste",,د — غير محدد,"دفعة واحدة خارج نافذة البدايات",1,"2026-08-24:5@2061",2061,
8699153013535,"Elma minoxidil spray 5%",,د — غير محدد,"دفعة واحدة خارج نافذة البدايات",1,"2026-08-24:2@5626",5626,
8420101217039,"Ferro forte sachet",,د — غير محدد,"دفعة واحدة خارج نافذة البدايات",1,"2026-08-25:28@828",828,
964202103269,"Flamozeen_D cream",,د — غير محدد,"دفعة واحدة خارج نافذة البدايات",1,"2026-08-25:10@1260",1260,
6223000011447,"Glycerin sups",,د — غير محدد,"دفعة واحدة خارج نافذة البدايات",1,"2026-08-25:10@3250",3250,
6957855102431,"kodogyl tab",,د — غير محدد,"دفعة واحدة خارج نافذة البدايات",1,"2026-08-25:10@1650",1650,
Esomeprazol vial,"Esomeprazol vial",,د — غير محدد,"دفعة واحدة خارج نافذة البدايات",1,"2026-08-25:10@4500",4500,
8002140037900,"Capitano Baking soda",,د — غير محدد,"دفعة واحدة خارج نافذة البدايات",1,"2026-08-25:3@8639",8639,
8002140037702,"Capitano carbone charcoal",,د — غير محدد,"دفعة واحدة خارج نافذة البدايات",1,"2026-08-25:4@9119",9119,
8002140137105,"Capitano Original",,د — غير محدد,"دفعة واحدة خارج نافذة البدايات",1,"2026-08-25:3@8639",8639,
8002140137600,"Capitano sicily lemon ",,د — غير محدد,"دفعة واحدة خارج نافذة البدايات",1,"2026-08-25:3@8639",8639,
8002140337000,"capitano smoker",,د — غير محدد,"دفعة واحدة خارج نافذة البدايات",1,"2026-08-25:3@8639",8639,
4019338603117,"Allergodil drop",,د — غير محدد,"دفعة واحدة خارج نافذة البدايات",1,"2026-08-25:2@10862",10862,
3800023406219,"aquarelle fresh mint",,د — غير محدد,"دفعة واحدة خارج نافذة البدايات",1,"2026-08-25:3@4379",4379,
3800023406226,"aquarelle herbal phytomix",,د — غير محدد,"دفعة واحدة خارج نافذة البدايات",1,"2026-08-25:3@4379",4379,
8906012841636,"Move felex cream",,د — غير محدد,"دفعة واحدة خارج نافذة البدايات",1,"2026-08-25:6@1249",1249,
600552102650,"WATIX KEYWE",,د — غير محدد,"دفعة واحدة خارج نافذة البدايات",1,"2026-08-25:1@3200",3200,
6297938857743,"WOTIX PECH",,د — غير محدد,"دفعة واحدة خارج نافذة البدايات",1,"2026-08-25:2@6250",6250,
6297938857347,"WOTIX CHOCLATE",,د — غير محدد,"دفعة واحدة خارج نافذة البدايات",1,"2026-08-25:4@6250",6250,
7261895100081,"oPTIMOL COTTON 100MG",,د — غير محدد,"دفعة واحدة خارج نافذة البدايات",1,"2026-08-25:5@1499",1499,
7261895100074,"OPTIMOL COTTON 50MG",,د — غير محدد,"دفعة واحدة خارج نافذة البدايات",1,"2026-08-25:5@859",859,
6251151001703,"Sinocort nasal spray140",,د — غير محدد,"دفعة واحدة خارج نافذة البدايات",1,"2026-08-25:2@7681",7681,
6902024050075,"ture trip اختبار حمل",,د — غير محدد,"دفعة واحدة خارج نافذة البدايات",1,"2026-08-25:36@250",250,
6674452236962,"اعشاب الحضر للرشاقه",,د — غير محدد,"دفعة واحدة خارج نافذة البدايات",1,"2026-08-25:2@3111",3111,
8699525610034," Fusix 1% eye drop",,د — غير محدد,"دفعة واحدة خارج نافذة البدايات",1,"2026-08-25:2@4389",4389,
4009932923858,"pure-3",,د — غير محدد,"دفعة واحدة خارج نافذة البدايات",1,"2026-08-25:3@5645",5645,
3401597431807,"proxeed plus sachet",,د — غير محدد,"دفعة واحدة خارج نافذة البدايات",1,"2026-08-25:30@2453",2453,
749921060761,"ستيفيا  100 ق",,د — غير محدد,"دفعة واحدة خارج نافذة البدايات",1,"2026-08-26:2@14729",14729,
5070631006967,"paraceta-mr 1000",,د — غير محدد,"دفعة واحدة خارج نافذة البدايات",1,"2026-08-26:111@1146",1146,
8435080004747,"Acuaiss 10ml Ultra eyr drop disop",,د — غير محدد,"دفعة واحدة خارج نافذة البدايات",1,"2026-08-26:2@16050",16050,
6221043040097,"Reparil-Gel N",,د — غير محدد,"دفعة واحدة خارج نافذة البدايات",1,"2026-08-26:5@4000",4000,
123,"123tab",,د — غير محدد,"دفعة واحدة خارج نافذة البدايات",1,"2026-08-26:6@1500",1500,
6211272053357,"betacort 2ml amp",,د — غير محدد,"دفعة واحدة خارج نافذة البدايات",1,"2026-08-26:10@1500",1500,
1ea29905d3592202c6fc7eef51caa951eb192f27deb2604def2a3d65d09fd4f2e7829a28ff2f4cd9,"Becozyme amp",,د — غير محدد,"دفعة واحدة خارج نافذة البدايات",1,"2026-08-27:24@983",983,
6291109120469,"panadol advance 500tab haleon",,د — غير محدد,"دفعة واحدة خارج نافذة البدايات",1,"2026-08-27:2@1284",1284,
6221032152701,"E-moxclav 475/5ml",,د — غير محدد,"دفعة واحدة خارج نافذة البدايات",1,"2026-08-27:11@3850",3850,
6224008874881,"Zithrotrac 500mg",,د — غير محدد,"دفعة واحدة خارج نافذة البدايات",1,"2026-08-27:10@1833",1833,
6221032250346,"Epifenac 12.5mg supp",,د — غير محدد,"دفعة واحدة خارج نافذة البدايات",1,"2026-08-27:10@994",994,
61c140c1e5fc77502162b2ce32bfa923b97448722f9526c99065e68f6c254f3e6241657e5aa30aa3,"Sevikar 40/10mg",,د — غير محدد,"دفعة واحدة خارج نافذة البدايات",1,"2026-08-27:2@16139",16139,
6928001837330,"Whitening cream ",,د — غير محدد,"دفعة واحدة خارج نافذة البدايات",1,"2026-08-30:2@2930",2930,
mixtard,"Mixtard 30",,د — غير محدد,"دفعة واحدة خارج نافذة البدايات",1,"2026-08-30:1@16362",16362,
8906056850939,"OVIGIL HP 10000",,د — غير محدد,"دفعة واحدة خارج نافذة البدايات",1,"2026-08-30:1@32500",32500,
5900793010178,"Dermedic Antipersp R",,د — غير محدد,"دفعة واحدة خارج نافذة البدايات",1,"2026-08-30:1@10125",10125,
6211119311879,"gLIFOZIN 25MG TAB",,د — غير محدد,"دفعة واحدة خارج نافذة البدايات",1,"2026-08-30:3@6866",6866,
6260147740809,"Ardene men total ",,د — غير محدد,"دفعة واحدة خارج نافذة البدايات",1,"2026-08-31:1@7250",7250,
3582910077336,"clomid 50 mg tab",,د — غير محدد,"دفعة واحدة خارج نافذة البدايات",1,"2026-08-31:1@8098",8098,
8699569091790,"Combisar 5/160mg",,د — غير محدد,"دفعة واحدة خارج نافذة البدايات",1,"2026-08-31:2@6169",6169,
5903137540140,"vitamin B12 500mcg madamar",,د — غير محدد,"دفعة واحدة خارج نافذة البدايات",1,"2026-08-31:4@2659",2659,
5901643177546,"dermodic sun cream 50",,د — غير محدد,"دفعة واحدة خارج نافذة البدايات",1,"2026-08-31:1@9500",9500,
6251651004075,"Vonza 20mg",,د — غير محدد,"دفعة واحدة خارج نافذة البدايات",1,"2026-08-31:4@5500",5500,
3574661253350,"Listerine green tea mouth wash",,د — غير محدد,"دفعة واحدة خارج نافذة البدايات",1,"2026-08-31:2@2588",2588,
724901012565,"Vitamin B12 1000",,د — غير محدد,"دفعة واحدة خارج نافذة البدايات",1,"2026-08-31:1@11988",11988,
6972204796987,"Menthol vigrs rub",,د — غير محدد,"دفعة واحدة خارج نافذة البدايات",1,"2026-08-31:3@539",539,
6221077091010,"Glycerin- EL Nile supp.",,د — غير محدد,"دفعة واحدة خارج نافذة البدايات",1,"2026-08-31:5@1098",1098,
8964003193041,"ByVas 5mg tab",,د — غير محدد,"دفعة واحدة خارج نافذة البدايات",1,"2026-09-02:4@2929",2929,
4030571004066,"Artelac Advanced  disposable eye drop",,د — غير محدد,"دفعة واحدة خارج نافذة البدايات",1,"2026-09-02:6@4557",4557,
8901117104471,"Urimax 0.4mg cap",,د — غير محدد,"دفعة واحدة خارج نافذة البدايات",1,"2026-09-03:3@1707",1707,
6251107428080,"Deplazen 5mg ",,د — غير محدد,"دفعة واحدة خارج نافذة البدايات",1,"2026-09-03:3@6272",6272,
Estrofem,"Estrofem 2mg",,د — غير محدد,"دفعة واحدة خارج نافذة البدايات",1,"2026-09-03:2@10972",10972,
Omega3 Ag 40softgel,"Omega3 Ag 40softgel",,د — غير محدد,"دفعة واحدة خارج نافذة البدايات",1,"2026-09-04:1@0",0,
0204000612366,"No pain tab",,د — غير محدد,"دفعة واحدة خارج نافذة البدايات",1,"2026-09-05:4@3750",3750,
8720689011624,"AVENT PHILIPS",,د — غير محدد,"دفعة واحدة خارج نافذة البدايات",1,"2026-09-05:1@11500",11500,
3014260285425,"Venus شفرة حلاقة ازرق",,د — غير محدد,"دفعة واحدة خارج نافذة البدايات",1,"2026-09-05:2@8480",8480,
fastum gel,"fastum gel",,د — غير محدد,"دفعة واحدة خارج نافذة البدايات",1,"2026-09-05:5@3885",3885,
Dibase 10000  iu drop,"Dibase 10000  iu drop",,د — غير محدد,"دفعة واحدة خارج نافذة البدايات",1,"2026-09-05:2@7410",7410,
4009932925456,"Kollagen 11000 plus vial",,د — غير محدد,"دفعة واحدة خارج نافذة البدايات",1,"2026-09-05:30@2291",2291,
8680400770622,"Selovita-D3 300,000",,د — غير محدد,"دفعة واحدة خارج نافذة البدايات",1,"2026-09-05:13@1282",1282,
Amikaver,"Amikaver amp",,د — غير محدد,"دفعة واحدة خارج نافذة البدايات",1,"2026-09-05:55@1344",1344,
6251875000136,"Levoneer 500mg tab",,د — غير محدد,"دفعة واحدة خارج نافذة البدايات",1,"2026-09-05:5@5737",5737,
5017007601302,"Sudocrem 250g",,د — غير محدد,"دفعة واحدة خارج نافذة البدايات",1,"2026-09-06:2@13460",13460,
5391189340038,"Triplixam 10mg/2.5/10mg tab",,د — غير محدد,"دفعة واحدة خارج نافذة البدايات",1,"2026-09-06:1@22620",22620,
5060565106239,"Revuele vit.c facial cream",,د — غير محدد,"دفعة واحدة خارج نافذة البدايات",1,"2026-09-06:2@6472",6472,
8680923361611,"Dr.clinic roll-on",,د — غير محدد,"دفعة واحدة خارج نافذة البدايات",1,"2026-09-06:15@5030",5030,
Motilium tab,"Motilium tab",,د — غير محدد,"دفعة واحدة خارج نافذة البدايات",1,"2026-09-06:1@6474",6474,
6251154180016,"Doloraz syrup",,د — غير محدد,"دفعة واحدة خارج نافذة البدايات",1,"2026-09-06:17@2084",2084,
4019338607436,"Reparil-Gel N",,د — غير محدد,"دفعة واحدة خارج نافذة البدايات",1,"2026-09-06:5@5705",5705,
8680923339641,"Dr.clinic Aloe vera gel",,د — غير محدد,"دفعة واحدة خارج نافذة البدايات",1,"2026-09-06:2@6000",6000,
685867962793,"Brufemel syrup",,د — غير محدد,"دفعة واحدة خارج نافذة البدايات",1,"2026-09-07:5@1188",1188,
7c58ee5f6a5d8e0b5ff2e8e9160d1cda7f94c7b8f7d836eeeb48d6c2e2dd7b2f3469c7c744257b9b,"Duspatamel 135mg tab",,د — غير محدد,"دفعة واحدة خارج نافذة البدايات",1,"2026-09-07:30@713",713,
9641983012416,"Ventomel syrup",,د — غير محدد,"دفعة واحدة خارج نافذة البدايات",1,"2026-09-07:5@1056",1056,
8699569010609,"Coronis 12.5mg",,د — غير محدد,"دفعة واحدة خارج نافذة البدايات",1,"2026-09-08:4@2525",2525,
5206892101183,"Sinomarin cold and flu",,د — غير محدد,"دفعة واحدة خارج نافذة البدايات",1,"2026-09-08:1@9936",9936,
MOXIBLAV-312.5-IRAQ,"MOXIblav 312mg sy",,د — غير محدد,"دفعة واحدة خارج نافذة البدايات",1,"2026-09-08:32@2681",2681,
Osetron amp,"Osetron amp",,د — غير محدد,"دفعة واحدة خارج نافذة البدايات",1,"2026-09-08:35@2068",2068,
8699788751710,"Genthaver 80mg amp",,د — غير محدد,"دفعة واحدة خارج نافذة البدايات",1,"2026-09-08:65@456",456,
8699788750324,"Deksamet amp",,د — غير محدد,"دفعة واحدة خارج نافذة البدايات",1,"2026-09-08:10@669",669,
6291103842220,"Empazin-L  10mg/5mg",,د — غير محدد,"دفعة واحدة خارج نافذة البدايات",1,"2026-09-08:4@5750",5750,
8053259620293,"Simal tab",,د — غير محدد,"دفعة واحدة خارج نافذة البدايات",1,"2026-09-08:4@10226",10226,
8901111068892,"Vildaril 50mg",,د — غير محدد,"دفعة واحدة خارج نافذة البدايات",1,"2026-09-08:3@2560",2560,
8901111071427,"Vildaril M 50\1000",,د — غير محدد,"دفعة واحدة خارج نافذة البدايات",1,"2026-09-08:3@2780",2780,
8680199010763,"Bivoxa eye drop",,د — غير محدد,"دفعة واحدة خارج نافذة البدايات",1,"2026-09-08:1@10238",10238,
nasonex spray,"nasonex spray",,د — غير محدد,"دفعة واحدة خارج نافذة البدايات",1,"2026-09-08:2@10973",10973,
Lotevan 5/160,"Lotevan 5/160",,د — غير محدد,"دفعة واحدة خارج نافذة البدايات",1,"2026-09-08:15@4295",4295,
Lotevan 10\160,"Lotevan 10\160",,د — غير محدد,"دفعة واحدة خارج نافذة البدايات",1,"2026-09-08:15@4295",4295,
Arcoxia 120MG,"Arcoxia 120mg tab",,د — غير محدد,"دفعة واحدة خارج نافذة البدايات",1,"2026-09-08:2@7878",7878,
Arcoxia 60mgtab,"Arcoxia 60mgtab",,د — غير محدد,"دفعة واحدة خارج نافذة البدايات",1,"2026-09-08:4@4587",4587,
8682773091021,"The purest Hyaluronic acid serum",,د — غير محدد,"دفعة واحدة خارج نافذة البدايات",1,"2026-09-09:1@18875",18875,
8901111076194,"Nebunta 5mg",,د — غير محدد,"دفعة واحدة خارج نافذة البدايات",1,"2026-09-09:9@1938",1938,
6251065019856,"suprax syrp",,د — غير محدد,"دفعة واحدة خارج نافذة البدايات",1,"2026-09-09:8@5760",5760,
9504000014841,"ParAzar kids syrup 125/5ml",,د — غير محدد,"دفعة واحدة خارج نافذة البدايات",1,"2026-09-09:10@1390",1390,
300652454030,"Systane gel drops",,د — غير محدد,"دفعة واحدة خارج نافذة البدايات",1,"2026-09-09:1@16550",16550,
300651434910,"Systane drop",,د — غير محدد,"دفعة واحدة خارج نافذة البدايات",1,"2026-09-09:2@18060",18060,
6291100760459,"Johnson 125g soap baby",,د — غير محدد,"دفعة واحدة خارج نافذة البدايات",1,"2026-09-09:6@712",712,
3574669909341,"Johnson soap وردي",,د — غير محدد,"دفعة واحدة خارج نافذة البدايات",1,"2026-09-09:6@712",712,
30088719,"Irovone oral vial",,د — غير محدد,"دفعة واحدة خارج نافذة البدايات",1,"2026-09-09:240@1000",1000,
Singulair 5mg,"Singulair 5mg",,د — غير محدد,"دفعة واحدة خارج نافذة البدايات",1,"2026-09-10:4@5982",5982,
3739003874,"Omega3 Ag 40softgel",,د — غير محدد,"دفعة واحدة خارج نافذة البدايات",1,"2026-09-10:6@10973",10973,
Spasmomen tab,"spasmomen tab",,د — غير محدد,"دفعة واحدة خارج نافذة البدايات",1,"2026-09-10:2@3489",3489,
7640180263449,"pentasa 1g supp",,د — غير محدد,"دفعة واحدة خارج نافذة البدايات",1,"2026-09-10:8@17070",17070,
becozyme forte tab,"becozyme forte tab",,د — غير محدد,"دفعة واحدة خارج نافذة البدايات",1,"2026-09-10:10@2315",2315,
5903137541383,"collmejoint madamar collagen",,د — غير محدد,"دفعة واحدة خارج نافذة البدايات",1,"2026-09-10:1@34630",34630,
Melatonin sleep drop,"Melatonin sleep drop",,د — غير محدد,"دفعة واحدة خارج نافذة البدايات",1,"2026-09-10:2@8580",8580,
7321837513406,"Symbicort 160/4.5mcg",,د — غير محدد,"دفعة واحدة خارج نافذة البدايات",1,"2026-09-10:1@47114",47114,
6985765742782,"فازلين وردي",,د — غير محدد,"دفعة واحدة خارج نافذة البدايات",1,"2026-09-10:12@1000",1000,
6251875002628,"Piophage 500mg tab",,د — غير محدد,"دفعة واحدة خارج نافذة البدايات",1,"2026-09-10:2@425",425,
6945449302169,"FISH حلمة بدون ثقب رفيع",,د — غير محدد,"دفعة واحدة خارج نافذة البدايات",1,"2026-09-10:3@900",900,
6945449301247,"منضفه انف ",,د — غير محدد,"دفعة واحدة خارج نافذة البدايات",1,"2026-09-10:2@867",867,
8002140344336,"فرشة اسنان capitano",,د — غير محدد,"دفعة واحدة خارج نافذة البدايات",1,"2026-09-12:8@2250",2250,
8600097413749,"Ticagrex",,د — غير محدد,"دفعة واحدة خارج نافذة البدايات",1,"2026-09-12:4@11586",11586,
6945449315619,"ملهية فواكه اطفال",,د — غير محدد,"دفعة واحدة خارج نافذة البدايات",1,"2026-09-12:3@950",950,
063935018281,"Relaxen night cap",,د — غير محدد,"دفعة واحدة خارج نافذة البدايات",1,"2026-09-12:2@11249",11249,
063935025760,"Relax day",,د — غير محدد,"دفعة واحدة خارج نافذة البدايات",1,"2026-09-12:1@11249",11249,
6253346821486,"Sinus J غسول انف للبالغين",,د — غير محدد,"دفعة واحدة خارج نافذة البدايات",1,"2026-09-14:1@5620",5620,
8683229601023,"Sinus C for kids",,د — غير محدد,"دفعة واحدة خارج نافذة البدايات",1,"2026-09-14:1@5555",5555,
8680881559679,"TIOHALER CAPSAIR 18MCG  30cap.nueutec inhaler",,د — غير محدد,"دفعة واحدة خارج نافذة البدايات",1,"2026-09-14:1@14317",14317,
8680881034053,"Trimax mr 35mg",,د — غير محدد,"دفعة واحدة خارج نافذة البدايات",1,"2026-09-14:2@3424",3424,
8720689012072,"Natural philips avent حلمة ممة",,د — غير محدد,"دفعة واحدة خارج نافذة البدايات",1,"2026-09-14:4@4490",4490,
5060829021735,"Melatonin extra strenght 5mg",,د — غير محدد,"دفعة واحدة خارج نافذة البدايات",1,"2026-09-14:2@11070",11070,
087614014982,"Melatonin 3mg swanson",,د — غير محدد,"دفعة واحدة خارج نافذة البدايات",1,"2026-09-14:1@8960",8960,
6974184075014,"خيط اسنان نكاش dental floss 30pcs",,د — غير محدد,"دفعة واحدة خارج نافذة البدايات",1,"2026-09-16:36@269",269,
6251160040052,"Betixim 400mg",,د — غير محدد,"دفعة واحدة خارج نافذة البدايات",1,"2026-09-16:20@1645",1645,
5060829021810,"Colchicine Wisw 0.5",,د — غير محدد,"دفعة واحدة خارج نافذة البدايات",1,"2026-09-16:3@2683",2683,
8684543710248,"Omega 3.6.9 cap",,د — غير محدد,"دفعة واحدة خارج نافذة البدايات",1,"2026-09-16:6@2547",2547,
6118001151417,"stripsils intesive",,د — غير محدد,"دفعة واحدة خارج نافذة البدايات",1,"2026-09-16:4@2888",2888,
6221508121217,"Azaderm cream",,د — غير محدد,"دفعة واحدة خارج نافذة البدايات",1,"2026-09-16:2@4828",4828,
6291100085804,"Gamavate cream",,د — غير محدد,"دفعة واحدة خارج نافذة البدايات",1,"2026-09-16:4@1538",1538,
6291100781409,"Loflam tab",,د — غير محدد,"دفعة واحدة خارج نافذة البدايات",1,"2026-09-16:2@5267",5267,
4154419638661,"nefopan tab",,د — غير محدد,"دفعة واحدة خارج نافذة البدايات",1,"2026-09-17:30@2500",2500,
6223003992248," Doliprane 1000mg tab",,د — غير محدد,"دفعة واحدة خارج نافذة البدايات",1,"2026-09-17:15@1167",1167,
parokan,"Parokan vial",,د — غير محدد,"دفعة واحدة خارج نافذة البدايات",1,"2026-09-17:12@2194",2194,
6251875002819,"Piodol Cold & flu syr",,د — غير محدد,"دفعة واحدة خارج نافذة البدايات",1,"2026-09-17:13@1038",1038,